NUM_PARTICIO;ID_EMPRESA;ANY_FACTURA;NUM_FACTURA;MOM_SIT_FACT;TIP_SIT_FACT;CAUSA_SIT_FACT
1;AB;2021;1;2021-03-04 08:00:00;00;FC
1;AB;2021;1;2021-03-04 10:00:00;01;EM
1;AB;2021;1;2021-03-05 10:00:00;02;CE
1;AB;2021;1;2021-03-15 10:00:00;03;CO
1;AB;2021;2;2021-04-04 08:00:00;00;FC
1;AB;2021;2;2021-04-04 10:00:00;01;EM
1;AB;2021;2;2021-04-05 10:00:00;02;CE
1;AB;2021;2;2021-04-13 10:00:00;03;CO
1;AB;2021;3;2021-05-04 08:00:00;00;FC
1;AB;2021;3;2021-05-04 10:00:00;01;EM
1;AB;2021;3;2021-05-05 10:00:00;02;CE
1;AB;2021;3;2021-05-14 10:00:00;03;CO
1;AB;2021;4;2021-06-04 08:00:00;00;FC
1;AB;2021;4;2021-06-04 10:00:00;01;EM
1;AB;2021;4;2021-06-05 10:00:00;02;CE
1;AB;2021;4;2021-06-22 10:00:00;03;CO
1;AB;2021;5;2021-07-04 08:00:00;00;FC
1;AB;2021;5;2021-07-04 10:00:00;01;EM
1;AB;2021;5;2021-07-05 10:00:00;02;CE
1;AB;2021;5;2021-07-23 10:00:00;03;CO
1;AB;2021;6;2021-08-04 08:00:00;00;FC
1;AB;2021;6;2021-08-04 10:00:00;01;EM
1;AB;2021;6;2021-08-05 10:00:00;02;CE
1;AB;2021;6;2021-08-20 10:00:00;03;CO
1;AB;2021;7;2021-09-04 08:00:00;00;FC
1;AB;2021;7;2021-09-04 10:00:00;01;EM
1;AB;2021;7;2021-09-05 10:00:00;02;CE
1;AB;2021;7;2021-09-13 10:00:00;03;CO
1;AB;2021;8;2021-10-04 08:00:00;00;FC
1;AB;2021;8;2021-10-04 10:00:00;01;EM
1;AB;2021;8;2021-10-05 10:00:00;02;CE
1;AB;2021;8;2021-10-22 10:00:00;03;CO
1;AB;2021;9;2021-11-04 08:00:00;00;FC
1;AB;2021;9;2021-11-04 10:00:00;01;EM
1;AB;2021;9;2021-11-05 10:00:00;02;CE
1;AB;2021;9;2021-11-26 10:00:00;03;CO
1;AB;2021;10;2021-12-04 08:00:00;00;FC
1;AB;2021;10;2021-12-04 10:00:00;01;EM
1;AB;2021;10;2021-12-05 10:00:00;02;CE
1;AB;2021;10;2021-12-13 10:00:00;03;CO
1;AB;2022;1;2022-01-04 08:00:00;00;FC
1;AB;2022;1;2022-01-04 10:00:00;01;EM
1;AB;2022;1;2022-01-05 10:00:00;02;CE
1;AB;2022;1;2022-01-24 10:00:00;03;CO
1;AB;2022;2;2022-02-04 08:00:00;00;FC
1;AB;2022;2;2022-02-04 10:00:00;01;EM
1;AB;2022;2;2022-02-05 10:00:00;02;CE
1;AB;2022;2;2022-02-12 10:00:00;03;CO
1;AB;2022;3;2022-03-04 08:00:00;00;FC
1;AB;2022;3;2022-03-04 10:00:00;01;EM
1;AB;2022;3;2022-03-05 10:00:00;02;CE
1;AB;2022;3;2022-04-02 10:00:00;03;CO
1;AB;2022;4;2022-04-04 08:00:00;00;FC
1;AB;2022;4;2022-04-04 10:00:00;01;EM
1;AB;2022;4;2022-04-05 10:00:00;02;CE
1;AB;2022;4;2022-04-15 10:00:00;03;CO
1;AB;2022;5;2022-05-04 08:00:00;00;FC
1;AB;2022;5;2022-05-04 10:00:00;01;EM
1;AB;2022;5;2022-05-05 10:00:00;02;CE
1;AB;2022;5;2022-05-22 10:00:00;03;CO
1;AB;2022;6;2022-06-04 08:00:00;00;FC
1;AB;2022;6;2022-06-04 10:00:00;01;EM
1;AB;2022;6;2022-06-05 10:00:00;02;CE
1;AB;2022;6;2022-07-02 10:00:00;03;CO
1;AB;2022;7;2022-07-04 08:00:00;00;FC
1;AB;2022;7;2022-07-04 10:00:00;01;EM
1;AB;2022;7;2022-07-05 10:00:00;02;CE
1;AB;2022;7;2022-07-20 10:00:00;03;CO
1;AB;2022;8;2022-08-04 08:00:00;00;FC
1;AB;2022;8;2022-08-04 10:00:00;01;EM
1;AB;2022;8;2022-08-05 10:00:00;02;CE
1;AB;2022;8;2022-08-22 10:00:00;03;CO
1;AB;2022;9;2022-09-04 08:00:00;00;FC
1;AB;2022;9;2022-09-04 10:00:00;01;EM
1;AB;2022;9;2022-09-05 10:00:00;02;CE
1;AB;2022;9;2022-10-04 10:00:00;03;CO
1;AB;2022;10;2022-10-04 08:00:00;00;FC
1;AB;2022;10;2022-10-04 10:00:00;01;EM
1;AB;2022;10;2022-10-05 10:00:00;02;CE
1;AB;2022;10;2022-10-17 10:00:00;03;CO
1;AB;2022;11;2022-11-04 08:00:00;00;FC
1;AB;2022;11;2022-11-04 10:00:00;01;EM
1;AB;2022;11;2022-11-05 10:00:00;02;CE
1;AB;2022;11;2022-11-17 10:00:00;03;CO
1;AB;2022;12;2022-12-04 08:00:00;00;FC
1;AB;2022;12;2022-12-04 10:00:00;01;EM
1;AB;2022;12;2022-12-05 10:00:00;02;CE
1;AB;2022;12;2022-12-15 10:00:00;03;CO
1;AB;2023;1;2023-01-04 08:00:00;00;FC
1;AB;2023;1;2023-01-04 10:00:00;01;EM
1;AB;2023;1;2023-01-05 10:00:00;02;CE
1;AB;2023;1;2023-01-24 10:00:00;03;CO
1;AB;2023;2;2023-02-04 08:00:00;00;FC
1;AB;2023;2;2023-02-04 10:00:00;01;EM
1;AB;2023;2;2023-02-05 10:00:00;02;CE
1;AB;2023;2;2023-02-28 10:00:00;03;CO
1;AB;2023;3;2023-03-04 08:00:00;00;FC
1;AB;2023;3;2023-03-04 10:00:00;01;EM
1;AB;2023;3;2023-03-05 10:00:00;02;CE
1;AB;2023;3;2023-03-28 10:00:00;03;CO
1;AB;2023;4;2023-04-04 08:00:00;00;FC
1;AB;2023;4;2023-04-04 10:00:00;01;EM
1;AB;2023;4;2023-04-05 10:00:00;02;CE
1;AB;2023;4;2023-04-16 10:00:00;03;CO
1;AB;2023;5;2023-05-04 08:00:00;00;FC
1;AB;2023;5;2023-05-04 10:00:00;01;EM
1;AB;2023;5;2023-05-05 10:00:00;02;CE
1;AB;2023;5;2023-05-24 10:00:00;03;CO
1;AB;2023;6;2023-06-04 08:00:00;00;FC
1;AB;2023;6;2023-06-04 10:00:00;01;EM
1;AB;2023;6;2023-06-05 10:00:00;02;CE
1;AB;2023;6;2023-06-28 10:00:00;03;CO
1;AB;2023;7;2023-07-04 08:00:00;00;FC
1;AB;2023;7;2023-07-04 10:00:00;01;EM
1;AB;2023;7;2023-07-05 10:00:00;02;CE
1;AB;2023;7;2023-07-11 10:00:00;03;CO
1;AB;2023;8;2023-08-04 08:00:00;00;FC
1;AB;2023;8;2023-08-04 10:00:00;01;EM
1;AB;2023;8;2023-08-05 10:00:00;02;CE
1;AB;2023;8;2023-09-03 10:00:00;03;CO
1;AB;2023;9;2023-09-04 08:00:00;00;FC
1;AB;2023;9;2023-09-04 10:00:00;01;EM
1;AB;2023;9;2023-09-05 10:00:00;02;CE
1;AB;2023;9;2023-09-30 10:00:00;03;CO
1;AB;2023;10;2023-10-04 08:00:00;00;FC
1;AB;2023;10;2023-10-04 10:00:00;01;EM
1;AB;2023;10;2023-10-05 10:00:00;02;CE
1;AB;2023;10;2023-11-01 10:00:00;03;CO
1;AB;2023;11;2023-11-04 08:00:00;00;FC
1;AB;2023;11;2023-11-04 10:00:00;01;EM
1;AB;2023;11;2023-11-05 10:00:00;02;CE
1;AB;2023;11;2023-11-15 10:00:00;03;CO
1;AB;2023;12;2023-12-04 08:00:00;00;FC
1;AB;2023;12;2023-12-04 10:00:00;01;EM
1;AB;2023;12;2023-12-05 10:00:00;02;CE
1;AB;2023;12;2023-12-20 10:00:00;03;CO
1;AB;2024;1;2024-01-04 08:00:00;00;FC
1;AB;2024;1;2024-01-04 10:00:00;01;EM
1;AB;2024;1;2024-01-05 10:00:00;02;CE
1;AB;2024;1;2024-01-13 10:00:00;03;CO
1;AB;2024;2;2024-02-04 08:00:00;00;FC
1;AB;2024;2;2024-02-04 10:00:00;01;EM
1;AB;2024;2;2024-02-05 10:00:00;02;CE
1;AB;2024;2;2024-02-12 10:00:00;03;CO
1;AB;2024;3;2024-03-04 08:00:00;00;FC
1;AB;2024;3;2024-03-04 10:00:00;01;EM
1;AB;2024;3;2024-03-05 10:00:00;02;CE
1;AB;2024;3;2024-03-13 10:00:00;03;CO
1;AB;2024;4;2024-04-04 08:00:00;00;FC
1;AB;2024;4;2024-04-04 10:00:00;01;EM
1;AB;2024;4;2024-04-05 10:00:00;02;CE
1;AB;2024;4;2024-04-19 10:00:00;03;CO
1;AB;2024;5;2024-05-04 08:00:00;00;FC
1;AB;2024;5;2024-05-04 10:00:00;01;EM
1;AB;2024;5;2024-05-05 10:00:00;02;CE
1;AB;2024;5;2024-05-13 10:00:00;03;CO
1;AB;2024;6;2024-06-04 08:00:00;00;FC
1;AB;2024;6;2024-06-04 10:00:00;01;EM
1;AB;2024;6;2024-06-05 10:00:00;02;CE
1;AB;2024;6;2024-06-26 10:00:00;03;CO
1;AB;2024;7;2024-07-04 08:00:00;00;FC
1;AB;2024;7;2024-07-04 10:00:00;01;EM
1;AB;2024;7;2024-07-05 10:00:00;02;CE
1;AB;2024;7;2024-07-20 10:00:00;03;CO
1;AB;2024;8;2024-08-04 08:00:00;00;FC
1;AB;2024;8;2024-08-04 10:00:00;01;EM
1;AB;2024;8;2024-08-05 10:00:00;05;CN
1;AB;2024;9;2024-09-04 08:00:00;00;FC
1;AB;2024;9;2024-09-04 10:00:00;01;EM
1;AB;2024;9;2024-09-05 10:00:00;02;CE
1;AB;2024;9;2024-09-13 10:00:00;03;CO
1;AB;2024;10;2024-10-04 08:00:00;00;FC
1;AB;2024;10;2024-10-04 10:00:00;01;EM
1;AB;2024;10;2024-10-05 10:00:00;02;CE
1;AB;2024;10;2024-11-03 10:00:00;03;CO
1;AB;2024;11;2024-11-04 08:00:00;00;FC
1;AB;2024;11;2024-11-04 10:00:00;01;EM
1;AB;2024;11;2024-11-05 10:00:00;02;CE
1;AB;2024;11;2024-11-24 10:00:00;03;CO
1;AB;2024;12;2024-12-04 08:00:00;00;FC
1;AB;2024;12;2024-12-04 10:00:00;01;EM
1;AB;2024;12;2024-12-05 10:00:00;02;CE
1;AB;2024;12;2024-12-26 10:00:00;03;CO
1;AB;2025;1;2025-01-04 08:00:00;00;FC
1;AB;2025;1;2025-01-04 10:00:00;01;EM
1;AB;2025;1;2025-01-05 10:00:00;02;CE
1;AB;2025;1;2025-01-14 10:00:00;03;CO
1;AB;2025;2;2025-02-04 08:00:00;00;FC
1;AB;2025;2;2025-02-04 10:00:00;01;EM
1;AB;2025;2;2025-02-05 10:00:00;02;CE
1;AB;2025;2;2025-02-26 10:00:00;03;CO
1;AB;2025;3;2025-03-04 08:00:00;00;FC
1;AB;2025;3;2025-03-04 10:00:00;01;EM
1;AB;2025;3;2025-03-05 10:00:00;02;CE
1;AB;2025;3;2025-04-04 10:00:00;03;CO
1;AB;2025;4;2025-04-04 08:00:00;00;FC
1;AB;2025;4;2025-04-04 10:00:00;01;EM
1;AB;2025;4;2025-04-05 10:00:00;02;CE
1;AB;2025;4;2025-04-23 10:00:00;03;CO
1;AB;2025;5;2025-05-04 08:00:00;00;FC
1;AB;2025;5;2025-05-04 10:00:00;01;EM
1;AB;2025;5;2025-05-05 10:00:00;02;CE
1;AB;2025;5;2025-05-29 10:00:00;03;CO
1;AB;2025;6;2025-06-04 08:00:00;00;FC
1;AB;2025;6;2025-06-04 10:00:00;01;EM
1;AB;2025;6;2025-06-05 10:00:00;02;CE
1;AB;2025;6;2025-07-05 10:00:00;03;CO
1;AB;2025;7;2025-07-04 08:00:00;00;FC
1;AB;2025;7;2025-07-04 10:00:00;01;EM
1;AB;2025;7;2025-07-05 10:00:00;02;CE
1;AB;2025;7;2025-07-27 10:00:00;03;CO
1;AB;2025;8;2025-08-04 08:00:00;00;FC
1;AB;2025;8;2025-08-04 10:00:00;01;EM
1;AB;2025;8;2025-08-05 10:00:00;02;CE
1;AB;2025;8;2025-08-16 10:00:00;03;CO
1;AB;2025;9;2025-09-04 08:00:00;00;FC
1;AB;2025;9;2025-09-04 10:00:00;01;EM
1;AB;2025;9;2025-09-05 10:00:00;02;CE
1;AB;2025;9;2025-09-11 10:00:00;03;CO
1;AB;2025;10;2025-10-04 08:00:00;00;FC
1;AB;2025;10;2025-10-04 10:00:00;01;EM
1;AB;2025;10;2025-10-05 10:00:00;02;CE
1;AB;2025;10;2025-10-27 10:00:00;03;CO
1;AB;2025;11;2025-11-04 08:00:00;00;FC
1;AB;2025;11;2025-11-04 10:00:00;01;EM
1;AB;2025;11;2025-11-05 10:00:00;02;CE
1;AB;2025;11;2025-11-10 10:00:00;03;CO
1;AB;2025;12;2025-12-04 08:00:00;00;FC
1;AB;2025;12;2025-12-04 10:00:00;01;EM
1;AB;2025;12;2025-12-05 10:00:00;02;CE
1;AB;2025;12;2025-12-16 10:00:00;04;DV
1;AB;2025;12;2025-12-26 10:00:00;24;RC
1;AB;2026;1;2026-01-04 08:00:00;00;FC
1;AB;2026;1;2026-01-04 10:00:00;01;EM
1;AB;2026;1;2026-01-05 10:00:00;02;CE
1;AB;2026;1;2026-02-03 10:00:00;03;CO
1;AB;2026;2;2026-02-04 08:00:00;00;FC
1;AB;2026;2;2026-02-04 10:00:00;01;EM
1;AB;2026;2;2026-02-05 10:00:00;02;CE
1;AB;2026;2;2026-02-15 10:00:00;03;CO
1;AB;2026;3;2026-03-04 08:00:00;00;FC
1;AB;2026;3;2026-03-04 10:00:00;01;EM
1;AB;2026;3;2026-03-05 10:00:00;02;CE
1;AB;2026;3;2026-03-25 10:00:00;03;CO
1;AB;2026;4;2026-04-04 08:00:00;00;FC
1;AB;2026;4;2026-04-04 10:00:00;01;EM
1;AB;2026;4;2026-04-05 10:00:00;02;CE
1;AB;2026;4;2026-04-26 10:00:00;03;CO
1;AB;2026;5;2026-05-04 08:00:00;00;FC
1;AB;2026;5;2026-05-04 10:00:00;01;EM
1;AB;2026;5;2026-05-05 10:00:00;02;CE
1;AB;2026;5;2026-05-15 10:00:00;03;CO
1;AB;2026;6;2026-06-04 08:00:00;00;FC
1;AB;2026;6;2026-06-04 10:00:00;01;EM
1;AB;2026;6;2026-06-05 10:00:00;02;CE
1;AB;2026;6;2026-07-01 10:00:00;03;CO
1;AB;2026;7;2026-07-04 08:00:00;00;FC
1;AB;2026;7;2026-07-04 10:00:00;01;EM
1;AB;2026;7;2026-07-05 10:00:00;02;CE
1;AB;2026;7;2026-07-17 10:00:00;03;CO
1;AB;2026;8;2026-08-04 08:00:00;00;FC
1;AB;2026;8;2026-08-04 10:00:00;01;EM
1;AB;2026;8;2026-08-05 10:00:00;02;CE
1;AB;2026;8;2026-08-29 10:00:00;03;CO
1;AB;2022;13;2022-04-04 08:00:00;00;FC
1;AB;2022;13;2022-04-04 10:00:00;01;EM
1;AB;2022;13;2022-04-05 10:00:00;02;CE
1;AB;2022;13;2022-04-22 10:00:00;03;CO
1;AB;2022;14;2022-05-04 08:00:00;00;FC
1;AB;2022;14;2022-05-04 10:00:00;01;EM
1;AB;2022;14;2022-05-05 10:00:00;02;CE
1;AB;2022;14;2022-05-17 10:00:00;03;CO
1;AB;2022;15;2022-06-04 08:00:00;00;FC
1;AB;2022;15;2022-06-04 10:00:00;01;EM
1;AB;2022;15;2022-06-05 10:00:00;02;CE
1;AB;2022;15;2022-06-14 10:00:00;03;CO
1;AB;2022;16;2022-07-04 08:00:00;00;FC
1;AB;2022;16;2022-07-04 10:00:00;01;EM
1;AB;2022;16;2022-07-05 10:00:00;02;CE
1;AB;2022;16;2022-07-21 10:00:00;03;CO
1;AB;2022;17;2022-08-04 08:00:00;00;FC
1;AB;2022;17;2022-08-04 10:00:00;01;EM
1;AB;2022;17;2022-08-05 10:00:00;02;CE
1;AB;2022;17;2022-08-27 10:00:00;03;CO
1;AB;2022;18;2022-09-04 08:00:00;00;FC
1;AB;2022;18;2022-09-04 10:00:00;01;EM
1;AB;2022;18;2022-09-05 10:00:00;02;CE
1;AB;2022;18;2022-09-11 10:00:00;03;CO
1;AB;2022;19;2022-10-04 08:00:00;00;FC
1;AB;2022;19;2022-10-04 10:00:00;01;EM
1;AB;2022;19;2022-10-05 10:00:00;02;CE
1;AB;2022;19;2022-10-18 10:00:00;03;CO
1;AB;2022;20;2022-11-04 08:00:00;00;FC
1;AB;2022;20;2022-11-04 10:00:00;01;EM
1;AB;2022;20;2022-11-05 10:00:00;02;CE
1;AB;2022;20;2022-11-20 10:00:00;03;CO
1;AB;2022;21;2022-12-04 08:00:00;00;FC
1;AB;2022;21;2022-12-04 10:00:00;01;EM
1;AB;2022;21;2022-12-05 10:00:00;02;CE
1;AB;2022;21;2022-12-15 10:00:00;03;CO
1;AB;2023;13;2023-01-04 08:00:00;00;FC
1;AB;2023;13;2023-01-04 10:00:00;01;EM
1;AB;2023;13;2023-01-05 10:00:00;02;CE
1;AB;2023;13;2023-01-11 10:00:00;03;CO
1;AB;2023;14;2023-02-04 08:00:00;00;FC
1;AB;2023;14;2023-02-04 10:00:00;01;EM
1;AB;2023;14;2023-02-05 10:00:00;02;CE
1;AB;2023;14;2023-02-24 10:00:00;03;CO
1;AB;2023;15;2023-03-04 08:00:00;00;FC
1;AB;2023;15;2023-03-04 10:00:00;01;EM
1;AB;2023;15;2023-03-05 10:00:00;02;CE
1;AB;2023;15;2023-03-31 10:00:00;03;CO
1;AB;2023;16;2023-04-04 08:00:00;00;FC
1;AB;2023;16;2023-04-04 10:00:00;01;EM
1;AB;2023;16;2023-04-05 10:00:00;02;CE
1;AB;2023;16;2023-05-01 10:00:00;03;CO
1;AB;2023;17;2023-05-04 08:00:00;00;FC
1;AB;2023;17;2023-05-04 10:00:00;01;EM
1;AB;2023;17;2023-05-05 10:00:00;02;CE
1;AB;2023;17;2023-05-17 10:00:00;03;CO
1;AB;2023;18;2023-06-04 08:00:00;00;FC
1;AB;2023;18;2023-06-04 10:00:00;01;EM
1;AB;2023;18;2023-06-05 10:00:00;02;CE
1;AB;2023;18;2023-06-30 10:00:00;03;CO
1;AB;2023;19;2023-07-04 08:00:00;00;FC
1;AB;2023;19;2023-07-04 10:00:00;01;EM
1;AB;2023;19;2023-07-05 10:00:00;02;CE
1;AB;2023;19;2023-07-12 10:00:00;03;CO
1;AB;2023;20;2023-08-04 08:00:00;00;FC
1;AB;2023;20;2023-08-04 10:00:00;01;EM
1;AB;2023;20;2023-08-05 10:00:00;02;CE
1;AB;2023;20;2023-08-14 10:00:00;03;CO
1;AB;2023;21;2023-09-04 08:00:00;00;FC
1;AB;2023;21;2023-09-04 10:00:00;01;EM
1;AB;2023;21;2023-09-05 10:00:00;02;CE
1;AB;2023;21;2023-09-26 10:00:00;03;CO
1;AB;2023;22;2023-10-04 08:00:00;00;FC
1;AB;2023;22;2023-10-04 10:00:00;01;EM
1;AB;2023;22;2023-10-05 10:00:00;02;CE
1;AB;2023;22;2023-10-24 10:00:00;03;CO
1;AB;2023;23;2023-11-04 08:00:00;00;FC
1;AB;2023;23;2023-11-04 10:00:00;01;EM
1;AB;2023;23;2023-11-05 10:00:00;02;CE
1;AB;2023;23;2023-11-28 10:00:00;03;CO
1;AB;2023;24;2023-12-04 08:00:00;00;FC
1;AB;2023;24;2023-12-04 10:00:00;01;EM
1;AB;2023;24;2023-12-05 10:00:00;02;CE
1;AB;2023;24;2023-12-15 10:00:00;03;CO
1;AB;2024;13;2024-01-04 08:00:00;00;FC
1;AB;2024;13;2024-01-04 10:00:00;01;EM
1;AB;2024;13;2024-01-05 10:00:00;02;CE
1;AB;2024;13;2024-02-04 10:00:00;03;CO
1;AB;2024;14;2024-02-04 08:00:00;00;FC
1;AB;2024;14;2024-02-04 10:00:00;01;EM
1;AB;2024;14;2024-02-05 10:00:00;02;CE
1;AB;2024;14;2024-02-23 10:00:00;03;CO
1;AB;2024;15;2024-03-04 08:00:00;00;FC
1;AB;2024;15;2024-03-04 10:00:00;01;EM
1;AB;2024;15;2024-03-05 10:00:00;02;CE
1;AB;2024;15;2024-04-02 10:00:00;03;CO
1;AB;2024;16;2024-04-04 08:00:00;00;FC
1;AB;2024;16;2024-04-04 10:00:00;01;EM
1;AB;2024;16;2024-04-05 10:00:00;02;CE
1;AB;2024;16;2024-04-25 10:00:00;03;CO
1;AB;2024;17;2024-05-04 08:00:00;00;FC
1;AB;2024;17;2024-05-04 10:00:00;01;EM
1;AB;2024;17;2024-05-05 10:00:00;02;CE
1;AB;2024;17;2024-06-01 10:00:00;03;CO
1;AB;2024;18;2024-06-04 08:00:00;00;FC
1;AB;2024;18;2024-06-04 10:00:00;01;EM
1;AB;2024;18;2024-06-05 10:00:00;02;CE
1;AB;2024;18;2024-06-29 10:00:00;03;CO
1;AB;2024;19;2024-07-04 08:00:00;00;FC
1;AB;2024;19;2024-07-04 10:00:00;01;EM
1;AB;2024;19;2024-07-05 10:00:00;02;CE
1;AB;2024;19;2024-07-21 10:00:00;03;CO
1;AB;2024;20;2024-08-04 08:00:00;00;FC
1;AB;2024;20;2024-08-04 10:00:00;01;EM
1;AB;2024;20;2024-08-05 10:00:00;02;CE
1;AB;2024;20;2024-08-30 10:00:00;03;CO
1;AB;2024;21;2024-09-04 08:00:00;00;FC
1;AB;2024;21;2024-09-04 10:00:00;01;EM
1;AB;2024;21;2024-09-05 10:00:00;02;CE
1;AB;2024;21;2024-09-23 10:00:00;03;CO
1;AB;2024;22;2024-10-04 08:00:00;00;FC
1;AB;2024;22;2024-10-04 10:00:00;01;EM
1;AB;2024;22;2024-10-05 10:00:00;02;CE
1;AB;2024;22;2024-10-17 10:00:00;03;CO
1;AB;2024;23;2024-11-04 08:00:00;00;FC
1;AB;2024;23;2024-11-04 10:00:00;01;EM
1;AB;2024;23;2024-11-05 10:00:00;02;CE
1;AB;2024;23;2024-11-23 10:00:00;03;CO
1;AB;2024;24;2024-12-04 08:00:00;00;FC
1;AB;2024;24;2024-12-04 10:00:00;01;EM
1;AB;2024;24;2024-12-05 10:00:00;02;CE
1;AB;2024;24;2024-12-22 10:00:00;03;CO
1;AB;2025;13;2025-01-04 08:00:00;00;FC
1;AB;2025;13;2025-01-04 10:00:00;01;EM
1;AB;2025;13;2025-01-05 10:00:00;02;CE
1;AB;2025;13;2025-01-13 10:00:00;03;CO
1;AB;2025;14;2025-02-04 08:00:00;00;FC
1;AB;2025;14;2025-02-04 10:00:00;01;EM
1;AB;2025;14;2025-02-05 10:00:00;02;CE
1;AB;2025;14;2025-03-03 10:00:00;03;CO
1;AB;2025;15;2025-03-04 08:00:00;00;FC
1;AB;2025;15;2025-03-04 10:00:00;01;EM
1;AB;2025;15;2025-03-05 10:00:00;02;CE
1;AB;2025;15;2025-03-20 10:00:00;03;CO
1;AB;2025;16;2025-04-04 08:00:00;00;FC
1;AB;2025;16;2025-04-04 10:00:00;01;EM
1;AB;2025;16;2025-04-05 10:00:00;02;CE
1;AB;2025;16;2025-04-27 10:00:00;03;CO
1;AB;2025;17;2025-05-04 08:00:00;00;FC
1;AB;2025;17;2025-05-04 10:00:00;01;EM
1;AB;2025;17;2025-05-05 10:00:00;02;CE
1;AB;2025;17;2025-05-11 10:00:00;03;CO
1;AB;2025;18;2025-06-04 08:00:00;00;FC
1;AB;2025;18;2025-06-04 10:00:00;01;EM
1;AB;2025;18;2025-06-05 10:00:00;02;CE
1;AB;2025;18;2025-06-28 10:00:00;03;CO
1;AB;2025;19;2025-07-04 08:00:00;00;FC
1;AB;2025;19;2025-07-04 10:00:00;01;EM
1;AB;2025;19;2025-07-05 10:00:00;02;CE
1;AB;2025;19;2025-07-10 10:00:00;03;CO
1;AB;2025;20;2025-08-04 08:00:00;00;FC
1;AB;2025;20;2025-08-04 10:00:00;01;EM
1;AB;2025;20;2025-08-05 10:00:00;02;CE
1;AB;2025;20;2025-08-19 10:00:00;03;CO
1;AB;2025;21;2025-09-04 08:00:00;00;FC
1;AB;2025;21;2025-09-04 10:00:00;01;EM
1;AB;2025;21;2025-09-05 10:00:00;02;CE
1;AB;2025;21;2025-09-15 10:00:00;03;CO
1;AB;2025;22;2025-10-04 08:00:00;00;FC
1;AB;2025;22;2025-10-04 10:00:00;01;EM
1;AB;2025;22;2025-10-05 10:00:00;02;CE
1;AB;2025;22;2025-10-10 10:00:00;03;CO
1;AB;2025;23;2025-11-04 08:00:00;00;FC
1;AB;2025;23;2025-11-04 10:00:00;01;EM
1;AB;2025;23;2025-11-05 10:00:00;02;CE
1;AB;2025;23;2025-12-03 10:00:00;03;CO
1;AB;2025;24;2025-12-04 08:00:00;00;FC
1;AB;2025;24;2025-12-04 10:00:00;01;EM
1;AB;2025;24;2025-12-05 10:00:00;02;CE
1;AB;2025;24;2025-12-28 10:00:00;03;CO
1;AB;2026;9;2026-01-04 08:00:00;00;FC
1;AB;2026;9;2026-01-04 10:00:00;01;EM
1;AB;2026;9;2026-01-05 10:00:00;02;CE
1;AB;2026;9;2026-02-03 10:00:00;03;CO
1;AB;2026;10;2026-02-04 08:00:00;00;FC
1;AB;2026;10;2026-02-04 10:00:00;01;EM
1;AB;2026;10;2026-02-05 10:00:00;02;CE
1;AB;2026;10;2026-03-01 10:00:00;03;CO
1;AB;2026;11;2026-03-04 08:00:00;00;FC
1;AB;2026;11;2026-03-04 10:00:00;01;EM
1;AB;2026;11;2026-03-05 10:00:00;02;CE
1;AB;2026;11;2026-03-19 10:00:00;03;CO
1;AB;2026;12;2026-04-04 08:00:00;00;FC
1;AB;2026;12;2026-04-04 10:00:00;01;EM
1;AB;2026;13;2026-05-04 08:00:00;00;FC
1;AB;2026;13;2026-05-04 10:00:00;01;EM
1;AB;2026;13;2026-05-05 10:00:00;02;CE
1;AB;2026;13;2026-05-29 10:00:00;03;CO
1;AB;2026;14;2026-06-04 08:00:00;00;FC
1;AB;2026;14;2026-06-04 10:00:00;01;EM
1;AB;2026;14;2026-06-05 10:00:00;02;CE
1;AB;2026;14;2026-06-24 10:00:00;03;CO
1;AB;2026;15;2026-07-04 08:00:00;00;FC
1;AB;2026;15;2026-07-04 10:00:00;01;EM
1;AB;2026;15;2026-07-05 10:00:00;02;CE
1;AB;2026;15;2026-07-20 10:00:00;04;DV
1;AB;2026;16;2026-08-04 08:00:00;00;FC
1;AB;2026;16;2026-08-04 10:00:00;01;EM
1;AB;2026;16;2026-08-05 10:00:00;02;CE
1;AB;2026;16;2026-08-22 10:00:00;04;DV
1;AB;2026;16;2026-09-06 10:00:00;24;RC
1;AB;2023;25;2023-05-04 08:00:00;00;FC
1;AB;2023;25;2023-05-04 10:00:00;01;EM
1;AB;2023;25;2023-05-05 10:00:00;02;CE
1;AB;2023;25;2023-05-14 10:00:00;03;CO
1;AB;2023;26;2023-06-04 08:00:00;00;FC
1;AB;2023;26;2023-06-04 10:00:00;01;EM
1;AB;2023;26;2023-06-05 10:00:00;02;CE
1;AB;2023;26;2023-06-15 10:00:00;03;CO
1;AB;2023;27;2023-07-04 08:00:00;00;FC
1;AB;2023;27;2023-07-04 10:00:00;01;EM
1;AB;2023;27;2023-07-05 10:00:00;02;CE
1;AB;2023;27;2023-07-30 10:00:00;03;CO
1;AB;2023;28;2023-08-04 08:00:00;00;FC
1;AB;2023;28;2023-08-04 10:00:00;01;EM
1;AB;2023;28;2023-08-05 10:00:00;02;CE
1;AB;2023;28;2023-08-27 10:00:00;03;CO
1;AB;2023;29;2023-09-04 08:00:00;00;FC
1;AB;2023;29;2023-09-04 10:00:00;01;EM
1;AB;2023;29;2023-09-05 10:00:00;02;CE
1;AB;2023;29;2023-09-30 10:00:00;03;CO
1;AB;2023;30;2023-10-04 08:00:00;00;FC
1;AB;2023;30;2023-10-04 10:00:00;01;EM
1;AB;2023;30;2023-10-05 10:00:00;02;CE
1;AB;2023;30;2023-10-12 10:00:00;03;CO
1;AB;2023;31;2023-11-04 08:00:00;00;FC
1;AB;2023;31;2023-11-04 10:00:00;01;EM
1;AB;2023;31;2023-11-05 10:00:00;02;CE
1;AB;2023;31;2023-12-03 10:00:00;03;CO
1;AB;2023;32;2023-12-04 08:00:00;00;FC
1;AB;2023;32;2023-12-04 10:00:00;01;EM
1;AB;2023;32;2023-12-05 10:00:00;02;CE
1;AB;2023;32;2023-12-22 10:00:00;03;CO
1;AB;2024;25;2024-01-04 08:00:00;00;FC
1;AB;2024;25;2024-01-04 10:00:00;01;EM
1;AB;2024;25;2024-01-05 10:00:00;02;CE
1;AB;2024;25;2024-01-12 10:00:00;03;CO
1;AB;2024;26;2024-02-04 08:00:00;00;FC
1;AB;2024;26;2024-02-04 10:00:00;01;EM
1;AB;2024;26;2024-02-05 10:00:00;02;CE
1;AB;2024;26;2024-02-23 10:00:00;03;CO
1;AB;2024;27;2024-03-04 08:00:00;00;FC
1;AB;2024;27;2024-03-04 10:00:00;01;EM
1;AB;2024;27;2024-03-05 10:00:00;02;CE
1;AB;2024;27;2024-03-21 10:00:00;03;CO
1;AB;2024;28;2024-04-04 08:00:00;00;FC
1;AB;2024;28;2024-04-04 10:00:00;01;EM
1;AB;2024;28;2024-04-05 10:00:00;02;CE
1;AB;2024;28;2024-04-18 10:00:00;03;CO
1;AB;2024;29;2024-05-04 08:00:00;00;FC
1;AB;2024;29;2024-05-04 10:00:00;01;EM
1;AB;2024;29;2024-05-05 10:00:00;02;CE
1;AB;2024;29;2024-06-02 10:00:00;03;CO
1;AB;2024;30;2024-06-04 08:00:00;00;FC
1;AB;2024;30;2024-06-04 10:00:00;01;EM
1;AB;2024;30;2024-06-05 10:00:00;02;CE
1;AB;2024;30;2024-06-12 10:00:00;03;CO
1;AB;2024;31;2024-07-04 08:00:00;00;FC
1;AB;2024;31;2024-07-04 10:00:00;01;EM
1;AB;2024;31;2024-07-05 10:00:00;02;CE
1;AB;2024;31;2024-07-10 10:00:00;03;CO
1;AB;2024;32;2024-08-04 08:00:00;00;FC
1;AB;2024;32;2024-08-04 10:00:00;01;EM
1;AB;2024;32;2024-08-05 10:00:00;02;CE
1;AB;2024;32;2024-08-15 10:00:00;03;CO
1;AB;2024;33;2024-09-04 08:00:00;00;FC
1;AB;2024;33;2024-09-04 10:00:00;01;EM
1;AB;2024;33;2024-09-05 10:00:00;02;CE
1;AB;2024;33;2024-09-29 10:00:00;03;CO
1;AB;2024;34;2024-10-04 08:00:00;00;FC
1;AB;2024;34;2024-10-04 10:00:00;01;EM
1;AB;2024;34;2024-10-05 10:00:00;02;CE
1;AB;2024;34;2024-11-01 10:00:00;03;CO
1;AB;2024;35;2024-11-04 08:00:00;00;FC
1;AB;2024;35;2024-11-04 10:00:00;01;EM
1;AB;2024;35;2024-11-05 10:00:00;02;CE
1;AB;2024;35;2024-11-19 10:00:00;03;CO
1;AB;2024;36;2024-12-04 08:00:00;00;FC
1;AB;2024;36;2024-12-04 10:00:00;01;EM
1;AB;2024;36;2024-12-05 10:00:00;02;CE
1;AB;2024;36;2024-12-16 10:00:00;03;CO
1;AB;2025;25;2025-01-04 08:00:00;00;FC
1;AB;2025;25;2025-01-04 10:00:00;01;EM
1;AB;2025;25;2025-01-05 10:00:00;02;CE
1;AB;2025;25;2025-01-15 10:00:00;03;CO
1;AB;2025;26;2025-02-04 08:00:00;00;FC
1;AB;2025;26;2025-02-04 10:00:00;01;EM
1;AB;2025;26;2025-02-05 10:00:00;02;CE
1;AB;2025;26;2025-02-12 10:00:00;03;CO
1;AB;2025;27;2025-03-04 08:00:00;00;FC
1;AB;2025;27;2025-03-04 10:00:00;01;EM
1;AB;2025;27;2025-03-05 10:00:00;02;CE
1;AB;2025;27;2025-03-23 10:00:00;03;CO
1;AB;2025;28;2025-04-04 08:00:00;00;FC
1;AB;2025;28;2025-04-04 10:00:00;01;EM
1;AB;2025;28;2025-04-05 10:00:00;02;CE
1;AB;2025;28;2025-04-15 10:00:00;03;CO
1;AB;2025;29;2025-05-04 08:00:00;00;FC
1;AB;2025;29;2025-05-04 10:00:00;01;EM
1;AB;2025;29;2025-05-05 10:00:00;02;CE
1;AB;2025;29;2025-06-04 10:00:00;03;CO
1;AB;2025;30;2025-06-04 08:00:00;00;FC
1;AB;2025;30;2025-06-04 10:00:00;01;EM
1;AB;2025;30;2025-06-05 10:00:00;02;CE
1;AB;2025;30;2025-06-27 10:00:00;03;CO
1;AB;2025;31;2025-07-04 08:00:00;00;FC
1;AB;2025;31;2025-07-04 10:00:00;01;EM
1;AB;2025;31;2025-07-05 10:00:00;02;CE
1;AB;2025;31;2025-07-24 10:00:00;03;CO
1;AB;2025;32;2025-08-04 08:00:00;00;FC
1;AB;2025;32;2025-08-04 10:00:00;01;EM
1;AB;2025;32;2025-08-05 10:00:00;02;CE
1;AB;2025;32;2025-08-26 10:00:00;03;CO
1;AB;2025;33;2025-09-04 08:00:00;00;FC
1;AB;2025;33;2025-09-04 10:00:00;01;EM
1;AB;2025;33;2025-09-05 10:00:00;02;CE
1;AB;2025;33;2025-09-11 10:00:00;03;CO
1;AB;2025;34;2025-10-04 08:00:00;00;FC
1;AB;2025;34;2025-10-04 10:00:00;01;EM
1;AB;2025;34;2025-10-05 10:00:00;02;CE
1;AB;2025;34;2025-10-24 10:00:00;03;CO
1;AB;2025;35;2025-11-04 08:00:00;00;FC
1;AB;2025;35;2025-11-04 10:00:00;01;EM
1;AB;2025;36;2025-12-04 08:00:00;00;FC
1;AB;2025;36;2025-12-04 10:00:00;01;EM
1;AB;2026;17;2026-01-04 08:00:00;00;FC
1;AB;2026;17;2026-01-04 10:00:00;01;EM
1;AB;2026;18;2026-02-04 08:00:00;00;FC
1;AB;2026;18;2026-02-04 10:00:00;01;EM
1;AB;2026;18;2026-02-05 10:00:00;02;CE
1;AB;2026;18;2026-03-05 10:00:00;03;CO
1;AB;2026;19;2026-03-04 08:00:00;00;FC
1;AB;2026;19;2026-03-04 10:00:00;01;EM
1;AB;2026;20;2026-04-04 08:00:00;00;FC
1;AB;2026;20;2026-04-04 10:00:00;01;EM
1;AB;2026;20;2026-04-05 10:00:00;02;CE
1;AB;2026;20;2026-04-30 10:00:00;03;CO
1;AB;2026;21;2026-05-04 08:00:00;00;FC
1;AB;2026;21;2026-05-04 10:00:00;01;EM
1;AB;2026;21;2026-05-05 10:00:00;02;CE
1;AB;2026;21;2026-05-23 10:00:00;03;CO
1;AB;2026;22;2026-06-04 08:00:00;00;FC
1;AB;2026;22;2026-06-04 10:00:00;01;EM
1;AB;2026;22;2026-06-05 10:00:00;02;CE
1;AB;2026;22;2026-06-19 10:00:00;03;CO
1;AB;2026;23;2026-07-04 08:00:00;00;FC
1;AB;2026;23;2026-07-04 10:00:00;01;EM
1;AB;2026;23;2026-07-05 10:00:00;02;CE
1;AB;2026;23;2026-07-24 10:00:00;03;CO
1;AB;2026;24;2026-08-04 08:00:00;00;FC
1;AB;2026;24;2026-08-04 10:00:00;01;EM
1;AB;2026;24;2026-08-05 10:00:00;02;CE
1;AB;2026;24;2026-09-02 10:00:00;03;CO
1;AB;2024;37;2024-06-04 08:00:00;00;FC
1;AB;2024;37;2024-06-04 10:00:00;01;EM
1;AB;2024;37;2024-06-05 10:00:00;02;CE
1;AB;2024;37;2024-06-14 10:00:00;03;CO
1;AB;2024;38;2024-07-04 08:00:00;00;FC
1;AB;2024;38;2024-07-04 10:00:00;01;EM
1;AB;2024;38;2024-07-05 10:00:00;02;CE
1;AB;2024;38;2024-07-26 10:00:00;03;CO
1;AB;2024;39;2024-08-04 08:00:00;00;FC
1;AB;2024;39;2024-08-04 10:00:00;01;EM
1;AB;2024;39;2024-08-05 10:00:00;02;CE
1;AB;2024;39;2024-08-16 10:00:00;03;CO
1;AB;2024;40;2024-09-04 08:00:00;00;FC
1;AB;2024;40;2024-09-04 10:00:00;01;EM
1;AB;2024;40;2024-09-05 10:00:00;02;CE
1;AB;2024;40;2024-09-22 10:00:00;03;CO
1;AB;2024;41;2024-10-04 08:00:00;00;FC
1;AB;2024;41;2024-10-04 10:00:00;01;EM
1;AB;2024;41;2024-10-05 10:00:00;02;CE
1;AB;2024;41;2024-10-16 10:00:00;03;CO
1;AB;2024;42;2024-11-04 08:00:00;00;FC
1;AB;2024;42;2024-11-04 10:00:00;01;EM
1;AB;2024;42;2024-11-05 10:00:00;02;CE
1;AB;2024;42;2024-11-27 10:00:00;03;CO
1;AB;2024;43;2024-12-04 08:00:00;00;FC
1;AB;2024;43;2024-12-04 10:00:00;01;EM
1;AB;2024;43;2024-12-05 10:00:00;02;CE
1;AB;2024;43;2024-12-27 10:00:00;03;CO
1;AB;2025;37;2025-01-04 08:00:00;00;FC
1;AB;2025;37;2025-01-04 10:00:00;01;EM
1;AB;2025;37;2025-01-05 10:00:00;02;CE
1;AB;2025;37;2025-01-22 10:00:00;03;CO
1;AB;2025;38;2025-02-04 08:00:00;00;FC
1;AB;2025;38;2025-02-04 10:00:00;01;EM
1;AB;2025;38;2025-02-05 10:00:00;02;CE
1;AB;2025;38;2025-02-28 10:00:00;03;CO
1;AB;2025;39;2025-03-04 08:00:00;00;FC
1;AB;2025;39;2025-03-04 10:00:00;01;EM
1;AB;2025;39;2025-03-05 10:00:00;02;CE
1;AB;2025;39;2025-04-04 10:00:00;03;CO
1;AB;2025;40;2025-04-04 08:00:00;00;FC
1;AB;2025;40;2025-04-04 10:00:00;01;EM
1;AB;2025;40;2025-04-05 10:00:00;02;CE
1;AB;2025;40;2025-04-30 10:00:00;03;CO
1;AB;2025;41;2025-05-04 08:00:00;00;FC
1;AB;2025;41;2025-05-04 10:00:00;01;EM
1;AB;2025;41;2025-05-05 10:00:00;02;CE
1;AB;2025;41;2025-05-30 10:00:00;03;CO
1;AB;2025;42;2025-06-04 08:00:00;00;FC
1;AB;2025;42;2025-06-04 10:00:00;01;EM
1;AB;2025;42;2025-06-05 10:00:00;02;CE
1;AB;2025;42;2025-06-13 10:00:00;03;CO
1;AB;2025;43;2025-07-04 08:00:00;00;FC
1;AB;2025;43;2025-07-04 10:00:00;01;EM
1;AB;2025;43;2025-07-05 10:00:00;02;CE
1;AB;2025;43;2025-07-24 10:00:00;03;CO
1;AB;2025;44;2025-08-04 08:00:00;00;FC
1;AB;2025;44;2025-08-04 10:00:00;01;EM
1;AB;2025;44;2025-08-05 10:00:00;02;CE
1;AB;2025;44;2025-08-28 10:00:00;03;CO
1;AB;2025;45;2025-09-04 08:00:00;00;FC
1;AB;2025;45;2025-09-04 10:00:00;01;EM
1;AB;2025;45;2025-09-05 10:00:00;02;CE
1;AB;2025;45;2025-09-28 10:00:00;03;CO
1;AB;2025;46;2025-10-04 08:00:00;00;FC
1;AB;2025;46;2025-10-04 10:00:00;01;EM
1;AB;2025;46;2025-10-05 10:00:00;02;CE
1;AB;2025;46;2025-10-15 10:00:00;03;CO
1;AB;2025;47;2025-11-04 08:00:00;00;FC
1;AB;2025;47;2025-11-04 10:00:00;01;EM
1;AB;2025;47;2025-11-05 10:00:00;02;CE
1;AB;2025;47;2025-12-03 10:00:00;03;CO
1;AB;2025;48;2025-12-04 08:00:00;00;FC
1;AB;2025;48;2025-12-04 10:00:00;01;EM
1;AB;2025;48;2025-12-05 10:00:00;02;CE
1;AB;2025;48;2025-12-23 10:00:00;03;CO
1;AB;2026;25;2026-01-04 08:00:00;00;FC
1;AB;2026;25;2026-01-04 10:00:00;01;EM
1;AB;2026;25;2026-01-05 10:00:00;02;CE
1;AB;2026;25;2026-01-16 10:00:00;03;CO
1;AB;2026;26;2026-02-04 08:00:00;00;FC
1;AB;2026;26;2026-02-04 10:00:00;01;EM
1;AB;2026;26;2026-02-05 10:00:00;02;CE
1;AB;2026;26;2026-03-02 10:00:00;04;DV
1;AB;2026;27;2026-03-04 08:00:00;00;FC
1;AB;2026;27;2026-03-04 10:00:00;01;EM
1;AB;2026;27;2026-03-05 10:00:00;02;CE
1;AB;2026;27;2026-03-14 10:00:00;03;CO
1;AB;2026;28;2026-04-04 08:00:00;00;FC
1;AB;2026;28;2026-04-04 10:00:00;01;EM
1;AB;2026;28;2026-04-05 10:00:00;02;CE
1;AB;2026;28;2026-04-10 10:00:00;03;CO
1;AB;2026;29;2026-05-04 08:00:00;00;FC
1;AB;2026;29;2026-05-04 10:00:00;01;EM
1;AB;2026;30;2026-06-04 08:00:00;00;FC
1;AB;2026;30;2026-06-04 10:00:00;01;EM
1;AB;2026;30;2026-06-05 10:00:00;02;CE
1;AB;2026;30;2026-07-04 10:00:00;03;CO
1;AB;2026;31;2026-07-04 08:00:00;00;FC
1;AB;2026;31;2026-07-04 10:00:00;01;EM
1;AB;2026;31;2026-07-05 10:00:00;02;CE
1;AB;2026;31;2026-07-17 10:00:00;03;CO
1;AB;2026;32;2026-08-04 08:00:00;00;FC
1;AB;2026;32;2026-08-04 10:00:00;01;EM
1;AB;2026;32;2026-08-05 10:00:00;02;CE
1;AB;2026;32;2026-08-10 10:00:00;03;CO
1;AB;2025;49;2025-07-04 08:00:00;00;FC
1;AB;2025;49;2025-07-04 10:00:00;01;EM
1;AB;2025;49;2025-07-05 10:00:00;02;CE
1;AB;2025;49;2025-07-11 10:00:00;03;CO
1;AB;2025;50;2025-08-04 08:00:00;00;FC
1;AB;2025;50;2025-08-04 10:00:00;01;EM
1;AB;2025;51;2025-09-04 08:00:00;00;FC
1;AB;2025;51;2025-09-04 10:00:00;01;EM
1;AB;2025;51;2025-09-05 10:00:00;02;CE
1;AB;2025;51;2025-09-17 10:00:00;03;CO
1;AB;2025;52;2025-10-04 08:00:00;00;FC
1;AB;2025;52;2025-10-04 10:00:00;01;EM
1;AB;2025;52;2025-10-05 10:00:00;02;CE
1;AB;2025;52;2025-10-31 10:00:00;03;CO
1;AB;2025;53;2025-11-04 08:00:00;00;FC
1;AB;2025;53;2025-11-04 10:00:00;01;EM
1;AB;2025;53;2025-11-05 10:00:00;02;CE
1;AB;2025;53;2025-11-28 10:00:00;03;CO
1;AB;2025;54;2025-12-04 08:00:00;00;FC
1;AB;2025;54;2025-12-04 10:00:00;01;EM
1;AB;2025;54;2025-12-05 10:00:00;02;CE
1;AB;2025;54;2025-12-28 10:00:00;03;CO
1;AB;2026;33;2026-01-04 08:00:00;00;FC
1;AB;2026;33;2026-01-04 10:00:00;01;EM
1;AB;2026;33;2026-01-05 10:00:00;02;CE
1;AB;2026;33;2026-01-10 10:00:00;03;CO
1;AB;2026;34;2026-02-04 08:00:00;00;FC
1;AB;2026;34;2026-02-04 10:00:00;01;EM
1;AB;2026;34;2026-02-05 10:00:00;02;CE
1;AB;2026;34;2026-02-19 10:00:00;03;CO
1;AB;2026;35;2026-03-04 08:00:00;00;FC
1;AB;2026;35;2026-03-04 10:00:00;01;EM
1;AB;2026;35;2026-03-05 10:00:00;02;CE
1;AB;2026;35;2026-03-28 10:00:00;03;CO
1;AB;2026;36;2026-04-04 08:00:00;00;FC
1;AB;2026;36;2026-04-04 10:00:00;01;EM
1;AB;2026;36;2026-04-05 10:00:00;02;CE
1;AB;2026;36;2026-04-30 10:00:00;03;CO
1;AB;2026;37;2026-05-04 08:00:00;00;FC
1;AB;2026;37;2026-05-04 10:00:00;01;EM
1;AB;2026;38;2026-06-04 08:00:00;00;FC
1;AB;2026;38;2026-06-04 10:00:00;01;EM
1;AB;2026;38;2026-06-05 10:00:00;02;CE
1;AB;2026;38;2026-07-03 10:00:00;03;CO
1;AB;2026;39;2026-07-04 08:00:00;00;FC
1;AB;2026;39;2026-07-04 10:00:00;01;EM
1;AB;2026;39;2026-07-05 10:00:00;02;CE
1;AB;2026;39;2026-07-22 10:00:00;03;CO
1;AB;2026;40;2026-08-04 08:00:00;00;FC
1;AB;2026;40;2026-08-04 10:00:00;01;EM
1;AB;2026;40;2026-08-05 10:00:00;02;CE
1;AB;2026;40;2026-09-03 10:00:00;03;CO
1;AB;2020;1;2020-08-04 08:00:00;00;FC
1;AB;2020;1;2020-08-04 10:00:00;01;EM
1;AB;2020;1;2020-08-05 10:00:00;02;CE
1;AB;2020;1;2020-08-27 10:00:00;03;CO
1;AB;2020;2;2020-09-04 08:00:00;00;FC
1;AB;2020;2;2020-09-04 10:00:00;01;EM
1;AB;2020;2;2020-09-05 10:00:00;02;CE
1;AB;2020;2;2020-09-18 10:00:00;03;CO
1;AB;2020;3;2020-10-04 08:00:00;00;FC
1;AB;2020;3;2020-10-04 10:00:00;01;EM
1;AB;2020;3;2020-10-05 10:00:00;02;CE
1;AB;2020;3;2020-10-10 10:00:00;03;CO
1;AB;2020;4;2020-11-04 08:00:00;00;FC
1;AB;2020;4;2020-11-04 10:00:00;01;EM
1;AB;2020;4;2020-11-05 10:00:00;02;CE
1;AB;2020;4;2020-11-25 10:00:00;03;CO
1;AB;2020;5;2020-12-04 08:00:00;00;FC
1;AB;2020;5;2020-12-04 10:00:00;01;EM
1;AB;2020;5;2020-12-05 10:00:00;02;CE
1;AB;2020;5;2021-01-04 10:00:00;03;CO
1;AB;2021;11;2021-01-04 08:00:00;00;FC
1;AB;2021;11;2021-01-04 10:00:00;01;EM
1;AB;2021;11;2021-01-05 10:00:00;02;CE
1;AB;2021;11;2021-01-15 10:00:00;03;CO
1;AB;2021;12;2021-02-04 08:00:00;00;FC
1;AB;2021;12;2021-02-04 10:00:00;01;EM
1;AB;2021;12;2021-02-05 10:00:00;02;CE
1;AB;2021;12;2021-02-24 10:00:00;03;CO
1;AB;2021;13;2021-03-04 08:00:00;00;FC
1;AB;2021;13;2021-03-04 10:00:00;01;EM
1;AB;2021;13;2021-03-05 10:00:00;02;CE
1;AB;2021;13;2021-03-15 10:00:00;03;CO
1;AB;2021;14;2021-04-04 08:00:00;00;FC
1;AB;2021;14;2021-04-04 10:00:00;01;EM
1;AB;2021;14;2021-04-05 10:00:00;02;CE
1;AB;2021;14;2021-04-10 10:00:00;03;CO
1;AB;2021;15;2021-05-04 08:00:00;00;FC
1;AB;2021;15;2021-05-04 10:00:00;01;EM
1;AB;2021;15;2021-05-05 10:00:00;02;CE
1;AB;2021;15;2021-05-11 10:00:00;03;CO
1;AB;2021;16;2021-06-04 08:00:00;00;FC
1;AB;2021;16;2021-06-04 10:00:00;01;EM
1;AB;2021;16;2021-06-05 10:00:00;02;CE
1;AB;2021;16;2021-06-26 10:00:00;03;CO
1;AB;2021;17;2021-07-04 08:00:00;00;FC
1;AB;2021;17;2021-07-04 10:00:00;01;EM
1;AB;2021;17;2021-07-05 10:00:00;02;CE
1;AB;2021;17;2021-07-23 10:00:00;03;CO
1;AB;2021;18;2021-08-04 08:00:00;00;FC
1;AB;2021;18;2021-08-04 10:00:00;01;EM
1;AB;2021;18;2021-08-05 10:00:00;02;CE
1;AB;2021;18;2021-09-01 10:00:00;03;CO
1;AB;2021;19;2021-09-04 08:00:00;00;FC
1;AB;2021;19;2021-09-04 10:00:00;01;EM
1;AB;2021;19;2021-09-05 10:00:00;02;CE
1;AB;2021;19;2021-09-25 10:00:00;03;CO
1;AB;2021;20;2021-10-04 08:00:00;00;FC
1;AB;2021;20;2021-10-04 10:00:00;01;EM
1;AB;2021;20;2021-10-05 10:00:00;02;CE
1;AB;2021;20;2021-11-01 10:00:00;03;CO
1;AB;2021;21;2021-11-04 08:00:00;00;FC
1;AB;2021;21;2021-11-04 10:00:00;01;EM
1;AB;2021;21;2021-11-05 10:00:00;02;CE
1;AB;2021;21;2021-11-28 10:00:00;03;CO
1;AB;2021;22;2021-12-04 08:00:00;00;FC
1;AB;2021;22;2021-12-04 10:00:00;01;EM
1;AB;2021;22;2021-12-05 10:00:00;02;CE
1;AB;2021;22;2022-01-01 10:00:00;03;CO
1;AB;2022;22;2022-01-04 08:00:00;00;FC
1;AB;2022;22;2022-01-04 10:00:00;01;EM
1;AB;2022;22;2022-01-05 10:00:00;02;CE
1;AB;2022;22;2022-02-01 10:00:00;03;CO
1;AB;2022;23;2022-02-04 08:00:00;00;FC
1;AB;2022;23;2022-02-04 10:00:00;01;EM
1;AB;2022;23;2022-02-05 10:00:00;02;CE
1;AB;2022;23;2022-03-07 10:00:00;03;CO
1;AB;2022;24;2022-03-04 08:00:00;00;FC
1;AB;2022;24;2022-03-04 10:00:00;01;EM
1;AB;2022;24;2022-03-05 10:00:00;02;CE
1;AB;2022;24;2022-03-19 10:00:00;03;CO
1;AB;2022;25;2022-04-04 08:00:00;00;FC
1;AB;2022;25;2022-04-04 10:00:00;01;EM
1;AB;2022;25;2022-04-05 10:00:00;02;CE
1;AB;2022;25;2022-04-12 10:00:00;03;CO
1;AB;2022;26;2022-05-04 08:00:00;00;FC
1;AB;2022;26;2022-05-04 10:00:00;01;EM
1;AB;2022;26;2022-05-05 10:00:00;02;CE
1;AB;2022;26;2022-05-26 10:00:00;03;CO
1;AB;2022;27;2022-06-04 08:00:00;00;FC
1;AB;2022;27;2022-06-04 10:00:00;01;EM
1;AB;2022;27;2022-06-05 10:00:00;02;CE
1;AB;2022;27;2022-06-18 10:00:00;03;CO
1;AB;2022;28;2022-07-04 08:00:00;00;FC
1;AB;2022;28;2022-07-04 10:00:00;01;EM
1;AB;2022;28;2022-07-05 10:00:00;02;CE
1;AB;2022;28;2022-07-31 10:00:00;03;CO
1;AB;2022;29;2022-08-04 08:00:00;00;FC
1;AB;2022;29;2022-08-04 10:00:00;01;EM
1;AB;2022;29;2022-08-05 10:00:00;02;CE
1;AB;2022;29;2022-09-04 10:00:00;03;CO
1;AB;2022;30;2022-09-04 08:00:00;00;FC
1;AB;2022;30;2022-09-04 10:00:00;01;EM
1;AB;2022;30;2022-09-05 10:00:00;02;CE
1;AB;2022;30;2022-10-01 10:00:00;03;CO
1;AB;2022;31;2022-10-04 08:00:00;00;FC
1;AB;2022;31;2022-10-04 10:00:00;01;EM
1;AB;2022;31;2022-10-05 10:00:00;02;CE
1;AB;2022;31;2022-10-17 10:00:00;03;CO
1;AB;2022;32;2022-11-04 08:00:00;00;FC
1;AB;2022;32;2022-11-04 10:00:00;01;EM
1;AB;2022;32;2022-11-05 10:00:00;02;CE
1;AB;2022;32;2022-12-02 10:00:00;03;CO
1;AB;2022;33;2022-12-04 08:00:00;00;FC
1;AB;2022;33;2022-12-04 10:00:00;01;EM
1;AB;2022;33;2022-12-05 10:00:00;02;CE
1;AB;2022;33;2022-12-10 10:00:00;03;CO
1;AB;2023;33;2023-01-04 08:00:00;00;FC
1;AB;2023;33;2023-01-04 10:00:00;01;EM
1;AB;2023;33;2023-01-05 10:00:00;02;CE
1;AB;2023;33;2023-01-22 10:00:00;03;CO
1;AB;2023;34;2023-02-04 08:00:00;00;FC
1;AB;2023;34;2023-02-04 10:00:00;01;EM
1;AB;2023;34;2023-02-05 10:00:00;02;CE
1;AB;2023;34;2023-02-28 10:00:00;03;CO
1;AB;2023;35;2023-03-04 08:00:00;00;FC
1;AB;2023;35;2023-03-04 10:00:00;01;EM
1;AB;2023;35;2023-03-05 10:00:00;02;CE
1;AB;2023;35;2023-03-23 10:00:00;03;CO
1;AB;2023;36;2023-04-04 08:00:00;00;FC
1;AB;2023;36;2023-04-04 10:00:00;01;EM
1;AB;2023;36;2023-04-05 10:00:00;02;CE
1;AB;2023;36;2023-04-16 10:00:00;03;CO
1;AB;2023;37;2023-05-04 08:00:00;00;FC
1;AB;2023;37;2023-05-04 10:00:00;01;EM
1;AB;2023;37;2023-05-05 10:00:00;02;CE
1;AB;2023;37;2023-05-24 10:00:00;03;CO
1;AB;2023;38;2023-06-04 08:00:00;00;FC
1;AB;2023;38;2023-06-04 10:00:00;01;EM
1;AB;2023;38;2023-06-05 10:00:00;02;CE
1;AB;2023;38;2023-06-30 10:00:00;03;CO
1;AB;2023;39;2023-07-04 08:00:00;00;FC
1;AB;2023;39;2023-07-04 10:00:00;01;EM
1;AB;2023;39;2023-07-05 10:00:00;02;CE
1;AB;2023;39;2023-08-02 10:00:00;03;CO
1;AB;2023;40;2023-08-04 08:00:00;00;FC
1;AB;2023;40;2023-08-04 10:00:00;01;EM
1;AB;2023;40;2023-08-05 10:00:00;02;CE
1;AB;2023;40;2023-09-04 10:00:00;03;CO
1;AB;2023;41;2023-09-04 08:00:00;00;FC
1;AB;2023;41;2023-09-04 10:00:00;01;EM
1;AB;2023;41;2023-09-05 10:00:00;02;CE
1;AB;2023;41;2023-09-25 10:00:00;03;CO
1;AB;2023;42;2023-10-04 08:00:00;00;FC
1;AB;2023;42;2023-10-04 10:00:00;01;EM
1;AB;2023;42;2023-10-05 10:00:00;02;CE
1;AB;2023;42;2023-10-20 10:00:00;03;CO
1;AB;2023;43;2023-11-04 08:00:00;00;FC
1;AB;2023;43;2023-11-04 10:00:00;01;EM
1;AB;2023;43;2023-11-05 10:00:00;02;CE
1;AB;2023;43;2023-11-30 10:00:00;03;CO
1;AB;2023;44;2023-12-04 08:00:00;00;FC
1;AB;2023;44;2023-12-04 10:00:00;01;EM
1;AB;2023;44;2023-12-05 10:00:00;02;CE
1;AB;2023;44;2023-12-31 10:00:00;03;CO
1;AB;2024;44;2024-01-04 08:00:00;00;FC
1;AB;2024;44;2024-01-04 10:00:00;01;EM
1;AB;2024;44;2024-01-05 10:00:00;02;CE
1;AB;2024;44;2024-01-25 10:00:00;03;CO
1;AB;2024;45;2024-02-04 08:00:00;00;FC
1;AB;2024;45;2024-02-04 10:00:00;01;EM
1;AB;2024;45;2024-02-05 10:00:00;02;CE
1;AB;2024;45;2024-02-17 10:00:00;03;CO
1;AB;2024;46;2024-03-04 08:00:00;00;FC
1;AB;2024;46;2024-03-04 10:00:00;01;EM
1;AB;2024;46;2024-03-05 10:00:00;02;CE
1;AB;2024;46;2024-03-31 10:00:00;03;CO
1;AB;2024;47;2024-04-04 08:00:00;00;FC
1;AB;2024;47;2024-04-04 10:00:00;01;EM
1;AB;2024;47;2024-04-05 10:00:00;02;CE
1;AB;2024;47;2024-04-17 10:00:00;03;CO
1;AB;2024;48;2024-05-04 08:00:00;00;FC
1;AB;2024;48;2024-05-04 10:00:00;01;EM
1;AB;2024;48;2024-05-05 10:00:00;02;CE
1;AB;2024;48;2024-05-17 10:00:00;03;CO
1;AB;2024;49;2024-06-04 08:00:00;00;FC
1;AB;2024;49;2024-06-04 10:00:00;01;EM
1;AB;2024;49;2024-06-05 10:00:00;02;CE
1;AB;2024;49;2024-06-15 10:00:00;03;CO
1;AB;2024;50;2024-07-04 08:00:00;00;FC
1;AB;2024;50;2024-07-04 10:00:00;01;EM
1;AB;2024;50;2024-07-05 10:00:00;02;CE
1;AB;2024;50;2024-07-20 10:00:00;03;CO
1;AB;2024;51;2024-08-04 08:00:00;00;FC
1;AB;2024;51;2024-08-04 10:00:00;01;EM
1;AB;2024;51;2024-08-05 10:00:00;02;CE
1;AB;2024;51;2024-08-26 10:00:00;03;CO
1;AB;2024;52;2024-09-04 08:00:00;00;FC
1;AB;2024;52;2024-09-04 10:00:00;01;EM
1;AB;2024;52;2024-09-05 10:00:00;02;CE
1;AB;2024;52;2024-09-15 10:00:00;03;CO
1;AB;2024;53;2024-10-04 08:00:00;00;FC
1;AB;2024;53;2024-10-04 10:00:00;01;EM
1;AB;2024;53;2024-10-05 10:00:00;02;CE
1;AB;2024;53;2024-11-03 10:00:00;03;CO
1;AB;2024;54;2024-11-04 08:00:00;00;FC
1;AB;2024;54;2024-11-04 10:00:00;01;EM
1;AB;2024;54;2024-11-05 10:00:00;02;CE
1;AB;2024;54;2024-11-17 10:00:00;03;CO
1;AB;2024;55;2024-12-04 08:00:00;00;FC
1;AB;2024;55;2024-12-04 10:00:00;01;EM
1;AB;2024;55;2024-12-05 10:00:00;02;CE
1;AB;2024;55;2024-12-10 10:00:00;03;CO
1;AB;2025;55;2025-01-04 08:00:00;00;FC
1;AB;2025;55;2025-01-04 10:00:00;01;EM
1;AB;2025;55;2025-01-05 10:00:00;02;CE
1;AB;2025;55;2025-01-28 10:00:00;03;CO
1;AB;2025;56;2025-02-04 08:00:00;00;FC
1;AB;2025;56;2025-02-04 10:00:00;01;EM
1;AB;2025;56;2025-02-05 10:00:00;02;CE
1;AB;2025;56;2025-02-23 10:00:00;03;CO
1;AB;2025;57;2025-03-04 08:00:00;00;FC
1;AB;2025;57;2025-03-04 10:00:00;01;EM
1;AB;2025;57;2025-03-05 10:00:00;02;CE
1;AB;2025;57;2025-03-27 10:00:00;03;CO
1;AB;2025;58;2025-04-04 08:00:00;00;FC
1;AB;2025;58;2025-04-04 10:00:00;01;EM
1;AB;2025;58;2025-04-05 10:00:00;02;CE
1;AB;2025;58;2025-04-13 10:00:00;03;CO
1;AB;2025;59;2025-05-04 08:00:00;00;FC
1;AB;2025;59;2025-05-04 10:00:00;01;EM
1;AB;2025;59;2025-05-05 10:00:00;02;CE
1;AB;2025;59;2025-06-03 10:00:00;03;CO
1;AB;2025;60;2025-06-04 08:00:00;00;FC
1;AB;2025;60;2025-06-04 10:00:00;01;EM
1;AB;2025;60;2025-06-05 10:00:00;02;CE
1;AB;2025;60;2025-06-28 10:00:00;03;CO
1;AB;2025;61;2025-07-04 08:00:00;00;FC
1;AB;2025;61;2025-07-04 10:00:00;01;EM
1;AB;2025;61;2025-07-05 10:00:00;02;CE
1;AB;2025;61;2025-08-02 10:00:00;03;CO
1;AB;2025;62;2025-08-04 08:00:00;00;FC
1;AB;2025;62;2025-08-04 10:00:00;01;EM
1;AB;2025;62;2025-08-05 10:00:00;02;CE
1;AB;2025;62;2025-08-15 10:00:00;20;AJ
1;AB;2025;63;2025-09-04 08:00:00;00;FC
1;AB;2025;63;2025-09-04 10:00:00;01;EM
1;AB;2025;63;2025-09-05 10:00:00;02;CE
1;AB;2025;63;2025-09-23 10:00:00;03;CO
1;AB;2025;64;2025-10-04 08:00:00;00;FC
1;AB;2025;64;2025-10-04 10:00:00;01;EM
1;AB;2025;65;2025-11-04 08:00:00;00;FC
1;AB;2025;65;2025-11-04 10:00:00;01;EM
1;AB;2025;65;2025-11-05 10:00:00;02;CE
1;AB;2025;65;2025-11-17 10:00:00;20;AJ
1;AB;2025;66;2025-12-04 08:00:00;00;FC
1;AB;2025;66;2025-12-04 10:00:00;01;EM
1;AB;2026;41;2026-01-04 08:00:00;00;FC
1;AB;2026;41;2026-01-04 10:00:00;01;EM
1;AB;2026;41;2026-01-05 10:00:00;02;CE
1;AB;2026;41;2026-01-28 10:00:00;03;CO
1;AB;2026;42;2026-02-04 08:00:00;00;FC
1;AB;2026;42;2026-02-04 10:00:00;01;EM
1;AB;2026;42;2026-02-05 10:00:00;02;CE
1;AB;2026;42;2026-03-02 10:00:00;04;DV
1;AB;2026;43;2026-03-04 08:00:00;00;FC
1;AB;2026;43;2026-03-04 10:00:00;01;EM
1;AB;2026;43;2026-03-05 10:00:00;02;CE
1;AB;2026;43;2026-03-30 10:00:00;03;CO
1;AB;2026;44;2026-04-04 08:00:00;00;FC
1;AB;2026;44;2026-04-04 10:00:00;01;EM
1;AB;2026;44;2026-04-05 10:00:00;02;CE
1;AB;2026;44;2026-05-03 10:00:00;03;CO
1;AB;2026;45;2026-05-04 08:00:00;00;FC
1;AB;2026;45;2026-05-04 10:00:00;01;EM
1;AB;2026;45;2026-05-05 10:00:00;02;CE
1;AB;2026;45;2026-05-16 10:00:00;04;DV
1;AB;2026;46;2026-06-04 08:00:00;00;FC
1;AB;2026;46;2026-06-04 10:00:00;01;EM
1;AB;2026;46;2026-06-05 10:00:00;02;CE
1;AB;2026;46;2026-07-08 10:00:00;04;DV
1;AB;2026;47;2026-07-04 08:00:00;00;FC
1;AB;2026;47;2026-07-04 10:00:00;01;EM
1;AB;2026;47;2026-07-05 10:00:00;02;CE
1;AB;2026;47;2026-07-18 10:00:00;03;CO
1;AB;2026;48;2026-08-04 08:00:00;00;FC
1;AB;2026;48;2026-08-04 10:00:00;01;EM
1;AB;2026;48;2026-08-05 10:00:00;02;CE
1;AB;2026;48;2026-08-23 10:00:00;03;CO
1;AB;2021;23;2021-09-04 08:00:00;00;FC
1;AB;2021;23;2021-09-04 10:00:00;01;EM
1;AB;2021;23;2021-09-05 10:00:00;02;CE
1;AB;2021;23;2021-09-30 10:00:00;03;CO
1;AB;2021;24;2021-10-04 08:00:00;00;FC
1;AB;2021;24;2021-10-04 10:00:00;01;EM
1;AB;2021;24;2021-10-05 10:00:00;02;CE
1;AB;2021;24;2021-10-26 10:00:00;03;CO
1;AB;2021;25;2021-11-04 08:00:00;00;FC
1;AB;2021;25;2021-11-04 10:00:00;01;EM
1;AB;2021;25;2021-11-05 10:00:00;02;CE
1;AB;2021;25;2021-12-02 10:00:00;03;CO
1;AB;2021;26;2021-12-04 08:00:00;00;FC
1;AB;2021;26;2021-12-04 10:00:00;01;EM
1;AB;2021;26;2021-12-05 10:00:00;02;CE
1;AB;2021;26;2022-01-01 10:00:00;03;CO
1;AB;2022;34;2022-01-04 08:00:00;00;FC
1;AB;2022;34;2022-01-04 10:00:00;01;EM
1;AB;2022;34;2022-01-05 10:00:00;02;CE
1;AB;2022;34;2022-01-15 10:00:00;03;CO
1;AB;2022;35;2022-02-04 08:00:00;00;FC
1;AB;2022;35;2022-02-04 10:00:00;01;EM
1;AB;2022;35;2022-02-05 10:00:00;02;CE
1;AB;2022;35;2022-02-22 10:00:00;03;CO
1;AB;2022;36;2022-03-04 08:00:00;00;FC
1;AB;2022;36;2022-03-04 10:00:00;01;EM
1;AB;2022;36;2022-03-05 10:00:00;02;CE
1;AB;2022;36;2022-03-25 10:00:00;03;CO
1;AB;2022;37;2022-04-04 08:00:00;00;FC
1;AB;2022;37;2022-04-04 10:00:00;01;EM
1;AB;2022;37;2022-04-05 10:00:00;02;CE
1;AB;2022;37;2022-04-12 10:00:00;03;CO
1;AB;2022;38;2022-05-04 08:00:00;00;FC
1;AB;2022;38;2022-05-04 10:00:00;01;EM
1;AB;2022;38;2022-05-05 10:00:00;02;CE
1;AB;2022;38;2022-06-01 10:00:00;03;CO
1;AB;2022;39;2022-06-04 08:00:00;00;FC
1;AB;2022;39;2022-06-04 10:00:00;01;EM
1;AB;2022;39;2022-06-05 10:00:00;02;CE
1;AB;2022;39;2022-07-03 10:00:00;03;CO
1;AB;2022;40;2022-07-04 08:00:00;00;FC
1;AB;2022;40;2022-07-04 10:00:00;01;EM
1;AB;2022;40;2022-07-05 10:00:00;02;CE
1;AB;2022;40;2022-07-27 10:00:00;03;CO
1;AB;2022;41;2022-08-04 08:00:00;00;FC
1;AB;2022;41;2022-08-04 10:00:00;01;EM
1;AB;2022;41;2022-08-05 10:00:00;02;CE
1;AB;2022;41;2022-08-12 10:00:00;03;CO
1;AB;2022;42;2022-09-04 08:00:00;00;FC
1;AB;2022;42;2022-09-04 10:00:00;01;EM
1;AB;2022;42;2022-09-05 10:00:00;02;CE
1;AB;2022;42;2022-09-19 10:00:00;03;CO
1;AB;2022;43;2022-10-04 08:00:00;00;FC
1;AB;2022;43;2022-10-04 10:00:00;01;EM
1;AB;2022;43;2022-10-05 10:00:00;02;CE
1;AB;2022;43;2022-10-31 10:00:00;03;CO
1;AB;2022;44;2022-11-04 08:00:00;00;FC
1;AB;2022;44;2022-11-04 10:00:00;01;EM
1;AB;2022;44;2022-11-05 10:00:00;02;CE
1;AB;2022;44;2022-11-16 10:00:00;03;CO
1;AB;2022;45;2022-12-04 08:00:00;00;FC
1;AB;2022;45;2022-12-04 10:00:00;01;EM
1;AB;2022;45;2022-12-05 10:00:00;02;CE
1;AB;2022;45;2022-12-21 10:00:00;03;CO
1;AB;2023;45;2023-01-04 08:00:00;00;FC
1;AB;2023;45;2023-01-04 10:00:00;01;EM
1;AB;2023;45;2023-01-05 10:00:00;02;CE
1;AB;2023;45;2023-01-10 10:00:00;03;CO
1;AB;2023;46;2023-02-04 08:00:00;00;FC
1;AB;2023;46;2023-02-04 10:00:00;01;EM
1;AB;2023;46;2023-02-05 10:00:00;02;CE
1;AB;2023;46;2023-03-06 10:00:00;03;CO
1;AB;2023;47;2023-03-04 08:00:00;00;FC
1;AB;2023;47;2023-03-04 10:00:00;01;EM
1;AB;2023;47;2023-03-05 10:00:00;02;CE
1;AB;2023;47;2023-03-24 10:00:00;03;CO
1;AB;2023;48;2023-04-04 08:00:00;00;FC
1;AB;2023;48;2023-04-04 10:00:00;01;EM
1;AB;2023;48;2023-04-05 10:00:00;02;CE
1;AB;2023;48;2023-04-30 10:00:00;03;CO
1;AB;2023;49;2023-05-04 08:00:00;00;FC
1;AB;2023;49;2023-05-04 10:00:00;01;EM
1;AB;2023;49;2023-05-05 10:00:00;02;CE
1;AB;2023;49;2023-05-12 10:00:00;03;CO
1;AB;2023;50;2023-06-04 08:00:00;00;FC
1;AB;2023;50;2023-06-04 10:00:00;01;EM
1;AB;2023;50;2023-06-05 10:00:00;02;CE
1;AB;2023;50;2023-07-05 10:00:00;03;CO
1;AB;2023;51;2023-07-04 08:00:00;00;FC
1;AB;2023;51;2023-07-04 10:00:00;01;EM
1;AB;2023;51;2023-07-05 10:00:00;02;CE
1;AB;2023;51;2023-07-28 10:00:00;03;CO
1;AB;2023;52;2023-08-04 08:00:00;00;FC
1;AB;2023;52;2023-08-04 10:00:00;01;EM
1;AB;2023;52;2023-08-05 10:00:00;02;CE
1;AB;2023;52;2023-08-14 10:00:00;03;CO
1;AB;2023;53;2023-09-04 08:00:00;00;FC
1;AB;2023;53;2023-09-04 10:00:00;01;EM
1;AB;2023;53;2023-09-05 10:00:00;02;CE
1;AB;2023;53;2023-09-15 10:00:00;03;CO
1;AB;2023;54;2023-10-04 08:00:00;00;FC
1;AB;2023;54;2023-10-04 10:00:00;01;EM
1;AB;2023;54;2023-10-05 10:00:00;02;CE
1;AB;2023;54;2023-11-02 10:00:00;03;CO
1;AB;2023;55;2023-11-04 08:00:00;00;FC
1;AB;2023;55;2023-11-04 10:00:00;01;EM
1;AB;2023;55;2023-11-05 10:00:00;02;CE
1;AB;2023;55;2023-11-23 10:00:00;03;CO
1;AB;2023;56;2023-12-04 08:00:00;00;FC
1;AB;2023;56;2023-12-04 10:00:00;01;EM
1;AB;2023;56;2023-12-05 10:00:00;02;CE
1;AB;2023;56;2023-12-27 10:00:00;03;CO
1;AB;2024;56;2024-01-04 08:00:00;00;FC
1;AB;2024;56;2024-01-04 10:00:00;01;EM
1;AB;2024;56;2024-01-05 10:00:00;02;CE
1;AB;2024;56;2024-01-17 10:00:00;03;CO
1;AB;2024;57;2024-02-04 08:00:00;00;FC
1;AB;2024;57;2024-02-04 10:00:00;01;EM
1;AB;2024;57;2024-02-05 10:00:00;02;CE
1;AB;2024;57;2024-02-15 10:00:00;03;CO
1;AB;2024;58;2024-03-04 08:00:00;00;FC
1;AB;2024;58;2024-03-04 10:00:00;01;EM
1;AB;2024;58;2024-03-05 10:00:00;02;CE
1;AB;2024;58;2024-03-20 10:00:00;03;CO
1;AB;2024;59;2024-04-04 08:00:00;00;FC
1;AB;2024;59;2024-04-04 10:00:00;01;EM
1;AB;2024;59;2024-04-05 10:00:00;02;CE
1;AB;2024;59;2024-04-11 10:00:00;03;CO
1;AB;2024;60;2024-05-04 08:00:00;00;FC
1;AB;2024;60;2024-05-04 10:00:00;01;EM
1;AB;2024;60;2024-05-05 10:00:00;02;CE
1;AB;2024;60;2024-06-03 10:00:00;03;CO
1;AB;2024;61;2024-06-04 08:00:00;00;FC
1;AB;2024;61;2024-06-04 10:00:00;01;EM
1;AB;2024;61;2024-06-05 10:00:00;02;CE
1;AB;2024;61;2024-06-18 10:00:00;03;CO
1;AB;2024;62;2024-07-04 08:00:00;00;FC
1;AB;2024;62;2024-07-04 10:00:00;01;EM
1;AB;2024;62;2024-07-05 10:00:00;02;CE
1;AB;2024;62;2024-07-18 10:00:00;03;CO
1;AB;2024;63;2024-08-04 08:00:00;00;FC
1;AB;2024;63;2024-08-04 10:00:00;01;EM
1;AB;2024;63;2024-08-05 10:00:00;02;CE
1;AB;2024;63;2024-09-03 10:00:00;03;CO
1;AB;2024;64;2024-09-04 08:00:00;00;FC
1;AB;2024;64;2024-09-04 10:00:00;01;EM
1;AB;2024;64;2024-09-05 10:00:00;02;CE
1;AB;2024;64;2024-09-28 10:00:00;03;CO
1;AB;2024;65;2024-10-04 08:00:00;00;FC
1;AB;2024;65;2024-10-04 10:00:00;01;EM
1;AB;2024;65;2024-10-05 10:00:00;02;CE
1;AB;2024;65;2024-10-20 10:00:00;03;CO
1;AB;2024;66;2024-11-04 08:00:00;00;FC
1;AB;2024;66;2024-11-04 10:00:00;01;EM
1;AB;2024;66;2024-11-05 10:00:00;02;CE
1;AB;2024;66;2024-11-21 10:00:00;03;CO
1;AB;2024;67;2024-12-04 08:00:00;00;FC
1;AB;2024;67;2024-12-04 10:00:00;01;EM
1;AB;2024;67;2024-12-05 10:00:00;02;CE
1;AB;2024;67;2024-12-17 10:00:00;03;CO
1;AB;2025;67;2025-01-04 08:00:00;00;FC
1;AB;2025;67;2025-01-04 10:00:00;01;EM
1;AB;2025;67;2025-01-05 10:00:00;02;CE
1;AB;2025;67;2025-01-24 10:00:00;03;CO
1;AB;2025;68;2025-02-04 08:00:00;00;FC
1;AB;2025;68;2025-02-04 10:00:00;01;EM
1;AB;2025;68;2025-02-05 10:00:00;02;CE
1;AB;2025;68;2025-02-15 10:00:00;03;CO
1;AB;2025;69;2025-03-04 08:00:00;00;FC
1;AB;2025;69;2025-03-04 10:00:00;01;EM
1;AB;2025;69;2025-03-05 10:00:00;02;CE
1;AB;2025;69;2025-03-23 10:00:00;03;CO
1;AB;2025;70;2025-04-04 08:00:00;00;FC
1;AB;2025;70;2025-04-04 10:00:00;01;EM
1;AB;2025;70;2025-04-05 10:00:00;02;CE
1;AB;2025;70;2025-04-19 10:00:00;03;CO
1;AB;2025;71;2025-05-04 08:00:00;00;FC
1;AB;2025;71;2025-05-04 10:00:00;01;EM
1;AB;2025;71;2025-05-05 10:00:00;02;CE
1;AB;2025;71;2025-05-26 10:00:00;03;CO
1;AB;2025;72;2025-06-04 08:00:00;00;FC
1;AB;2025;72;2025-06-04 10:00:00;01;EM
1;AB;2025;72;2025-06-05 10:00:00;02;CE
1;AB;2025;72;2025-06-30 10:00:00;03;CO
1;AB;2025;73;2025-07-04 08:00:00;00;FC
1;AB;2025;73;2025-07-04 10:00:00;01;EM
1;AB;2025;73;2025-07-05 10:00:00;02;CE
1;AB;2025;73;2025-07-20 10:00:00;03;CO
1;AB;2025;74;2025-08-04 08:00:00;00;FC
1;AB;2025;74;2025-08-04 10:00:00;01;EM
1;AB;2025;74;2025-08-05 10:00:00;02;CE
1;AB;2025;74;2025-08-29 10:00:00;04;DV
1;AB;2025;75;2025-09-04 08:00:00;00;FC
1;AB;2025;75;2025-09-04 10:00:00;01;EM
1;AB;2025;75;2025-09-05 10:00:00;02;CE
1;AB;2025;75;2025-09-10 10:00:00;03;CO
1;AB;2025;76;2025-10-04 08:00:00;00;FC
1;AB;2025;76;2025-10-04 10:00:00;01;EM
1;AB;2025;76;2025-10-05 10:00:00;02;CE
1;AB;2025;76;2025-10-14 10:00:00;03;CO
1;AB;2025;77;2025-11-04 08:00:00;00;FC
1;AB;2025;77;2025-11-04 10:00:00;01;EM
1;AB;2025;77;2025-11-05 10:00:00;02;CE
1;AB;2025;77;2025-11-26 10:00:00;03;CO
1;AB;2025;78;2025-12-04 08:00:00;00;FC
1;AB;2025;78;2025-12-04 10:00:00;01;EM
1;AB;2025;78;2025-12-05 10:00:00;02;CE
1;AB;2025;78;2025-12-22 10:00:00;04;DV
1;AB;2026;49;2026-01-04 08:00:00;00;FC
1;AB;2026;49;2026-01-04 10:00:00;01;EM
1;AB;2026;49;2026-01-05 10:00:00;02;CE
1;AB;2026;49;2026-01-20 10:00:00;03;CO
1;AB;2026;50;2026-02-04 08:00:00;00;FC
1;AB;2026;50;2026-02-04 10:00:00;01;EM
1;AB;2026;50;2026-02-05 10:00:00;02;CE
1;AB;2026;50;2026-02-23 10:00:00;03;CO
1;AB;2026;51;2026-03-04 08:00:00;00;FC
1;AB;2026;51;2026-03-04 10:00:00;01;EM
1;AB;2026;51;2026-03-05 10:00:00;02;CE
1;AB;2026;51;2026-04-02 10:00:00;03;CO
1;AB;2026;52;2026-04-04 08:00:00;00;FC
1;AB;2026;52;2026-04-04 10:00:00;01;EM
1;AB;2026;52;2026-04-05 10:00:00;02;CE
1;AB;2026;52;2026-04-20 10:00:00;03;CO
1;AB;2026;53;2026-05-04 08:00:00;00;FC
1;AB;2026;53;2026-05-04 10:00:00;01;EM
1;AB;2026;53;2026-05-05 10:00:00;02;CE
1;AB;2026;53;2026-05-31 10:00:00;03;CO
1;AB;2026;54;2026-06-04 08:00:00;00;FC
1;AB;2026;54;2026-06-04 10:00:00;01;EM
1;AB;2026;54;2026-06-05 10:00:00;02;CE
1;AB;2026;54;2026-06-22 10:00:00;03;CO
1;AB;2026;55;2026-07-04 08:00:00;00;FC
1;AB;2026;55;2026-07-04 10:00:00;01;EM
1;AB;2026;55;2026-07-05 10:00:00;02;CE
1;AB;2026;55;2026-07-30 10:00:00;03;CO
1;AB;2026;56;2026-08-04 08:00:00;00;FC
1;AB;2026;56;2026-08-04 10:00:00;01;EM
1;AB;2026;56;2026-08-05 10:00:00;02;CE
1;AB;2026;56;2026-09-01 10:00:00;03;CO
1;AB;2022;46;2022-10-04 08:00:00;00;FC
1;AB;2022;46;2022-10-04 10:00:00;01;EM
1;AB;2022;46;2022-10-05 10:00:00;02;CE
1;AB;2022;46;2022-10-12 10:00:00;03;CO
1;AB;2022;47;2022-11-04 08:00:00;00;FC
1;AB;2022;47;2022-11-04 10:00:00;01;EM
1;AB;2022;47;2022-11-05 10:00:00;02;CE
1;AB;2022;47;2022-11-19 10:00:00;03;CO
1;AB;2022;48;2022-12-04 08:00:00;00;FC
1;AB;2022;48;2022-12-04 10:00:00;01;EM
1;AB;2022;48;2022-12-05 10:00:00;02;CE
1;AB;2022;48;2023-01-01 10:00:00;03;CO
1;AB;2023;57;2023-01-04 08:00:00;00;FC
1;AB;2023;57;2023-01-04 10:00:00;01;EM
1;AB;2023;57;2023-01-05 10:00:00;02;CE
1;AB;2023;57;2023-01-18 10:00:00;03;CO
1;AB;2023;58;2023-02-04 08:00:00;00;FC
1;AB;2023;58;2023-02-04 10:00:00;01;EM
1;AB;2023;58;2023-02-05 10:00:00;02;CE
1;AB;2023;58;2023-03-03 10:00:00;03;CO
1;AB;2023;59;2023-03-04 08:00:00;00;FC
1;AB;2023;59;2023-03-04 10:00:00;01;EM
1;AB;2023;59;2023-03-05 10:00:00;02;CE
1;AB;2023;59;2023-03-24 10:00:00;03;CO
1;AB;2023;60;2023-04-04 08:00:00;00;FC
1;AB;2023;60;2023-04-04 10:00:00;01;EM
1;AB;2023;60;2023-04-05 10:00:00;02;CE
1;AB;2023;60;2023-05-01 10:00:00;03;CO
1;AB;2023;61;2023-05-04 08:00:00;00;FC
1;AB;2023;61;2023-05-04 10:00:00;01;EM
1;AB;2023;61;2023-05-05 10:00:00;02;CE
1;AB;2023;61;2023-05-29 10:00:00;03;CO
1;AB;2023;62;2023-06-04 08:00:00;00;FC
1;AB;2023;62;2023-06-04 10:00:00;01;EM
1;AB;2023;62;2023-06-05 10:00:00;02;CE
1;AB;2023;62;2023-06-20 10:00:00;03;CO
1;AB;2023;63;2023-07-04 08:00:00;00;FC
1;AB;2023;63;2023-07-04 10:00:00;01;EM
1;AB;2023;63;2023-07-05 10:00:00;02;CE
1;AB;2023;63;2023-07-24 10:00:00;03;CO
1;AB;2023;64;2023-08-04 08:00:00;00;FC
1;AB;2023;64;2023-08-04 10:00:00;01;EM
1;AB;2023;64;2023-08-05 10:00:00;02;CE
1;AB;2023;64;2023-08-28 10:00:00;03;CO
1;AB;2023;65;2023-09-04 08:00:00;00;FC
1;AB;2023;65;2023-09-04 10:00:00;01;EM
1;AB;2023;65;2023-09-05 10:00:00;02;CE
1;AB;2023;65;2023-09-10 10:00:00;03;CO
1;AB;2023;66;2023-10-04 08:00:00;00;FC
1;AB;2023;66;2023-10-04 10:00:00;01;EM
1;AB;2023;66;2023-10-05 10:00:00;02;CE
1;AB;2023;66;2023-10-26 10:00:00;03;CO
1;AB;2023;67;2023-11-04 08:00:00;00;FC
1;AB;2023;67;2023-11-04 10:00:00;01;EM
1;AB;2023;67;2023-11-05 10:00:00;02;CE
1;AB;2023;67;2023-11-29 10:00:00;03;CO
1;AB;2023;68;2023-12-04 08:00:00;00;FC
1;AB;2023;68;2023-12-04 10:00:00;01;EM
1;AB;2023;68;2023-12-05 10:00:00;02;CE
1;AB;2023;68;2023-12-18 10:00:00;03;CO
1;AB;2024;68;2024-01-04 08:00:00;00;FC
1;AB;2024;68;2024-01-04 10:00:00;01;EM
1;AB;2024;68;2024-01-05 10:00:00;05;CN
1;AB;2024;69;2024-02-04 08:00:00;00;FC
1;AB;2024;69;2024-02-04 10:00:00;01;EM
1;AB;2024;69;2024-02-05 10:00:00;02;CE
1;AB;2024;69;2024-02-23 10:00:00;03;CO
1;AB;2024;70;2024-03-04 08:00:00;00;FC
1;AB;2024;70;2024-03-04 10:00:00;01;EM
1;AB;2024;70;2024-03-05 10:00:00;02;CE
1;AB;2024;70;2024-03-27 10:00:00;03;CO
1;AB;2024;71;2024-04-04 08:00:00;00;FC
1;AB;2024;71;2024-04-04 10:00:00;01;EM
1;AB;2024;71;2024-04-05 10:00:00;02;CE
1;AB;2024;71;2024-04-28 10:00:00;03;CO
1;AB;2024;72;2024-05-04 08:00:00;00;FC
1;AB;2024;72;2024-05-04 10:00:00;01;EM
1;AB;2024;72;2024-05-05 10:00:00;02;CE
1;AB;2024;72;2024-05-18 10:00:00;03;CO
1;AB;2024;73;2024-06-04 08:00:00;00;FC
1;AB;2024;73;2024-06-04 10:00:00;01;EM
1;AB;2024;73;2024-06-05 10:00:00;02;CE
1;AB;2024;73;2024-07-04 10:00:00;03;CO
1;AB;2024;74;2024-07-04 08:00:00;00;FC
1;AB;2024;74;2024-07-04 10:00:00;01;EM
1;AB;2024;74;2024-07-05 10:00:00;02;CE
1;AB;2024;74;2024-07-18 10:00:00;03;CO
1;AB;2024;75;2024-08-04 08:00:00;00;FC
1;AB;2024;75;2024-08-04 10:00:00;01;EM
1;AB;2024;75;2024-08-05 10:00:00;02;CE
1;AB;2024;75;2024-08-10 10:00:00;03;CO
1;AB;2024;76;2024-09-04 08:00:00;00;FC
1;AB;2024;76;2024-09-04 10:00:00;01;EM
1;AB;2024;76;2024-09-05 10:00:00;02;CE
1;AB;2024;76;2024-09-22 10:00:00;03;CO
1;AB;2024;77;2024-10-04 08:00:00;00;FC
1;AB;2024;77;2024-10-04 10:00:00;01;EM
1;AB;2024;77;2024-10-05 10:00:00;02;CE
1;AB;2024;77;2024-10-19 10:00:00;03;CO
1;AB;2024;78;2024-11-04 08:00:00;00;FC
1;AB;2024;78;2024-11-04 10:00:00;01;EM
1;AB;2024;78;2024-11-05 10:00:00;02;CE
1;AB;2024;78;2024-11-12 10:00:00;03;CO
1;AB;2024;79;2024-12-04 08:00:00;00;FC
1;AB;2024;79;2024-12-04 10:00:00;01;EM
1;AB;2024;79;2024-12-05 10:00:00;02;CE
1;AB;2024;79;2025-01-03 10:00:00;03;CO
1;AB;2025;79;2025-01-04 08:00:00;00;FC
1;AB;2025;79;2025-01-04 10:00:00;01;EM
1;AB;2025;79;2025-01-05 10:00:00;02;CE
1;AB;2025;79;2025-01-24 10:00:00;03;CO
1;AB;2025;80;2025-02-04 08:00:00;00;FC
1;AB;2025;80;2025-02-04 10:00:00;01;EM
1;AB;2025;80;2025-02-05 10:00:00;02;CE
1;AB;2025;80;2025-03-06 10:00:00;03;CO
1;AB;2025;81;2025-03-04 08:00:00;00;FC
1;AB;2025;81;2025-03-04 10:00:00;01;EM
1;AB;2025;81;2025-03-05 10:00:00;02;CE
1;AB;2025;81;2025-03-14 10:00:00;03;CO
1;AB;2025;82;2025-04-04 08:00:00;00;FC
1;AB;2025;82;2025-04-04 10:00:00;01;EM
1;AB;2025;82;2025-04-05 10:00:00;02;CE
1;AB;2025;82;2025-05-01 10:00:00;03;CO
1;AB;2025;83;2025-05-04 08:00:00;00;FC
1;AB;2025;83;2025-05-04 10:00:00;01;EM
1;AB;2025;83;2025-05-05 10:00:00;02;CE
1;AB;2025;83;2025-05-31 10:00:00;03;CO
1;AB;2025;84;2025-06-04 08:00:00;00;FC
1;AB;2025;84;2025-06-04 10:00:00;01;EM
1;AB;2025;84;2025-06-05 10:00:00;02;CE
1;AB;2025;84;2025-06-10 10:00:00;03;CO
1;AB;2025;85;2025-07-04 08:00:00;00;FC
1;AB;2025;85;2025-07-04 10:00:00;01;EM
1;AB;2025;85;2025-07-05 10:00:00;02;CE
1;AB;2025;85;2025-07-11 10:00:00;03;CO
1;AB;2025;86;2025-08-04 08:00:00;00;FC
1;AB;2025;86;2025-08-04 10:00:00;01;EM
1;AB;2025;86;2025-08-05 10:00:00;02;CE
1;AB;2025;86;2025-08-29 10:00:00;03;CO
1;AB;2025;87;2025-09-04 08:00:00;00;FC
1;AB;2025;87;2025-09-04 10:00:00;01;EM
1;AB;2025;87;2025-09-05 10:00:00;02;CE
1;AB;2025;87;2025-09-21 10:00:00;03;CO
1;AB;2025;88;2025-10-04 08:00:00;00;FC
1;AB;2025;88;2025-10-04 10:00:00;01;EM
1;AB;2025;88;2025-10-05 10:00:00;02;CE
1;AB;2025;88;2025-10-20 10:00:00;03;CO
1;AB;2025;89;2025-11-04 08:00:00;00;FC
1;AB;2025;89;2025-11-04 10:00:00;01;EM
1;AB;2025;90;2025-12-04 08:00:00;00;FC
1;AB;2025;90;2025-12-04 10:00:00;01;EM
1;AB;2025;90;2025-12-05 10:00:00;02;CE
1;AB;2025;90;2026-01-03 10:00:00;03;CO
1;AB;2026;57;2026-01-04 08:00:00;00;FC
1;AB;2026;57;2026-01-04 10:00:00;01;EM
1;AB;2026;58;2026-02-04 08:00:00;00;FC
1;AB;2026;58;2026-02-04 10:00:00;01;EM
1;AB;2026;59;2026-03-04 08:00:00;00;FC
1;AB;2026;59;2026-03-04 10:00:00;01;EM
1;AB;2026;59;2026-03-05 10:00:00;02;CE
1;AB;2026;59;2026-03-28 10:00:00;03;CO
1;AB;2026;60;2026-04-04 08:00:00;00;FC
1;AB;2026;60;2026-04-04 10:00:00;01;EM
1;AB;2026;61;2026-05-04 08:00:00;00;FC
1;AB;2026;61;2026-05-04 10:00:00;01;EM
1;AB;2026;62;2026-06-04 08:00:00;00;FC
1;AB;2026;62;2026-06-04 10:00:00;01;EM
1;AB;2026;62;2026-06-05 10:00:00;02;CE
1;AB;2026;62;2026-06-19 10:00:00;03;CO
1;AB;2026;63;2026-07-04 08:00:00;00;FC
1;AB;2026;63;2026-07-04 10:00:00;01;EM
1;AB;2026;64;2026-08-04 08:00:00;00;FC
1;AB;2026;64;2026-08-04 10:00:00;01;EM
1;AB;2026;64;2026-08-05 10:00:00;02;CE
1;AB;2026;64;2026-08-12 10:00:00;03;CO
1;AB;2023;69;2023-10-14 08:00:00;00;FC
1;AB;2023;69;2023-10-14 10:00:00;01;EM
1;AB;2023;69;2023-10-15 10:00:00;02;CE
1;AB;2023;69;2023-10-31 10:00:00;03;CO
1;AB;2023;70;2023-11-14 08:00:00;00;FC
1;AB;2023;70;2023-11-14 10:00:00;01;EM
1;AB;2023;70;2023-11-15 10:00:00;02;CE
1;AB;2023;70;2023-11-29 10:00:00;03;CO
1;AB;2023;71;2023-12-14 08:00:00;00;FC
1;AB;2023;71;2023-12-14 10:00:00;01;EM
1;AB;2023;71;2023-12-15 10:00:00;02;CE
1;AB;2023;71;2023-12-24 10:00:00;03;CO
1;AB;2024;80;2024-01-14 08:00:00;00;FC
1;AB;2024;80;2024-01-14 10:00:00;01;EM
1;AB;2024;80;2024-01-15 10:00:00;02;CE
1;AB;2024;80;2024-02-01 10:00:00;03;CO
1;AB;2024;81;2024-02-14 08:00:00;00;FC
1;AB;2024;81;2024-02-14 10:00:00;01;EM
1;AB;2024;81;2024-02-15 10:00:00;02;CE
1;AB;2024;81;2024-02-21 10:00:00;03;CO
1;AB;2024;82;2024-03-14 08:00:00;00;FC
1;AB;2024;82;2024-03-14 10:00:00;01;EM
1;AB;2024;82;2024-03-15 10:00:00;02;CE
1;AB;2024;82;2024-04-06 10:00:00;03;CO
1;AB;2024;83;2024-04-14 08:00:00;00;FC
1;AB;2024;83;2024-04-14 10:00:00;01;EM
1;AB;2024;83;2024-04-15 10:00:00;02;CE
1;AB;2024;83;2024-04-21 10:00:00;03;CO
1;AB;2024;84;2024-05-14 08:00:00;00;FC
1;AB;2024;84;2024-05-14 10:00:00;01;EM
1;AB;2024;84;2024-05-15 10:00:00;02;CE
1;AB;2024;84;2024-06-03 10:00:00;03;CO
1;AB;2024;85;2024-06-14 08:00:00;00;FC
1;AB;2024;85;2024-06-14 10:00:00;01;EM
1;AB;2024;85;2024-06-15 10:00:00;02;CE
1;AB;2024;85;2024-07-05 10:00:00;03;CO
1;AB;2024;86;2024-07-14 08:00:00;00;FC
1;AB;2024;86;2024-07-14 10:00:00;01;EM
1;AB;2024;86;2024-07-15 10:00:00;02;CE
1;AB;2024;86;2024-08-12 10:00:00;03;CO
1;AB;2024;87;2024-08-14 08:00:00;00;FC
1;AB;2024;87;2024-08-14 10:00:00;01;EM
1;AB;2024;87;2024-08-15 10:00:00;02;CE
1;AB;2024;87;2024-08-31 10:00:00;03;CO
1;AB;2024;88;2024-09-14 08:00:00;00;FC
1;AB;2024;88;2024-09-14 10:00:00;01;EM
1;AB;2024;88;2024-09-15 10:00:00;02;CE
1;AB;2024;88;2024-09-21 10:00:00;03;CO
1;AB;2024;89;2024-10-14 08:00:00;00;FC
1;AB;2024;89;2024-10-14 10:00:00;01;EM
1;AB;2024;89;2024-10-15 10:00:00;02;CE
1;AB;2024;89;2024-11-05 10:00:00;03;CO
1;AB;2024;90;2024-11-14 08:00:00;00;FC
1;AB;2024;90;2024-11-14 10:00:00;01;EM
1;AB;2024;90;2024-11-15 10:00:00;02;CE
1;AB;2024;90;2024-12-08 10:00:00;03;CO
1;AB;2024;91;2024-12-14 08:00:00;00;FC
1;AB;2024;91;2024-12-14 10:00:00;01;EM
1;AB;2024;91;2024-12-15 10:00:00;02;CE
1;AB;2024;91;2024-12-23 10:00:00;03;CO
1;AB;2025;91;2025-01-14 08:00:00;00;FC
1;AB;2025;91;2025-01-14 10:00:00;01;EM
1;AB;2025;91;2025-01-15 10:00:00;02;CE
1;AB;2025;91;2025-02-04 10:00:00;03;CO
1;AB;2025;92;2025-02-14 08:00:00;00;FC
1;AB;2025;92;2025-02-14 10:00:00;01;EM
1;AB;2025;92;2025-02-15 10:00:00;02;CE
1;AB;2025;92;2025-02-27 10:00:00;03;CO
1;AB;2025;93;2025-03-14 08:00:00;00;FC
1;AB;2025;93;2025-03-14 10:00:00;01;EM
1;AB;2025;93;2025-03-15 10:00:00;02;CE
1;AB;2025;93;2025-04-14 10:00:00;03;CO
1;AB;2025;94;2025-04-14 08:00:00;00;FC
1;AB;2025;94;2025-04-14 10:00:00;01;EM
1;AB;2025;94;2025-04-15 10:00:00;02;CE
1;AB;2025;94;2025-04-28 10:00:00;03;CO
1;AB;2025;95;2025-05-14 08:00:00;00;FC
1;AB;2025;95;2025-05-14 10:00:00;01;EM
1;AB;2025;95;2025-05-15 10:00:00;02;CE
1;AB;2025;95;2025-06-05 10:00:00;03;CO
1;AB;2025;96;2025-06-14 08:00:00;00;FC
1;AB;2025;96;2025-06-14 10:00:00;01;EM
1;AB;2025;96;2025-06-15 10:00:00;02;CE
1;AB;2025;96;2025-07-09 10:00:00;03;CO
1;AB;2025;97;2025-07-14 08:00:00;00;FC
1;AB;2025;97;2025-07-14 10:00:00;01;EM
1;AB;2025;97;2025-07-15 10:00:00;02;CE
1;AB;2025;97;2025-07-22 10:00:00;03;CO
1;AB;2025;98;2025-08-14 08:00:00;00;FC
1;AB;2025;98;2025-08-14 10:00:00;01;EM
1;AB;2025;98;2025-08-15 10:00:00;02;CE
1;AB;2025;98;2025-09-03 10:00:00;03;CO
1;AB;2025;99;2025-09-14 08:00:00;00;FC
1;AB;2025;99;2025-09-14 10:00:00;01;EM
1;AB;2025;99;2025-09-15 10:00:00;02;CE
1;AB;2025;99;2025-10-06 10:00:00;03;CO
1;AB;2025;100;2025-10-14 08:00:00;00;FC
1;AB;2025;100;2025-10-14 10:00:00;01;EM
1;AB;2025;100;2025-10-15 10:00:00;02;CE
1;AB;2025;100;2025-10-20 10:00:00;03;CO
1;AB;2025;101;2025-11-14 08:00:00;00;FC
1;AB;2025;101;2025-11-14 10:00:00;01;EM
1;AB;2025;101;2025-11-15 10:00:00;02;CE
1;AB;2025;101;2025-11-27 10:00:00;03;CO
1;AB;2025;102;2025-12-14 08:00:00;00;FC
1;AB;2025;102;2025-12-14 10:00:00;01;EM
1;AB;2025;102;2025-12-15 10:00:00;02;CE
1;AB;2025;102;2026-01-11 10:00:00;03;CO
1;AB;2026;65;2026-01-14 08:00:00;00;FC
1;AB;2026;65;2026-01-14 10:00:00;01;EM
1;AB;2026;65;2026-01-15 10:00:00;02;CE
1;AB;2026;65;2026-02-09 10:00:00;03;CO
1;AB;2026;66;2026-02-14 08:00:00;00;FC
1;AB;2026;66;2026-02-14 10:00:00;01;EM
1;AB;2026;66;2026-02-15 10:00:00;02;CE
1;AB;2026;66;2026-03-12 10:00:00;03;CO
1;AB;2026;67;2026-03-14 08:00:00;00;FC
1;AB;2026;67;2026-03-14 10:00:00;01;EM
1;AB;2026;67;2026-03-15 10:00:00;02;CE
1;AB;2026;67;2026-04-03 10:00:00;04;DV
1;AB;2026;67;2026-04-08 10:00:00;24;RC
1;AB;2026;68;2026-04-14 08:00:00;00;FC
1;AB;2026;68;2026-04-14 10:00:00;01;EM
1;AB;2026;68;2026-04-15 10:00:00;02;CE
1;AB;2026;68;2026-05-13 10:00:00;03;CO
1;AB;2026;69;2026-05-14 08:00:00;00;FC
1;AB;2026;69;2026-05-14 10:00:00;01;EM
1;AB;2026;69;2026-05-15 10:00:00;02;CE
1;AB;2026;69;2026-06-05 10:00:00;03;CO
1;AB;2026;70;2026-06-14 08:00:00;00;FC
1;AB;2026;70;2026-06-14 10:00:00;01;EM
1;AB;2026;70;2026-06-15 10:00:00;02;CE
1;AB;2026;70;2026-07-07 10:00:00;03;CO
1;AB;2026;71;2026-07-14 08:00:00;00;FC
1;AB;2026;71;2026-07-14 10:00:00;01;EM
1;AB;2026;71;2026-07-15 10:00:00;02;CE
1;AB;2026;71;2026-08-09 10:00:00;03;CO
1;AB;2024;92;2024-11-14 08:00:00;00;FC
1;AB;2024;92;2024-11-14 10:00:00;01;EM
1;AB;2024;92;2024-11-15 10:00:00;02;CE
1;AB;2024;92;2024-12-04 10:00:00;03;CO
1;AB;2024;93;2024-12-14 08:00:00;00;FC
1;AB;2024;93;2024-12-14 10:00:00;01;EM
1;AB;2024;93;2024-12-15 10:00:00;02;CE
1;AB;2024;93;2025-01-03 10:00:00;03;CO
1;AB;2025;103;2025-01-14 08:00:00;00;FC
1;AB;2025;103;2025-01-14 10:00:00;01;EM
1;AB;2025;103;2025-01-15 10:00:00;02;CE
1;AB;2025;103;2025-02-01 10:00:00;03;CO
1;AB;2025;104;2025-02-14 08:00:00;00;FC
1;AB;2025;104;2025-02-14 10:00:00;01;EM
1;AB;2025;104;2025-02-15 10:00:00;02;CE
1;AB;2025;104;2025-02-22 10:00:00;03;CO
1;AB;2025;105;2025-03-14 08:00:00;00;FC
1;AB;2025;105;2025-03-14 10:00:00;01;EM
1;AB;2025;105;2025-03-15 10:00:00;02;CE
1;AB;2025;105;2025-03-30 10:00:00;03;CO
1;AB;2025;106;2025-04-14 08:00:00;00;FC
1;AB;2025;106;2025-04-14 10:00:00;01;EM
1;AB;2025;106;2025-04-15 10:00:00;05;CN
1;AB;2025;107;2025-05-14 08:00:00;00;FC
1;AB;2025;107;2025-05-14 10:00:00;01;EM
1;AB;2025;107;2025-05-15 10:00:00;02;CE
1;AB;2025;107;2025-05-25 10:00:00;03;CO
1;AB;2025;108;2025-06-14 08:00:00;00;FC
1;AB;2025;108;2025-06-14 10:00:00;01;EM
1;AB;2025;108;2025-06-15 10:00:00;02;CE
1;AB;2025;108;2025-06-25 10:00:00;03;CO
1;AB;2025;109;2025-07-14 08:00:00;00;FC
1;AB;2025;109;2025-07-14 10:00:00;01;EM
1;AB;2025;109;2025-07-15 10:00:00;02;CE
1;AB;2025;109;2025-07-24 10:00:00;03;CO
1;AB;2025;110;2025-08-14 08:00:00;00;FC
1;AB;2025;110;2025-08-14 10:00:00;01;EM
1;AB;2025;110;2025-08-15 10:00:00;02;CE
1;AB;2025;110;2025-08-22 10:00:00;03;CO
1;AB;2025;111;2025-09-14 08:00:00;00;FC
1;AB;2025;111;2025-09-14 10:00:00;01;EM
1;AB;2025;111;2025-09-15 10:00:00;02;CE
1;AB;2025;111;2025-09-30 10:00:00;03;CO
1;AB;2025;112;2025-10-14 08:00:00;00;FC
1;AB;2025;112;2025-10-14 10:00:00;01;EM
1;AB;2025;112;2025-10-15 10:00:00;02;CE
1;AB;2025;112;2025-10-27 10:00:00;03;CO
1;AB;2025;113;2025-11-14 08:00:00;00;FC
1;AB;2025;113;2025-11-14 10:00:00;01;EM
1;AB;2025;113;2025-11-15 10:00:00;02;CE
1;AB;2025;113;2025-11-29 10:00:00;03;CO
1;AB;2025;114;2025-12-14 08:00:00;00;FC
1;AB;2025;114;2025-12-14 10:00:00;01;EM
1;AB;2025;114;2025-12-15 10:00:00;02;CE
1;AB;2025;114;2026-01-04 10:00:00;04;DV
1;AB;2025;114;2026-01-19 10:00:00;24;RC
1;AB;2026;72;2026-01-14 08:00:00;00;FC
1;AB;2026;72;2026-01-14 10:00:00;01;EM
1;AB;2026;72;2026-01-15 10:00:00;02;CE
1;AB;2026;72;2026-02-10 10:00:00;03;CO
1;AB;2026;73;2026-02-14 08:00:00;00;FC
1;AB;2026;73;2026-02-14 10:00:00;01;EM
1;AB;2026;74;2026-03-14 08:00:00;00;FC
1;AB;2026;74;2026-03-14 10:00:00;01;EM
1;AB;2026;74;2026-03-15 10:00:00;02;CE
1;AB;2026;74;2026-03-25 10:00:00;03;CO
1;AB;2026;75;2026-04-14 08:00:00;00;FC
1;AB;2026;75;2026-04-14 10:00:00;01;EM
1;AB;2026;75;2026-04-15 10:00:00;02;CE
1;AB;2026;75;2026-05-05 10:00:00;03;CO
1;AB;2026;76;2026-05-14 08:00:00;00;FC
1;AB;2026;76;2026-05-14 10:00:00;01;EM
1;AB;2026;76;2026-05-15 10:00:00;02;CE
1;AB;2026;76;2026-05-30 10:00:00;03;CO
1;AB;2026;77;2026-06-14 08:00:00;00;FC
1;AB;2026;77;2026-06-14 10:00:00;01;EM
1;AB;2026;77;2026-06-15 10:00:00;02;CE
1;AB;2026;77;2026-06-29 10:00:00;03;CO
1;AB;2026;78;2026-07-14 08:00:00;00;FC
1;AB;2026;78;2026-07-14 10:00:00;01;EM
1;AB;2026;78;2026-07-15 10:00:00;02;CE
1;AB;2026;78;2026-08-02 10:00:00;03;CO
1;AB;2026;79;2026-01-14 08:00:00;00;FC
1;AB;2026;79;2026-01-14 10:00:00;01;EM
1;AB;2026;80;2026-02-14 08:00:00;00;FC
1;AB;2026;80;2026-02-14 10:00:00;01;EM
1;AB;2026;80;2026-02-15 10:00:00;02;CE
1;AB;2026;80;2026-03-04 10:00:00;04;DV
1;AB;2026;80;2026-03-17 10:00:00;24;RC
1;AB;2026;81;2026-03-14 08:00:00;00;FC
1;AB;2026;81;2026-03-14 10:00:00;01;EM
1;AB;2026;81;2026-03-15 10:00:00;02;CE
1;AB;2026;81;2026-03-25 10:00:00;03;CO
1;AB;2026;82;2026-04-14 08:00:00;00;FC
1;AB;2026;82;2026-04-14 10:00:00;01;EM
1;AB;2026;82;2026-04-15 10:00:00;02;CE
1;AB;2026;82;2026-04-25 10:00:00;03;CO
1;AB;2026;83;2026-05-14 08:00:00;00;FC
1;AB;2026;83;2026-05-14 10:00:00;01;EM
1;AB;2026;84;2026-06-14 08:00:00;00;FC
1;AB;2026;84;2026-06-14 10:00:00;01;EM
1;AB;2026;84;2026-06-15 10:00:00;02;CE
1;AB;2026;84;2026-07-01 10:00:00;03;CO
1;AB;2026;85;2026-07-14 08:00:00;00;FC
1;AB;2026;85;2026-07-14 10:00:00;01;EM
1;AB;2026;85;2026-07-15 10:00:00;02;CE
1;AB;2026;85;2026-07-30 10:00:00;03;CO
1;AB;2020;6;2020-02-14 08:00:00;00;FC
1;AB;2020;6;2020-02-14 10:00:00;01;EM
1;AB;2020;6;2020-02-15 10:00:00;02;CE
1;AB;2020;6;2020-03-14 10:00:00;03;CO
1;AB;2020;7;2020-03-14 08:00:00;00;FC
1;AB;2020;7;2020-03-14 10:00:00;01;EM
1;AB;2020;7;2020-03-15 10:00:00;02;CE
1;AB;2020;7;2020-03-23 10:00:00;03;CO
1;AB;2020;8;2020-04-14 08:00:00;00;FC
1;AB;2020;8;2020-04-14 10:00:00;01;EM
1;AB;2020;8;2020-04-15 10:00:00;02;CE
1;AB;2020;8;2020-05-05 10:00:00;03;CO
1;AB;2020;9;2020-05-14 08:00:00;00;FC
1;AB;2020;9;2020-05-14 10:00:00;01;EM
1;AB;2020;9;2020-05-15 10:00:00;02;CE
1;AB;2020;9;2020-06-07 10:00:00;03;CO
1;AB;2020;10;2020-06-14 08:00:00;00;FC
1;AB;2020;10;2020-06-14 10:00:00;01;EM
1;AB;2020;10;2020-06-15 10:00:00;02;CE
1;AB;2020;10;2020-06-28 10:00:00;03;CO
1;AB;2020;11;2020-07-14 08:00:00;00;FC
1;AB;2020;11;2020-07-14 10:00:00;01;EM
1;AB;2020;11;2020-07-15 10:00:00;02;CE
1;AB;2020;11;2020-08-03 10:00:00;03;CO
1;AB;2020;12;2020-08-14 08:00:00;00;FC
1;AB;2020;12;2020-08-14 10:00:00;01;EM
1;AB;2020;12;2020-08-15 10:00:00;02;CE
1;AB;2020;12;2020-09-07 10:00:00;03;CO
1;AB;2020;13;2020-09-14 08:00:00;00;FC
1;AB;2020;13;2020-09-14 10:00:00;01;EM
1;AB;2020;13;2020-09-15 10:00:00;02;CE
1;AB;2020;13;2020-09-27 10:00:00;03;CO
1;AB;2020;14;2020-10-14 08:00:00;00;FC
1;AB;2020;14;2020-10-14 10:00:00;01;EM
1;AB;2020;14;2020-10-15 10:00:00;02;CE
1;AB;2020;14;2020-10-20 10:00:00;03;CO
1;AB;2020;15;2020-11-14 08:00:00;00;FC
1;AB;2020;15;2020-11-14 10:00:00;01;EM
1;AB;2020;15;2020-11-15 10:00:00;02;CE
1;AB;2020;15;2020-12-13 10:00:00;03;CO
1;AB;2020;16;2020-12-14 08:00:00;00;FC
1;AB;2020;16;2020-12-14 10:00:00;01;EM
1;AB;2020;16;2020-12-15 10:00:00;02;CE
1;AB;2020;16;2020-12-24 10:00:00;03;CO
1;AB;2021;27;2021-01-14 08:00:00;00;FC
1;AB;2021;27;2021-01-14 10:00:00;01;EM
1;AB;2021;27;2021-01-15 10:00:00;02;CE
1;AB;2021;27;2021-02-05 10:00:00;03;CO
1;AB;2021;28;2021-02-14 08:00:00;00;FC
1;AB;2021;28;2021-02-14 10:00:00;01;EM
1;AB;2021;28;2021-02-15 10:00:00;02;CE
1;AB;2021;28;2021-03-06 10:00:00;03;CO
1;AB;2021;29;2021-03-14 08:00:00;00;FC
1;AB;2021;29;2021-03-14 10:00:00;01;EM
1;AB;2021;29;2021-03-15 10:00:00;02;CE
1;AB;2021;29;2021-04-05 10:00:00;03;CO
1;AB;2021;30;2021-04-14 08:00:00;00;FC
1;AB;2021;30;2021-04-14 10:00:00;01;EM
1;AB;2021;30;2021-04-15 10:00:00;02;CE
1;AB;2021;30;2021-04-24 10:00:00;03;CO
1;AB;2021;31;2021-05-14 08:00:00;00;FC
1;AB;2021;31;2021-05-14 10:00:00;01;EM
1;AB;2021;31;2021-05-15 10:00:00;02;CE
1;AB;2021;31;2021-06-02 10:00:00;03;CO
1;AB;2021;32;2021-06-14 08:00:00;00;FC
1;AB;2021;32;2021-06-14 10:00:00;01;EM
1;AB;2021;32;2021-06-15 10:00:00;02;CE
1;AB;2021;32;2021-06-25 10:00:00;03;CO
1;AB;2021;33;2021-07-14 08:00:00;00;FC
1;AB;2021;33;2021-07-14 10:00:00;01;EM
1;AB;2021;33;2021-07-15 10:00:00;02;CE
1;AB;2021;33;2021-08-11 10:00:00;03;CO
1;AB;2021;34;2021-08-14 08:00:00;00;FC
1;AB;2021;34;2021-08-14 10:00:00;01;EM
1;AB;2021;34;2021-08-15 10:00:00;02;CE
1;AB;2021;34;2021-09-07 10:00:00;03;CO
1;AB;2021;35;2021-09-14 08:00:00;00;FC
1;AB;2021;35;2021-09-14 10:00:00;01;EM
1;AB;2021;35;2021-09-15 10:00:00;02;CE
1;AB;2021;35;2021-09-23 10:00:00;03;CO
1;AB;2021;36;2021-10-14 08:00:00;00;FC
1;AB;2021;36;2021-10-14 10:00:00;01;EM
1;AB;2021;36;2021-10-15 10:00:00;02;CE
1;AB;2021;36;2021-10-20 10:00:00;03;CO
1;AB;2021;37;2021-11-14 08:00:00;00;FC
1;AB;2021;37;2021-11-14 10:00:00;01;EM
1;AB;2021;37;2021-11-15 10:00:00;02;CE
1;AB;2021;37;2021-12-11 10:00:00;03;CO
1;AB;2021;38;2021-12-14 08:00:00;00;FC
1;AB;2021;38;2021-12-14 10:00:00;01;EM
1;AB;2021;38;2021-12-15 10:00:00;02;CE
1;AB;2021;38;2021-12-27 10:00:00;03;CO
1;AB;2022;49;2022-01-14 08:00:00;00;FC
1;AB;2022;49;2022-01-14 10:00:00;01;EM
1;AB;2022;49;2022-01-15 10:00:00;02;CE
1;AB;2022;49;2022-02-14 10:00:00;03;CO
1;AB;2022;50;2022-02-14 08:00:00;00;FC
1;AB;2022;50;2022-02-14 10:00:00;01;EM
1;AB;2022;50;2022-02-15 10:00:00;02;CE
1;AB;2022;50;2022-03-17 10:00:00;03;CO
1;AB;2022;51;2022-03-14 08:00:00;00;FC
1;AB;2022;51;2022-03-14 10:00:00;01;EM
1;AB;2022;51;2022-03-15 10:00:00;02;CE
1;AB;2022;51;2022-03-31 10:00:00;03;CO
1;AB;2022;52;2022-04-14 08:00:00;00;FC
1;AB;2022;52;2022-04-14 10:00:00;01;EM
1;AB;2022;52;2022-04-15 10:00:00;02;CE
1;AB;2022;52;2022-04-26 10:00:00;03;CO
1;AB;2022;53;2022-05-14 08:00:00;00;FC
1;AB;2022;53;2022-05-14 10:00:00;01;EM
1;AB;2022;53;2022-05-15 10:00:00;02;CE
1;AB;2022;53;2022-06-11 10:00:00;03;CO
1;AB;2022;54;2022-06-14 08:00:00;00;FC
1;AB;2022;54;2022-06-14 10:00:00;01;EM
1;AB;2022;54;2022-06-15 10:00:00;02;CE
1;AB;2022;54;2022-06-24 10:00:00;03;CO
1;AB;2022;55;2022-07-14 08:00:00;00;FC
1;AB;2022;55;2022-07-14 10:00:00;01;EM
1;AB;2022;55;2022-07-15 10:00:00;02;CE
1;AB;2022;55;2022-08-02 10:00:00;03;CO
1;AB;2022;56;2022-08-14 08:00:00;00;FC
1;AB;2022;56;2022-08-14 10:00:00;01;EM
1;AB;2022;56;2022-08-15 10:00:00;02;CE
1;AB;2022;56;2022-09-10 10:00:00;03;CO
1;AB;2022;57;2022-09-14 08:00:00;00;FC
1;AB;2022;57;2022-09-14 10:00:00;01;EM
1;AB;2022;57;2022-09-15 10:00:00;02;CE
1;AB;2022;57;2022-10-11 10:00:00;03;CO
1;AB;2022;58;2022-10-14 08:00:00;00;FC
1;AB;2022;58;2022-10-14 10:00:00;01;EM
1;AB;2022;58;2022-10-15 10:00:00;02;CE
1;AB;2022;58;2022-11-09 10:00:00;03;CO
1;AB;2022;59;2022-11-14 08:00:00;00;FC
1;AB;2022;59;2022-11-14 10:00:00;01;EM
1;AB;2022;59;2022-11-15 10:00:00;02;CE
1;AB;2022;59;2022-12-02 10:00:00;03;CO
1;AB;2022;60;2022-12-14 08:00:00;00;FC
1;AB;2022;60;2022-12-14 10:00:00;01;EM
1;AB;2022;60;2022-12-15 10:00:00;02;CE
1;AB;2022;60;2022-12-29 10:00:00;03;CO
1;AB;2023;72;2023-01-14 08:00:00;00;FC
1;AB;2023;72;2023-01-14 10:00:00;01;EM
1;AB;2023;72;2023-01-15 10:00:00;02;CE
1;AB;2023;72;2023-02-13 10:00:00;03;CO
1;AB;2023;73;2023-02-14 08:00:00;00;FC
1;AB;2023;73;2023-02-14 10:00:00;01;EM
1;AB;2023;73;2023-02-15 10:00:00;02;CE
1;AB;2023;73;2023-02-23 10:00:00;03;CO
1;AB;2023;74;2023-03-14 08:00:00;00;FC
1;AB;2023;74;2023-03-14 10:00:00;01;EM
1;AB;2023;74;2023-03-15 10:00:00;02;CE
1;AB;2023;74;2023-04-06 10:00:00;03;CO
1;AB;2023;75;2023-04-14 08:00:00;00;FC
1;AB;2023;75;2023-04-14 10:00:00;01;EM
1;AB;2023;75;2023-04-15 10:00:00;02;CE
1;AB;2023;75;2023-04-20 10:00:00;03;CO
1;AB;2023;76;2023-05-14 08:00:00;00;FC
1;AB;2023;76;2023-05-14 10:00:00;01;EM
1;AB;2023;76;2023-05-15 10:00:00;02;CE
1;AB;2023;76;2023-05-27 10:00:00;03;CO
1;AB;2023;77;2023-06-14 08:00:00;00;FC
1;AB;2023;77;2023-06-14 10:00:00;01;EM
1;AB;2023;77;2023-06-15 10:00:00;02;CE
1;AB;2023;77;2023-07-14 10:00:00;03;CO
1;AB;2023;78;2023-07-14 08:00:00;00;FC
1;AB;2023;78;2023-07-14 10:00:00;01;EM
1;AB;2023;78;2023-07-15 10:00:00;02;CE
1;AB;2023;78;2023-08-01 10:00:00;03;CO
1;AB;2023;79;2023-08-14 08:00:00;00;FC
1;AB;2023;79;2023-08-14 10:00:00;01;EM
1;AB;2023;79;2023-08-15 10:00:00;02;CE
1;AB;2023;79;2023-08-24 10:00:00;03;CO
1;AB;2023;80;2023-09-14 08:00:00;00;FC
1;AB;2023;80;2023-09-14 10:00:00;01;EM
1;AB;2023;80;2023-09-15 10:00:00;02;CE
1;AB;2023;80;2023-10-13 10:00:00;03;CO
1;AB;2023;81;2023-10-14 08:00:00;00;FC
1;AB;2023;81;2023-10-14 10:00:00;01;EM
1;AB;2023;81;2023-10-15 10:00:00;02;CE
1;AB;2023;81;2023-10-26 10:00:00;03;CO
1;AB;2023;82;2023-11-14 08:00:00;00;FC
1;AB;2023;82;2023-11-14 10:00:00;01;EM
1;AB;2023;82;2023-11-15 10:00:00;02;CE
1;AB;2023;82;2023-12-10 10:00:00;03;CO
1;AB;2023;83;2023-12-14 08:00:00;00;FC
1;AB;2023;83;2023-12-14 10:00:00;01;EM
1;AB;2023;83;2023-12-15 10:00:00;02;CE
1;AB;2023;83;2023-12-22 10:00:00;03;CO
1;AB;2024;94;2024-01-14 08:00:00;00;FC
1;AB;2024;94;2024-01-14 10:00:00;01;EM
1;AB;2024;94;2024-01-15 10:00:00;02;CE
1;AB;2024;94;2024-02-09 10:00:00;03;CO
1;AB;2024;95;2024-02-14 08:00:00;00;FC
1;AB;2024;95;2024-02-14 10:00:00;01;EM
1;AB;2024;95;2024-02-15 10:00:00;02;CE
1;AB;2024;95;2024-03-13 10:00:00;03;CO
1;AB;2024;96;2024-03-14 08:00:00;00;FC
1;AB;2024;96;2024-03-14 10:00:00;01;EM
1;AB;2024;96;2024-03-15 10:00:00;02;CE
1;AB;2024;96;2024-04-10 10:00:00;03;CO
1;AB;2024;97;2024-04-14 08:00:00;00;FC
1;AB;2024;97;2024-04-14 10:00:00;01;EM
1;AB;2024;97;2024-04-15 10:00:00;02;CE
1;AB;2024;97;2024-05-03 10:00:00;03;CO
1;AB;2024;98;2024-05-14 08:00:00;00;FC
1;AB;2024;98;2024-05-14 10:00:00;01;EM
1;AB;2024;98;2024-05-15 10:00:00;02;CE
1;AB;2024;98;2024-05-27 10:00:00;03;CO
1;AB;2024;99;2024-06-14 08:00:00;00;FC
1;AB;2024;99;2024-06-14 10:00:00;01;EM
1;AB;2024;99;2024-06-15 10:00:00;02;CE
1;AB;2024;99;2024-06-30 10:00:00;03;CO
1;AB;2024;100;2024-07-14 08:00:00;00;FC
1;AB;2024;100;2024-07-14 10:00:00;01;EM
1;AB;2024;100;2024-07-15 10:00:00;02;CE
1;AB;2024;100;2024-08-05 10:00:00;03;CO
1;AB;2024;101;2024-08-14 08:00:00;00;FC
1;AB;2024;101;2024-08-14 10:00:00;01;EM
1;AB;2024;101;2024-08-15 10:00:00;02;CE
1;AB;2024;101;2024-08-28 10:00:00;03;CO
1;AB;2024;102;2024-09-14 08:00:00;00;FC
1;AB;2024;102;2024-09-14 10:00:00;01;EM
1;AB;2024;102;2024-09-15 10:00:00;02;CE
1;AB;2024;102;2024-10-03 10:00:00;03;CO
1;AB;2024;103;2024-10-14 08:00:00;00;FC
1;AB;2024;103;2024-10-14 10:00:00;01;EM
1;AB;2024;103;2024-10-15 10:00:00;02;CE
1;AB;2024;103;2024-11-10 10:00:00;03;CO
1;AB;2024;104;2024-11-14 08:00:00;00;FC
1;AB;2024;104;2024-11-14 10:00:00;01;EM
1;AB;2024;104;2024-11-15 10:00:00;02;CE
1;AB;2024;104;2024-11-22 10:00:00;03;CO
1;AB;2024;105;2024-12-14 08:00:00;00;FC
1;AB;2024;105;2024-12-14 10:00:00;01;EM
1;AB;2024;105;2024-12-15 10:00:00;05;CN
1;AB;2025;115;2025-01-14 08:00:00;00;FC
1;AB;2025;115;2025-01-14 10:00:00;01;EM
1;AB;2025;115;2025-01-15 10:00:00;02;CE
1;AB;2025;115;2025-02-09 10:00:00;03;CO
1;AB;2025;116;2025-02-14 08:00:00;00;FC
1;AB;2025;116;2025-02-14 10:00:00;01;EM
1;AB;2025;116;2025-02-15 10:00:00;02;CE
1;AB;2025;116;2025-03-01 10:00:00;03;CO
1;AB;2025;117;2025-03-14 08:00:00;00;FC
1;AB;2025;117;2025-03-14 10:00:00;01;EM
1;AB;2025;117;2025-03-15 10:00:00;02;CE
1;AB;2025;117;2025-03-28 10:00:00;03;CO
1;AB;2025;118;2025-04-14 08:00:00;00;FC
1;AB;2025;118;2025-04-14 10:00:00;01;EM
1;AB;2025;118;2025-04-15 10:00:00;02;CE
1;AB;2025;118;2025-04-29 10:00:00;03;CO
1;AB;2025;119;2025-05-14 08:00:00;00;FC
1;AB;2025;119;2025-05-14 10:00:00;01;EM
1;AB;2025;119;2025-05-15 10:00:00;02;CE
1;AB;2025;119;2025-06-05 10:00:00;03;CO
1;AB;2025;120;2025-06-14 08:00:00;00;FC
1;AB;2025;120;2025-06-14 10:00:00;01;EM
1;AB;2025;120;2025-06-15 10:00:00;02;CE
1;AB;2025;120;2025-06-20 10:00:00;03;CO
1;AB;2025;121;2025-07-14 08:00:00;00;FC
1;AB;2025;121;2025-07-14 10:00:00;01;EM
1;AB;2025;121;2025-07-15 10:00:00;02;CE
1;AB;2025;121;2025-08-09 10:00:00;03;CO
1;AB;2025;122;2025-08-14 08:00:00;00;FC
1;AB;2025;122;2025-08-14 10:00:00;01;EM
1;AB;2025;122;2025-08-15 10:00:00;02;CE
1;AB;2025;122;2025-08-20 10:00:00;03;CO
1;AB;2025;123;2025-09-14 08:00:00;00;FC
1;AB;2025;123;2025-09-14 10:00:00;01;EM
1;AB;2025;123;2025-09-15 10:00:00;02;CE
1;AB;2025;123;2025-10-01 10:00:00;03;CO
1;AB;2025;124;2025-10-14 08:00:00;00;FC
1;AB;2025;124;2025-10-14 10:00:00;01;EM
1;AB;2025;124;2025-10-15 10:00:00;02;CE
1;AB;2025;124;2025-11-12 10:00:00;03;CO
1;AB;2025;125;2025-11-14 08:00:00;00;FC
1;AB;2025;125;2025-11-14 10:00:00;01;EM
1;AB;2025;125;2025-11-15 10:00:00;02;CE
1;AB;2025;125;2025-11-29 10:00:00;03;CO
1;AB;2025;126;2025-12-14 08:00:00;00;FC
1;AB;2025;126;2025-12-14 10:00:00;01;EM
1;AB;2025;126;2025-12-15 10:00:00;02;CE
1;AB;2025;126;2025-12-29 10:00:00;03;CO
1;AB;2026;86;2026-01-14 08:00:00;00;FC
1;AB;2026;86;2026-01-14 10:00:00;01;EM
1;AB;2026;86;2026-01-15 10:00:00;02;CE
1;AB;2026;86;2026-01-27 10:00:00;04;DV
1;AB;2026;86;2026-02-01 10:00:00;24;RC
1;AB;2026;87;2026-02-14 08:00:00;00;FC
1;AB;2026;87;2026-02-14 10:00:00;01;EM
1;AB;2026;87;2026-02-15 10:00:00;02;CE
1;AB;2026;87;2026-03-11 10:00:00;03;CO
1;AB;2026;88;2026-03-14 08:00:00;00;FC
1;AB;2026;88;2026-03-14 10:00:00;01;EM
1;AB;2026;88;2026-03-15 10:00:00;02;CE
1;AB;2026;88;2026-04-13 10:00:00;03;CO
1;AB;2026;89;2026-04-14 08:00:00;00;FC
1;AB;2026;89;2026-04-14 10:00:00;01;EM
1;AB;2026;89;2026-04-15 10:00:00;02;CE
1;AB;2026;89;2026-04-22 10:00:00;03;CO
1;AB;2026;90;2026-05-14 08:00:00;00;FC
1;AB;2026;90;2026-05-14 10:00:00;01;EM
1;AB;2026;90;2026-05-15 10:00:00;02;CE
1;AB;2026;90;2026-05-24 10:00:00;03;CO
1;AB;2026;91;2026-06-14 08:00:00;00;FC
1;AB;2026;91;2026-06-14 10:00:00;01;EM
1;AB;2026;91;2026-06-15 10:00:00;02;CE
1;AB;2026;91;2026-06-28 10:00:00;03;CO
1;AB;2026;92;2026-07-14 08:00:00;00;FC
1;AB;2026;92;2026-07-14 10:00:00;01;EM
1;AB;2026;92;2026-07-15 10:00:00;02;CE
1;AB;2026;92;2026-08-14 10:00:00;03;CO
1;AB;2021;39;2021-03-14 08:00:00;00;FC
1;AB;2021;39;2021-03-14 10:00:00;01;EM
1;AB;2021;39;2021-03-15 10:00:00;02;CE
1;AB;2021;39;2021-03-26 10:00:00;03;CO
1;AB;2021;40;2021-04-14 08:00:00;00;FC
1;AB;2021;40;2021-04-14 10:00:00;01;EM
1;AB;2021;40;2021-04-15 10:00:00;02;CE
1;AB;2021;40;2021-05-09 10:00:00;03;CO
1;AB;2021;41;2021-05-14 08:00:00;00;FC
1;AB;2021;41;2021-05-14 10:00:00;01;EM
1;AB;2021;41;2021-05-15 10:00:00;02;CE
1;AB;2021;41;2021-06-11 10:00:00;03;CO
1;AB;2021;42;2021-06-14 08:00:00;00;FC
1;AB;2021;42;2021-06-14 10:00:00;01;EM
1;AB;2021;42;2021-06-15 10:00:00;02;CE
1;AB;2021;42;2021-07-01 10:00:00;03;CO
1;AB;2021;43;2021-07-14 08:00:00;00;FC
1;AB;2021;43;2021-07-14 10:00:00;01;EM
1;AB;2021;43;2021-07-15 10:00:00;02;CE
1;AB;2021;43;2021-08-04 10:00:00;03;CO
1;AB;2021;44;2021-08-14 08:00:00;00;FC
1;AB;2021;44;2021-08-14 10:00:00;01;EM
1;AB;2021;44;2021-08-15 10:00:00;02;CE
1;AB;2021;44;2021-08-31 10:00:00;03;CO
1;AB;2021;45;2021-09-14 08:00:00;00;FC
1;AB;2021;45;2021-09-14 10:00:00;01;EM
1;AB;2021;45;2021-09-15 10:00:00;02;CE
1;AB;2021;45;2021-09-22 10:00:00;03;CO
1;AB;2021;46;2021-10-14 08:00:00;00;FC
1;AB;2021;46;2021-10-14 10:00:00;01;EM
1;AB;2021;46;2021-10-15 10:00:00;02;CE
1;AB;2021;46;2021-10-27 10:00:00;03;CO
1;AB;2021;47;2021-11-14 08:00:00;00;FC
1;AB;2021;47;2021-11-14 10:00:00;01;EM
1;AB;2021;47;2021-11-15 10:00:00;02;CE
1;AB;2021;47;2021-11-27 10:00:00;03;CO
1;AB;2021;48;2021-12-14 08:00:00;00;FC
1;AB;2021;48;2021-12-14 10:00:00;01;EM
1;AB;2021;48;2021-12-15 10:00:00;02;CE
1;AB;2021;48;2021-12-26 10:00:00;03;CO
1;AB;2022;61;2022-01-14 08:00:00;00;FC
1;AB;2022;61;2022-01-14 10:00:00;01;EM
1;AB;2022;61;2022-01-15 10:00:00;02;CE
1;AB;2022;61;2022-01-20 10:00:00;03;CO
1;AB;2022;62;2022-02-14 08:00:00;00;FC
1;AB;2022;62;2022-02-14 10:00:00;01;EM
1;AB;2022;62;2022-02-15 10:00:00;02;CE
1;AB;2022;62;2022-03-07 10:00:00;03;CO
1;AB;2022;63;2022-03-14 08:00:00;00;FC
1;AB;2022;63;2022-03-14 10:00:00;01;EM
1;AB;2022;63;2022-03-15 10:00:00;02;CE
1;AB;2022;63;2022-04-10 10:00:00;03;CO
1;AB;2022;64;2022-04-14 08:00:00;00;FC
1;AB;2022;64;2022-04-14 10:00:00;01;EM
1;AB;2022;64;2022-04-15 10:00:00;02;CE
1;AB;2022;64;2022-05-09 10:00:00;03;CO
1;AB;2022;65;2022-05-14 08:00:00;00;FC
1;AB;2022;65;2022-05-14 10:00:00;01;EM
1;AB;2022;65;2022-05-15 10:00:00;02;CE
1;AB;2022;65;2022-06-01 10:00:00;03;CO
1;AB;2022;66;2022-06-14 08:00:00;00;FC
1;AB;2022;66;2022-06-14 10:00:00;01;EM
1;AB;2022;66;2022-06-15 10:00:00;02;CE
1;AB;2022;66;2022-07-02 10:00:00;03;CO
1;AB;2022;67;2022-07-14 08:00:00;00;FC
1;AB;2022;67;2022-07-14 10:00:00;01;EM
1;AB;2022;67;2022-07-15 10:00:00;02;CE
1;AB;2022;67;2022-08-07 10:00:00;03;CO
1;AB;2022;68;2022-08-14 08:00:00;00;FC
1;AB;2022;68;2022-08-14 10:00:00;01;EM
1;AB;2022;68;2022-08-15 10:00:00;02;CE
1;AB;2022;68;2022-08-27 10:00:00;03;CO
1;AB;2022;69;2022-09-14 08:00:00;00;FC
1;AB;2022;69;2022-09-14 10:00:00;01;EM
1;AB;2022;69;2022-09-15 10:00:00;02;CE
1;AB;2022;69;2022-09-28 10:00:00;03;CO
1;AB;2022;70;2022-10-14 08:00:00;00;FC
1;AB;2022;70;2022-10-14 10:00:00;01;EM
1;AB;2022;70;2022-10-15 10:00:00;02;CE
1;AB;2022;70;2022-11-13 10:00:00;03;CO
1;AB;2022;71;2022-11-14 08:00:00;00;FC
1;AB;2022;71;2022-11-14 10:00:00;01;EM
1;AB;2022;71;2022-11-15 10:00:00;02;CE
1;AB;2022;71;2022-11-20 10:00:00;03;CO
1;AB;2022;72;2022-12-14 08:00:00;00;FC
1;AB;2022;72;2022-12-14 10:00:00;01;EM
1;AB;2022;72;2022-12-15 10:00:00;02;CE
1;AB;2022;72;2023-01-03 10:00:00;03;CO
1;AB;2023;84;2023-01-14 08:00:00;00;FC
1;AB;2023;84;2023-01-14 10:00:00;01;EM
1;AB;2023;84;2023-01-15 10:00:00;02;CE
1;AB;2023;84;2023-01-23 10:00:00;03;CO
1;AB;2023;85;2023-02-14 08:00:00;00;FC
1;AB;2023;85;2023-02-14 10:00:00;01;EM
1;AB;2023;85;2023-02-15 10:00:00;02;CE
1;AB;2023;85;2023-02-21 10:00:00;03;CO
1;AB;2023;86;2023-03-14 08:00:00;00;FC
1;AB;2023;86;2023-03-14 10:00:00;01;EM
1;AB;2023;86;2023-03-15 10:00:00;02;CE
1;AB;2023;86;2023-03-28 10:00:00;03;CO
1;AB;2023;87;2023-04-14 08:00:00;00;FC
1;AB;2023;87;2023-04-14 10:00:00;01;EM
1;AB;2023;87;2023-04-15 10:00:00;02;CE
1;AB;2023;87;2023-05-14 10:00:00;03;CO
1;AB;2023;88;2023-05-14 08:00:00;00;FC
1;AB;2023;88;2023-05-14 10:00:00;01;EM
1;AB;2023;88;2023-05-15 10:00:00;02;CE
1;AB;2023;88;2023-05-24 10:00:00;03;CO
1;AB;2023;89;2023-06-14 08:00:00;00;FC
1;AB;2023;89;2023-06-14 10:00:00;01;EM
1;AB;2023;89;2023-06-15 10:00:00;02;CE
1;AB;2023;89;2023-07-11 10:00:00;03;CO
1;AB;2023;90;2023-07-14 08:00:00;00;FC
1;AB;2023;90;2023-07-14 10:00:00;01;EM
1;AB;2023;90;2023-07-15 10:00:00;02;CE
1;AB;2023;90;2023-07-25 10:00:00;03;CO
1;AB;2023;91;2023-08-14 08:00:00;00;FC
1;AB;2023;91;2023-08-14 10:00:00;01;EM
1;AB;2023;91;2023-08-15 10:00:00;02;CE
1;AB;2023;91;2023-09-03 10:00:00;03;CO
1;AB;2023;92;2023-09-14 08:00:00;00;FC
1;AB;2023;92;2023-09-14 10:00:00;01;EM
1;AB;2023;92;2023-09-15 10:00:00;02;CE
1;AB;2023;92;2023-10-08 10:00:00;03;CO
1;AB;2023;93;2023-10-14 08:00:00;00;FC
1;AB;2023;93;2023-10-14 10:00:00;01;EM
1;AB;2023;93;2023-10-15 10:00:00;02;CE
1;AB;2023;93;2023-11-14 10:00:00;03;CO
1;AB;2023;94;2023-11-14 08:00:00;00;FC
1;AB;2023;94;2023-11-14 10:00:00;01;EM
1;AB;2023;94;2023-11-15 10:00:00;02;CE
1;AB;2023;94;2023-12-13 10:00:00;03;CO
1;AB;2023;95;2023-12-14 08:00:00;00;FC
1;AB;2023;95;2023-12-14 10:00:00;01;EM
1;AB;2023;95;2023-12-15 10:00:00;02;CE
1;AB;2023;95;2023-12-23 10:00:00;03;CO
1;AB;2024;106;2024-01-14 08:00:00;00;FC
1;AB;2024;106;2024-01-14 10:00:00;01;EM
1;AB;2024;106;2024-01-15 10:00:00;02;CE
1;AB;2024;106;2024-01-20 10:00:00;03;CO
1;AB;2024;107;2024-02-14 08:00:00;00;FC
1;AB;2024;107;2024-02-14 10:00:00;01;EM
1;AB;2024;107;2024-02-15 10:00:00;02;CE
1;AB;2024;107;2024-02-22 10:00:00;03;CO
1;AB;2024;108;2024-03-14 08:00:00;00;FC
1;AB;2024;108;2024-03-14 10:00:00;01;EM
1;AB;2024;108;2024-03-15 10:00:00;02;CE
1;AB;2024;108;2024-04-13 10:00:00;03;CO
1;AB;2024;109;2024-04-14 08:00:00;00;FC
1;AB;2024;109;2024-04-14 10:00:00;01;EM
1;AB;2024;109;2024-04-15 10:00:00;02;CE
1;AB;2024;109;2024-05-04 10:00:00;03;CO
1;AB;2024;110;2024-05-14 08:00:00;00;FC
1;AB;2024;110;2024-05-14 10:00:00;01;EM
1;AB;2024;110;2024-05-15 10:00:00;02;CE
1;AB;2024;110;2024-06-03 10:00:00;03;CO
1;AB;2024;111;2024-06-14 08:00:00;00;FC
1;AB;2024;111;2024-06-14 10:00:00;01;EM
1;AB;2024;111;2024-06-15 10:00:00;02;CE
1;AB;2024;111;2024-07-07 10:00:00;03;CO
1;AB;2024;112;2024-07-14 08:00:00;00;FC
1;AB;2024;112;2024-07-14 10:00:00;01;EM
1;AB;2024;112;2024-07-15 10:00:00;02;CE
1;AB;2024;112;2024-07-26 10:00:00;03;CO
1;AB;2024;113;2024-08-14 08:00:00;00;FC
1;AB;2024;113;2024-08-14 10:00:00;01;EM
1;AB;2024;113;2024-08-15 10:00:00;02;CE
1;AB;2024;113;2024-08-22 10:00:00;03;CO
1;AB;2024;114;2024-09-14 08:00:00;00;FC
1;AB;2024;114;2024-09-14 10:00:00;01;EM
1;AB;2024;114;2024-09-15 10:00:00;02;CE
1;AB;2024;114;2024-09-21 10:00:00;03;CO
1;AB;2024;115;2024-10-14 08:00:00;00;FC
1;AB;2024;115;2024-10-14 10:00:00;01;EM
1;AB;2024;115;2024-10-15 10:00:00;02;CE
1;AB;2024;115;2024-11-13 10:00:00;03;CO
1;AB;2024;116;2024-11-14 08:00:00;00;FC
1;AB;2024;116;2024-11-14 10:00:00;01;EM
1;AB;2024;116;2024-11-15 10:00:00;02;CE
1;AB;2024;116;2024-12-15 10:00:00;03;CO
1;AB;2024;117;2024-12-14 08:00:00;00;FC
1;AB;2024;117;2024-12-14 10:00:00;01;EM
1;AB;2024;117;2024-12-15 10:00:00;05;CN
1;AB;2025;127;2025-01-14 08:00:00;00;FC
1;AB;2025;127;2025-01-14 10:00:00;01;EM
1;AB;2025;127;2025-01-15 10:00:00;05;CN
1;AB;2025;128;2025-02-14 08:00:00;00;FC
1;AB;2025;128;2025-02-14 10:00:00;01;EM
1;AB;2025;128;2025-02-15 10:00:00;02;CE
1;AB;2025;128;2025-03-15 10:00:00;03;CO
1;AB;2025;129;2025-03-14 08:00:00;00;FC
1;AB;2025;129;2025-03-14 10:00:00;01;EM
1;AB;2025;129;2025-03-15 10:00:00;02;CE
1;AB;2025;129;2025-04-02 10:00:00;03;CO
1;AB;2025;130;2025-04-14 08:00:00;00;FC
1;AB;2025;130;2025-04-14 10:00:00;01;EM
1;AB;2025;130;2025-04-15 10:00:00;02;CE
1;AB;2025;130;2025-05-08 10:00:00;03;CO
1;AB;2025;131;2025-05-14 08:00:00;00;FC
1;AB;2025;131;2025-05-14 10:00:00;01;EM
1;AB;2025;131;2025-05-15 10:00:00;02;CE
1;AB;2025;131;2025-05-29 10:00:00;03;CO
1;AB;2025;132;2025-06-14 08:00:00;00;FC
1;AB;2025;132;2025-06-14 10:00:00;01;EM
1;AB;2025;132;2025-06-15 10:00:00;02;CE
1;AB;2025;132;2025-06-21 10:00:00;03;CO
1;AB;2025;133;2025-07-14 08:00:00;00;FC
1;AB;2025;133;2025-07-14 10:00:00;01;EM
1;AB;2025;133;2025-07-15 10:00:00;02;CE
1;AB;2025;133;2025-08-08 10:00:00;03;CO
1;AB;2025;134;2025-08-14 08:00:00;00;FC
1;AB;2025;134;2025-08-14 10:00:00;01;EM
1;AB;2025;134;2025-08-15 10:00:00;02;CE
1;AB;2025;134;2025-08-22 10:00:00;03;CO
1;AB;2025;135;2025-09-14 08:00:00;00;FC
1;AB;2025;135;2025-09-14 10:00:00;01;EM
1;AB;2025;135;2025-09-15 10:00:00;02;CE
1;AB;2025;135;2025-10-05 10:00:00;04;DV
1;AB;2025;135;2025-10-20 10:00:00;24;RC
1;AB;2025;136;2025-10-14 08:00:00;00;FC
1;AB;2025;136;2025-10-14 10:00:00;01;EM
1;AB;2025;136;2025-10-15 10:00:00;02;CE
1;AB;2025;136;2025-10-22 10:00:00;03;CO
1;AB;2025;137;2025-11-14 08:00:00;00;FC
1;AB;2025;137;2025-11-14 10:00:00;01;EM
1;AB;2025;137;2025-11-15 10:00:00;02;CE
1;AB;2025;137;2025-12-02 10:00:00;03;CO
1;AB;2025;138;2025-12-14 08:00:00;00;FC
1;AB;2025;138;2025-12-14 10:00:00;01;EM
1;AB;2025;138;2025-12-15 10:00:00;02;CE
1;AB;2025;138;2025-12-27 10:00:00;04;DV
1;AB;2025;138;2026-01-09 10:00:00;24;RC
1;AB;2026;93;2026-01-14 08:00:00;00;FC
1;AB;2026;93;2026-01-14 10:00:00;01;EM
1;AB;2026;93;2026-01-15 10:00:00;02;CE
1;AB;2026;93;2026-01-29 10:00:00;03;CO
1;AB;2026;94;2026-02-14 08:00:00;00;FC
1;AB;2026;94;2026-02-14 10:00:00;01;EM
1;AB;2026;94;2026-02-15 10:00:00;02;CE
1;AB;2026;94;2026-03-13 10:00:00;03;CO
1;AB;2026;95;2026-03-14 08:00:00;00;FC
1;AB;2026;95;2026-03-14 10:00:00;01;EM
1;AB;2026;95;2026-03-15 10:00:00;02;CE
1;AB;2026;95;2026-04-18 10:00:00;04;DV
1;AB;2026;96;2026-04-14 08:00:00;00;FC
1;AB;2026;96;2026-04-14 10:00:00;01;EM
1;AB;2026;96;2026-04-15 10:00:00;02;CE
1;AB;2026;96;2026-05-15 10:00:00;03;CO
1;AB;2026;97;2026-05-14 08:00:00;00;FC
1;AB;2026;97;2026-05-14 10:00:00;01;EM
1;AB;2026;97;2026-05-15 10:00:00;02;CE
1;AB;2026;97;2026-06-04 10:00:00;03;CO
1;AB;2026;98;2026-06-14 08:00:00;00;FC
1;AB;2026;98;2026-06-14 10:00:00;01;EM
1;AB;2026;98;2026-06-15 10:00:00;02;CE
1;AB;2026;98;2026-07-14 10:00:00;03;CO
1;AB;2026;99;2026-07-14 08:00:00;00;FC
1;AB;2026;99;2026-07-14 10:00:00;01;EM
1;AB;2026;99;2026-07-15 10:00:00;02;CE
1;AB;2026;99;2026-08-05 10:00:00;03;CO
1;AB;2022;73;2022-04-14 08:00:00;00;FC
1;AB;2022;73;2022-04-14 10:00:00;01;EM
1;AB;2022;73;2022-04-15 10:00:00;02;CE
1;AB;2022;73;2022-05-07 10:00:00;03;CO
1;AB;2022;74;2022-05-14 08:00:00;00;FC
1;AB;2022;74;2022-05-14 10:00:00;01;EM
1;AB;2022;74;2022-05-15 10:00:00;02;CE
1;AB;2022;74;2022-05-23 10:00:00;03;CO
1;AB;2022;75;2022-06-14 08:00:00;00;FC
1;AB;2022;75;2022-06-14 10:00:00;01;EM
1;AB;2022;75;2022-06-15 10:00:00;02;CE
1;AB;2022;75;2022-06-30 10:00:00;03;CO
1;AB;2022;76;2022-07-14 08:00:00;00;FC
1;AB;2022;76;2022-07-14 10:00:00;01;EM
1;AB;2022;76;2022-07-15 10:00:00;02;CE
1;AB;2022;76;2022-08-06 10:00:00;03;CO
1;AB;2022;77;2022-08-14 08:00:00;00;FC
1;AB;2022;77;2022-08-14 10:00:00;01;EM
1;AB;2022;77;2022-08-15 10:00:00;02;CE
1;AB;2022;77;2022-09-03 10:00:00;03;CO
1;AB;2022;78;2022-09-14 08:00:00;00;FC
1;AB;2022;78;2022-09-14 10:00:00;01;EM
1;AB;2022;78;2022-09-15 10:00:00;02;CE
1;AB;2022;78;2022-09-29 10:00:00;03;CO
1;AB;2022;79;2022-10-14 08:00:00;00;FC
1;AB;2022;79;2022-10-14 10:00:00;01;EM
1;AB;2022;79;2022-10-15 10:00:00;02;CE
1;AB;2022;79;2022-10-24 10:00:00;03;CO
1;AB;2022;80;2022-11-14 08:00:00;00;FC
1;AB;2022;80;2022-11-14 10:00:00;01;EM
1;AB;2022;80;2022-11-15 10:00:00;02;CE
1;AB;2022;80;2022-12-13 10:00:00;03;CO
1;AB;2022;81;2022-12-14 08:00:00;00;FC
1;AB;2022;81;2022-12-14 10:00:00;01;EM
1;AB;2022;81;2022-12-15 10:00:00;02;CE
1;AB;2022;81;2022-12-31 10:00:00;03;CO
1;AB;2023;96;2023-01-14 08:00:00;00;FC
1;AB;2023;96;2023-01-14 10:00:00;01;EM
1;AB;2023;96;2023-01-15 10:00:00;02;CE
1;AB;2023;96;2023-02-10 10:00:00;03;CO
1;AB;2023;97;2023-02-14 08:00:00;00;FC
1;AB;2023;97;2023-02-14 10:00:00;01;EM
1;AB;2023;97;2023-02-15 10:00:00;02;CE
1;AB;2023;97;2023-03-11 10:00:00;03;CO
1;AB;2023;98;2023-03-14 08:00:00;00;FC
1;AB;2023;98;2023-03-14 10:00:00;01;EM
1;AB;2023;98;2023-03-15 10:00:00;02;CE
1;AB;2023;98;2023-03-27 10:00:00;03;CO
1;AB;2023;99;2023-04-14 08:00:00;00;FC
1;AB;2023;99;2023-04-14 10:00:00;01;EM
1;AB;2023;99;2023-04-15 10:00:00;02;CE
1;AB;2023;99;2023-04-22 10:00:00;03;CO
1;AB;2023;100;2023-05-14 08:00:00;00;FC
1;AB;2023;100;2023-05-14 10:00:00;01;EM
1;AB;2023;100;2023-05-15 10:00:00;02;CE
1;AB;2023;100;2023-06-02 10:00:00;03;CO
1;AB;2023;101;2023-06-14 08:00:00;00;FC
1;AB;2023;101;2023-06-14 10:00:00;01;EM
1;AB;2023;101;2023-06-15 10:00:00;02;CE
1;AB;2023;101;2023-07-13 10:00:00;03;CO
1;AB;2023;102;2023-07-14 08:00:00;00;FC
1;AB;2023;102;2023-07-14 10:00:00;01;EM
1;AB;2023;102;2023-07-15 10:00:00;02;CE
1;AB;2023;102;2023-08-07 10:00:00;03;CO
1;AB;2023;103;2023-08-14 08:00:00;00;FC
1;AB;2023;103;2023-08-14 10:00:00;01;EM
1;AB;2023;103;2023-08-15 10:00:00;02;CE
1;AB;2023;103;2023-08-30 10:00:00;03;CO
1;AB;2023;104;2023-09-14 08:00:00;00;FC
1;AB;2023;104;2023-09-14 10:00:00;01;EM
1;AB;2023;104;2023-09-15 10:00:00;02;CE
1;AB;2023;104;2023-10-04 10:00:00;03;CO
1;AB;2023;105;2023-10-14 08:00:00;00;FC
1;AB;2023;105;2023-10-14 10:00:00;01;EM
1;AB;2023;105;2023-10-15 10:00:00;02;CE
1;AB;2023;105;2023-10-22 10:00:00;03;CO
1;AB;2023;106;2023-11-14 08:00:00;00;FC
1;AB;2023;106;2023-11-14 10:00:00;01;EM
1;AB;2023;106;2023-11-15 10:00:00;02;CE
1;AB;2023;106;2023-11-21 10:00:00;03;CO
1;AB;2023;107;2023-12-14 08:00:00;00;FC
1;AB;2023;107;2023-12-14 10:00:00;01;EM
1;AB;2023;107;2023-12-15 10:00:00;02;CE
1;AB;2023;107;2023-12-25 10:00:00;03;CO
1;AB;2024;118;2024-01-14 08:00:00;00;FC
1;AB;2024;118;2024-01-14 10:00:00;01;EM
1;AB;2024;118;2024-01-15 10:00:00;02;CE
1;AB;2024;118;2024-02-14 10:00:00;03;CO
1;AB;2024;119;2024-02-14 08:00:00;00;FC
1;AB;2024;119;2024-02-14 10:00:00;01;EM
1;AB;2024;119;2024-02-15 10:00:00;02;CE
1;AB;2024;119;2024-03-13 10:00:00;03;CO
1;AB;2024;120;2024-03-14 08:00:00;00;FC
1;AB;2024;120;2024-03-14 10:00:00;01;EM
1;AB;2024;120;2024-03-15 10:00:00;02;CE
1;AB;2024;120;2024-03-23 10:00:00;03;CO
1;AB;2024;121;2024-04-14 08:00:00;00;FC
1;AB;2024;121;2024-04-14 10:00:00;01;EM
1;AB;2024;121;2024-04-15 10:00:00;02;CE
1;AB;2024;121;2024-04-26 10:00:00;03;CO
1;AB;2024;122;2024-05-14 08:00:00;00;FC
1;AB;2024;122;2024-05-14 10:00:00;01;EM
1;AB;2024;122;2024-05-15 10:00:00;02;CE
1;AB;2024;122;2024-06-14 10:00:00;03;CO
1;AB;2024;123;2024-06-14 08:00:00;00;FC
1;AB;2024;123;2024-06-14 10:00:00;01;EM
1;AB;2024;123;2024-06-15 10:00:00;02;CE
1;AB;2024;123;2024-07-09 10:00:00;03;CO
1;AB;2024;124;2024-07-14 08:00:00;00;FC
1;AB;2024;124;2024-07-14 10:00:00;01;EM
1;AB;2024;124;2024-07-15 10:00:00;02;CE
1;AB;2024;124;2024-08-04 10:00:00;03;CO
1;AB;2024;125;2024-08-14 08:00:00;00;FC
1;AB;2024;125;2024-08-14 10:00:00;01;EM
1;AB;2024;125;2024-08-15 10:00:00;02;CE
1;AB;2024;125;2024-09-10 10:00:00;03;CO
1;AB;2024;126;2024-09-14 08:00:00;00;FC
1;AB;2024;126;2024-09-14 10:00:00;01;EM
1;AB;2024;126;2024-09-15 10:00:00;02;CE
1;AB;2024;126;2024-10-06 10:00:00;03;CO
1;AB;2024;127;2024-10-14 08:00:00;00;FC
1;AB;2024;127;2024-10-14 10:00:00;01;EM
1;AB;2024;127;2024-10-15 10:00:00;02;CE
1;AB;2024;127;2024-11-05 10:00:00;03;CO
1;AB;2024;128;2024-11-14 08:00:00;00;FC
1;AB;2024;128;2024-11-14 10:00:00;01;EM
1;AB;2024;128;2024-11-15 10:00:00;02;CE
1;AB;2024;128;2024-12-10 10:00:00;03;CO
1;AB;2024;129;2024-12-14 08:00:00;00;FC
1;AB;2024;129;2024-12-14 10:00:00;01;EM
1;AB;2024;129;2024-12-15 10:00:00;02;CE
1;AB;2024;129;2024-12-25 10:00:00;03;CO
1;AB;2025;139;2025-01-14 08:00:00;00;FC
1;AB;2025;139;2025-01-14 10:00:00;01;EM
1;AB;2025;139;2025-01-15 10:00:00;02;CE
1;AB;2025;139;2025-01-25 10:00:00;03;CO
1;AB;2025;140;2025-02-14 08:00:00;00;FC
1;AB;2025;140;2025-02-14 10:00:00;01;EM
1;AB;2025;140;2025-02-15 10:00:00;02;CE
1;AB;2025;140;2025-02-24 10:00:00;03;CO
1;AB;2025;141;2025-03-14 08:00:00;00;FC
1;AB;2025;141;2025-03-14 10:00:00;01;EM
1;AB;2025;141;2025-03-15 10:00:00;02;CE
1;AB;2025;141;2025-04-09 10:00:00;03;CO
1;AB;2025;142;2025-04-14 08:00:00;00;FC
1;AB;2025;142;2025-04-14 10:00:00;01;EM
1;AB;2025;142;2025-04-15 10:00:00;02;CE
1;AB;2025;142;2025-05-07 10:00:00;03;CO
1;AB;2025;143;2025-05-14 08:00:00;00;FC
1;AB;2025;143;2025-05-14 10:00:00;01;EM
1;AB;2025;143;2025-05-15 10:00:00;02;CE
1;AB;2025;143;2025-05-25 10:00:00;03;CO
1;AB;2025;144;2025-06-14 08:00:00;00;FC
1;AB;2025;144;2025-06-14 10:00:00;01;EM
1;AB;2025;144;2025-06-15 10:00:00;02;CE
1;AB;2025;144;2025-07-10 10:00:00;03;CO
1;AB;2025;145;2025-07-14 08:00:00;00;FC
1;AB;2025;145;2025-07-14 10:00:00;01;EM
1;AB;2025;145;2025-07-15 10:00:00;02;CE
1;AB;2025;145;2025-07-21 10:00:00;03;CO
1;AB;2025;146;2025-08-14 08:00:00;00;FC
1;AB;2025;146;2025-08-14 10:00:00;01;EM
1;AB;2025;146;2025-08-15 10:00:00;02;CE
1;AB;2025;146;2025-09-04 10:00:00;03;CO
1;AB;2025;147;2025-09-14 08:00:00;00;FC
1;AB;2025;147;2025-09-14 10:00:00;01;EM
1;AB;2025;147;2025-09-15 10:00:00;02;CE
1;AB;2025;147;2025-10-03 10:00:00;03;CO
1;AB;2025;148;2025-10-14 08:00:00;00;FC
1;AB;2025;148;2025-10-14 10:00:00;01;EM
1;AB;2025;148;2025-10-15 10:00:00;02;CE
1;AB;2025;148;2025-10-21 10:00:00;03;CO
1;AB;2025;149;2025-11-14 08:00:00;00;FC
1;AB;2025;149;2025-11-14 10:00:00;01;EM
1;AB;2025;150;2025-12-14 08:00:00;00;FC
1;AB;2025;150;2025-12-14 10:00:00;01;EM
1;AB;2025;150;2025-12-15 10:00:00;02;CE
1;AB;2025;150;2025-12-31 10:00:00;03;CO
1;AB;2026;100;2026-01-14 08:00:00;00;FC
1;AB;2026;100;2026-01-14 10:00:00;01;EM
1;AB;2026;100;2026-01-15 10:00:00;02;CE
1;AB;2026;100;2026-02-12 10:00:00;03;CO
1;AB;2026;101;2026-02-14 08:00:00;00;FC
1;AB;2026;101;2026-02-14 10:00:00;01;EM
1;AB;2026;101;2026-02-15 10:00:00;02;CE
1;AB;2026;101;2026-03-03 10:00:00;03;CO
1;AB;2026;102;2026-03-14 08:00:00;00;FC
1;AB;2026;102;2026-03-14 10:00:00;01;EM
1;AB;2026;102;2026-03-15 10:00:00;02;CE
1;AB;2026;102;2026-03-29 10:00:00;03;CO
1;AB;2026;103;2026-04-14 08:00:00;00;FC
1;AB;2026;103;2026-04-14 10:00:00;01;EM
1;AB;2026;103;2026-04-15 10:00:00;02;CE
1;AB;2026;103;2026-05-14 10:00:00;04;DV
1;AB;2026;103;2026-05-21 10:00:00;24;RC
1;AB;2026;104;2026-05-14 08:00:00;00;FC
1;AB;2026;104;2026-05-14 10:00:00;01;EM
1;AB;2026;104;2026-05-15 10:00:00;02;CE
1;AB;2026;104;2026-05-23 10:00:00;03;CO
1;AB;2026;105;2026-06-14 08:00:00;00;FC
1;AB;2026;105;2026-06-14 10:00:00;01;EM
1;AB;2026;106;2026-07-14 08:00:00;00;FC
1;AB;2026;106;2026-07-14 10:00:00;01;EM
1;AB;2023;108;2023-04-24 08:00:00;00;FC
1;AB;2023;108;2023-04-24 10:00:00;01;EM
1;AB;2023;108;2023-04-25 10:00:00;02;CE
1;AB;2023;108;2023-05-03 10:00:00;03;CO
1;AB;2023;109;2023-05-24 08:00:00;00;FC
1;AB;2023;109;2023-05-24 10:00:00;01;EM
1;AB;2023;109;2023-05-25 10:00:00;02;CE
1;AB;2023;109;2023-06-17 10:00:00;03;CO
1;AB;2023;110;2023-06-24 08:00:00;00;FC
1;AB;2023;110;2023-06-24 10:00:00;01;EM
1;AB;2023;110;2023-06-25 10:00:00;02;CE
1;AB;2023;110;2023-07-04 10:00:00;03;CO
1;AB;2023;111;2023-07-24 08:00:00;00;FC
1;AB;2023;111;2023-07-24 10:00:00;01;EM
1;AB;2023;111;2023-07-25 10:00:00;02;CE
1;AB;2023;111;2023-08-17 10:00:00;03;CO
1;AB;2023;112;2023-08-24 08:00:00;00;FC
1;AB;2023;112;2023-08-24 10:00:00;01;EM
1;AB;2023;112;2023-08-25 10:00:00;02;CE
1;AB;2023;112;2023-09-06 10:00:00;03;CO
1;AB;2023;113;2023-09-24 08:00:00;00;FC
1;AB;2023;113;2023-09-24 10:00:00;01;EM
1;AB;2023;113;2023-09-25 10:00:00;02;CE
1;AB;2023;113;2023-10-02 10:00:00;03;CO
1;AB;2023;114;2023-10-24 08:00:00;00;FC
1;AB;2023;114;2023-10-24 10:00:00;01;EM
1;AB;2023;114;2023-10-25 10:00:00;02;CE
1;AB;2023;114;2023-11-18 10:00:00;03;CO
1;AB;2023;115;2023-11-24 08:00:00;00;FC
1;AB;2023;115;2023-11-24 10:00:00;01;EM
1;AB;2023;115;2023-11-25 10:00:00;02;CE
1;AB;2023;115;2023-12-23 10:00:00;03;CO
1;AB;2023;116;2023-12-24 08:00:00;00;FC
1;AB;2023;116;2023-12-24 10:00:00;01;EM
1;AB;2023;116;2023-12-25 10:00:00;02;CE
1;AB;2023;116;2023-12-31 10:00:00;03;CO
1;AB;2024;130;2024-01-24 08:00:00;00;FC
1;AB;2024;130;2024-01-24 10:00:00;01;EM
1;AB;2024;130;2024-01-25 10:00:00;02;CE
1;AB;2024;130;2024-02-22 10:00:00;03;CO
1;AB;2024;131;2024-02-24 08:00:00;00;FC
1;AB;2024;131;2024-02-24 10:00:00;01;EM
1;AB;2024;131;2024-02-25 10:00:00;02;CE
1;AB;2024;131;2024-03-23 10:00:00;03;CO
1;AB;2024;132;2024-03-24 08:00:00;00;FC
1;AB;2024;132;2024-03-24 10:00:00;01;EM
1;AB;2024;132;2024-03-25 10:00:00;02;CE
1;AB;2024;132;2024-04-07 10:00:00;03;CO
1;AB;2024;133;2024-04-24 08:00:00;00;FC
1;AB;2024;133;2024-04-24 10:00:00;01;EM
1;AB;2024;133;2024-04-25 10:00:00;02;CE
1;AB;2024;133;2024-04-30 10:00:00;03;CO
1;AB;2024;134;2024-05-24 08:00:00;00;FC
1;AB;2024;134;2024-05-24 10:00:00;01;EM
1;AB;2024;134;2024-05-25 10:00:00;02;CE
1;AB;2024;134;2024-06-09 10:00:00;03;CO
1;AB;2024;135;2024-06-24 08:00:00;00;FC
1;AB;2024;135;2024-06-24 10:00:00;01;EM
1;AB;2024;135;2024-06-25 10:00:00;02;CE
1;AB;2024;135;2024-07-05 10:00:00;03;CO
1;AB;2024;136;2024-07-24 08:00:00;00;FC
1;AB;2024;136;2024-07-24 10:00:00;01;EM
1;AB;2024;136;2024-07-25 10:00:00;02;CE
1;AB;2024;136;2024-08-12 10:00:00;03;CO
1;AB;2024;137;2024-08-24 08:00:00;00;FC
1;AB;2024;137;2024-08-24 10:00:00;01;EM
1;AB;2024;137;2024-08-25 10:00:00;02;CE
1;AB;2024;137;2024-09-16 10:00:00;03;CO
1;AB;2024;138;2024-09-24 08:00:00;00;FC
1;AB;2024;138;2024-09-24 10:00:00;01;EM
1;AB;2024;138;2024-09-25 10:00:00;02;CE
1;AB;2024;138;2024-10-25 10:00:00;03;CO
1;AB;2024;139;2024-10-24 08:00:00;00;FC
1;AB;2024;139;2024-10-24 10:00:00;01;EM
1;AB;2024;139;2024-10-25 10:00:00;02;CE
1;AB;2024;139;2024-11-22 10:00:00;03;CO
1;AB;2024;140;2024-11-24 08:00:00;00;FC
1;AB;2024;140;2024-11-24 10:00:00;01;EM
1;AB;2024;140;2024-11-25 10:00:00;02;CE
1;AB;2024;140;2024-12-02 10:00:00;03;CO
1;AB;2024;141;2024-12-24 08:00:00;00;FC
1;AB;2024;141;2024-12-24 10:00:00;01;EM
1;AB;2024;141;2024-12-25 10:00:00;02;CE
1;AB;2024;141;2025-01-19 10:00:00;03;CO
1;AB;2025;151;2025-01-24 08:00:00;00;FC
1;AB;2025;151;2025-01-24 10:00:00;01;EM
1;AB;2025;151;2025-01-25 10:00:00;02;CE
1;AB;2025;151;2025-02-03 10:00:00;03;CO
1;AB;2025;152;2025-02-24 08:00:00;00;FC
1;AB;2025;152;2025-02-24 10:00:00;01;EM
1;AB;2025;152;2025-02-25 10:00:00;02;CE
1;AB;2025;152;2025-03-06 10:00:00;03;CO
1;AB;2025;153;2025-03-24 08:00:00;00;FC
1;AB;2025;153;2025-03-24 10:00:00;01;EM
1;AB;2025;153;2025-03-25 10:00:00;02;CE
1;AB;2025;153;2025-04-05 10:00:00;03;CO
1;AB;2025;154;2025-04-24 08:00:00;00;FC
1;AB;2025;154;2025-04-24 10:00:00;01;EM
1;AB;2025;154;2025-04-25 10:00:00;02;CE
1;AB;2025;154;2025-05-01 10:00:00;03;CO
1;AB;2025;155;2025-05-24 08:00:00;00;FC
1;AB;2025;155;2025-05-24 10:00:00;01;EM
1;AB;2025;155;2025-05-25 10:00:00;02;CE
1;AB;2025;155;2025-06-11 10:00:00;03;CO
1;AB;2025;156;2025-06-24 08:00:00;00;FC
1;AB;2025;156;2025-06-24 10:00:00;01;EM
1;AB;2025;156;2025-06-25 10:00:00;02;CE
1;AB;2025;156;2025-07-03 10:00:00;03;CO
1;AB;2025;157;2025-07-24 08:00:00;00;FC
1;AB;2025;157;2025-07-24 10:00:00;01;EM
1;AB;2025;157;2025-07-25 10:00:00;02;CE
1;AB;2025;157;2025-08-15 10:00:00;03;CO
1;AB;2025;158;2025-08-24 08:00:00;00;FC
1;AB;2025;158;2025-08-24 10:00:00;01;EM
1;AB;2025;158;2025-08-25 10:00:00;02;CE
1;AB;2025;158;2025-09-20 10:00:00;03;CO
1;AB;2025;159;2025-09-24 08:00:00;00;FC
1;AB;2025;159;2025-09-24 10:00:00;01;EM
1;AB;2025;159;2025-09-25 10:00:00;02;CE
1;AB;2025;159;2025-10-02 10:00:00;03;CO
1;AB;2025;160;2025-10-24 08:00:00;00;FC
1;AB;2025;160;2025-10-24 10:00:00;01;EM
1;AB;2025;160;2025-10-25 10:00:00;02;CE
1;AB;2025;160;2025-11-10 10:00:00;03;CO
1;AB;2025;161;2025-11-24 08:00:00;00;FC
1;AB;2025;161;2025-11-24 10:00:00;01;EM
1;AB;2025;161;2025-11-25 10:00:00;02;CE
1;AB;2025;161;2025-12-06 10:00:00;03;CO
1;AB;2025;162;2025-12-24 08:00:00;00;FC
1;AB;2025;162;2025-12-24 10:00:00;01;EM
1;AB;2025;162;2025-12-25 10:00:00;02;CE
1;AB;2025;162;2026-01-14 10:00:00;03;CO
1;AB;2026;107;2026-01-24 08:00:00;00;FC
1;AB;2026;107;2026-01-24 10:00:00;01;EM
1;AB;2026;107;2026-01-25 10:00:00;02;CE
1;AB;2026;107;2026-02-02 10:00:00;03;CO
1;AB;2026;108;2026-02-24 08:00:00;00;FC
1;AB;2026;108;2026-02-24 10:00:00;01;EM
1;AB;2026;108;2026-02-25 10:00:00;02;CE
1;AB;2026;108;2026-03-03 10:00:00;03;CO
1;AB;2026;109;2026-03-24 08:00:00;00;FC
1;AB;2026;109;2026-03-24 10:00:00;01;EM
1;AB;2026;109;2026-03-25 10:00:00;02;CE
1;AB;2026;109;2026-04-04 10:00:00;20;AJ
1;AB;2026;110;2026-04-24 08:00:00;00;FC
1;AB;2026;110;2026-04-24 10:00:00;01;EM
1;AB;2026;111;2026-05-24 08:00:00;00;FC
1;AB;2026;111;2026-05-24 10:00:00;01;EM
1;AB;2026;111;2026-05-25 10:00:00;02;CE
1;AB;2026;111;2026-06-21 10:00:00;03;CO
1;AB;2026;112;2026-06-24 08:00:00;00;FC
1;AB;2026;112;2026-06-24 10:00:00;01;EM
1;AB;2026;112;2026-06-25 10:00:00;02;CE
1;AB;2026;112;2026-07-01 10:00:00;03;CO
1;AB;2026;113;2026-07-24 08:00:00;00;FC
1;AB;2026;113;2026-07-24 10:00:00;01;EM
1;AB;2026;113;2026-07-25 10:00:00;02;CE
1;AB;2026;113;2026-08-01 10:00:00;03;CO
1;AB;2024;142;2024-05-24 08:00:00;00;FC
1;AB;2024;142;2024-05-24 10:00:00;01;EM
1;AB;2024;142;2024-05-25 10:00:00;02;CE
1;AB;2024;142;2024-06-03 10:00:00;03;CO
1;AB;2024;143;2024-06-24 08:00:00;00;FC
1;AB;2024;143;2024-06-24 10:00:00;01;EM
1;AB;2024;143;2024-06-25 10:00:00;05;CN
1;AB;2024;144;2024-07-24 08:00:00;00;FC
1;AB;2024;144;2024-07-24 10:00:00;01;EM
1;AB;2024;144;2024-07-25 10:00:00;02;CE
1;AB;2024;144;2024-08-15 10:00:00;03;CO
1;AB;2024;145;2024-08-24 08:00:00;00;FC
1;AB;2024;145;2024-08-24 10:00:00;01;EM
1;AB;2024;145;2024-08-25 10:00:00;02;CE
1;AB;2024;145;2024-09-01 10:00:00;03;CO
1;AB;2024;146;2024-09-24 08:00:00;00;FC
1;AB;2024;146;2024-09-24 10:00:00;01;EM
1;AB;2024;146;2024-09-25 10:00:00;02;CE
1;AB;2024;146;2024-10-23 10:00:00;03;CO
1;AB;2024;147;2024-10-24 08:00:00;00;FC
1;AB;2024;147;2024-10-24 10:00:00;01;EM
1;AB;2024;147;2024-10-25 10:00:00;02;CE
1;AB;2024;147;2024-11-24 10:00:00;03;CO
1;AB;2024;148;2024-11-24 08:00:00;00;FC
1;AB;2024;148;2024-11-24 10:00:00;01;EM
1;AB;2024;148;2024-11-25 10:00:00;02;CE
1;AB;2024;148;2024-12-10 10:00:00;03;CO
1;AB;2024;149;2024-12-24 08:00:00;00;FC
1;AB;2024;149;2024-12-24 10:00:00;01;EM
1;AB;2024;149;2024-12-25 10:00:00;02;CE
1;AB;2024;149;2025-01-22 10:00:00;03;CO
1;AB;2025;163;2025-01-24 08:00:00;00;FC
1;AB;2025;163;2025-01-24 10:00:00;01;EM
1;AB;2025;163;2025-01-25 10:00:00;02;CE
1;AB;2025;163;2025-02-10 10:00:00;03;CO
1;AB;2025;164;2025-02-24 08:00:00;00;FC
1;AB;2025;164;2025-02-24 10:00:00;01;EM
1;AB;2025;164;2025-02-25 10:00:00;02;CE
1;AB;2025;164;2025-03-23 10:00:00;03;CO
1;AB;2025;165;2025-03-24 08:00:00;00;FC
1;AB;2025;165;2025-03-24 10:00:00;01;EM
1;AB;2025;165;2025-03-25 10:00:00;02;CE
1;AB;2025;165;2025-04-01 10:00:00;03;CO
1;AB;2025;166;2025-04-24 08:00:00;00;FC
1;AB;2025;166;2025-04-24 10:00:00;01;EM
1;AB;2025;166;2025-04-25 10:00:00;02;CE
1;AB;2025;166;2025-05-01 10:00:00;03;CO
1;AB;2025;167;2025-05-24 08:00:00;00;FC
1;AB;2025;167;2025-05-24 10:00:00;01;EM
1;AB;2025;167;2025-05-25 10:00:00;02;CE
1;AB;2025;167;2025-05-30 10:00:00;03;CO
1;AB;2025;168;2025-06-24 08:00:00;00;FC
1;AB;2025;168;2025-06-24 10:00:00;01;EM
1;AB;2025;168;2025-06-25 10:00:00;02;CE
1;AB;2025;168;2025-07-24 10:00:00;03;CO
1;AB;2025;169;2025-07-24 08:00:00;00;FC
1;AB;2025;169;2025-07-24 10:00:00;01;EM
1;AB;2025;169;2025-07-25 10:00:00;02;CE
1;AB;2025;169;2025-08-07 10:00:00;03;CO
1;AB;2025;170;2025-08-24 08:00:00;00;FC
1;AB;2025;170;2025-08-24 10:00:00;01;EM
1;AB;2025;170;2025-08-25 10:00:00;02;CE
1;AB;2025;170;2025-09-09 10:00:00;03;CO
1;AB;2025;171;2025-09-24 08:00:00;00;FC
1;AB;2025;171;2025-09-24 10:00:00;01;EM
1;AB;2025;171;2025-09-25 10:00:00;02;CE
1;AB;2025;171;2025-10-15 10:00:00;03;CO
1;AB;2025;172;2025-10-24 08:00:00;00;FC
1;AB;2025;172;2025-10-24 10:00:00;01;EM
1;AB;2025;172;2025-10-25 10:00:00;02;CE
1;AB;2025;172;2025-11-18 10:00:00;03;CO
1;AB;2025;173;2025-11-24 08:00:00;00;FC
1;AB;2025;173;2025-11-24 10:00:00;01;EM
1;AB;2025;173;2025-11-25 10:00:00;02;CE
1;AB;2025;173;2025-12-16 10:00:00;03;CO
1;AB;2025;174;2025-12-24 08:00:00;00;FC
1;AB;2025;174;2025-12-24 10:00:00;01;EM
1;AB;2025;174;2025-12-25 10:00:00;02;CE
1;AB;2025;174;2026-01-20 10:00:00;03;CO
1;AB;2026;114;2026-01-24 08:00:00;00;FC
1;AB;2026;114;2026-01-24 10:00:00;01;EM
1;AB;2026;114;2026-01-25 10:00:00;02;CE
1;AB;2026;114;2026-02-15 10:00:00;04;DV
1;AB;2026;115;2026-02-24 08:00:00;00;FC
1;AB;2026;115;2026-02-24 10:00:00;01;EM
1;AB;2026;115;2026-02-25 10:00:00;02;CE
1;AB;2026;115;2026-03-22 10:00:00;03;CO
1;AB;2026;116;2026-03-24 08:00:00;00;FC
1;AB;2026;116;2026-03-24 10:00:00;01;EM
1;AB;2026;116;2026-03-25 10:00:00;02;CE
1;AB;2026;116;2026-04-17 10:00:00;03;CO
1;AB;2026;117;2026-04-24 08:00:00;00;FC
1;AB;2026;117;2026-04-24 10:00:00;01;EM
1;AB;2026;117;2026-04-25 10:00:00;02;CE
1;AB;2026;117;2026-05-01 10:00:00;03;CO
1;AB;2026;118;2026-05-24 08:00:00;00;FC
1;AB;2026;118;2026-05-24 10:00:00;01;EM
1;AB;2026;118;2026-05-25 10:00:00;02;CE
1;AB;2026;118;2026-06-08 10:00:00;03;CO
1;AB;2026;119;2026-06-24 08:00:00;00;FC
1;AB;2026;119;2026-06-24 10:00:00;01;EM
1;AB;2026;119;2026-06-25 10:00:00;02;CE
1;AB;2026;119;2026-07-14 10:00:00;03;CO
1;AB;2026;120;2026-07-24 08:00:00;00;FC
1;AB;2026;120;2026-07-24 10:00:00;01;EM
1;AB;2026;120;2026-07-25 10:00:00;02;CE
1;AB;2026;120;2026-08-07 10:00:00;03;CO
1;AB;2025;175;2025-06-24 08:00:00;00;FC
1;AB;2025;175;2025-06-24 10:00:00;01;EM
1;AB;2025;175;2025-06-25 10:00:00;02;CE
1;AB;2025;175;2025-07-10 10:00:00;03;CO
1;AB;2025;176;2025-07-24 08:00:00;00;FC
1;AB;2025;176;2025-07-24 10:00:00;01;EM
1;AB;2025;176;2025-07-25 10:00:00;02;CE
1;AB;2025;176;2025-08-18 10:00:00;03;CO
1;AB;2025;177;2025-08-24 08:00:00;00;FC
1;AB;2025;177;2025-08-24 10:00:00;01;EM
1;AB;2025;177;2025-08-25 10:00:00;02;CE
1;AB;2025;177;2025-09-24 10:00:00;03;CO
1;AB;2025;178;2025-09-24 08:00:00;00;FC
1;AB;2025;178;2025-09-24 10:00:00;01;EM
1;AB;2025;178;2025-09-25 10:00:00;02;CE
1;AB;2025;178;2025-10-05 10:00:00;03;CO
1;AB;2025;179;2025-10-24 08:00:00;00;FC
1;AB;2025;179;2025-10-24 10:00:00;01;EM
1;AB;2025;179;2025-10-25 10:00:00;05;CN
1;AB;2025;180;2025-11-24 08:00:00;00;FC
1;AB;2025;180;2025-11-24 10:00:00;01;EM
1;AB;2025;180;2025-11-25 10:00:00;02;CE
1;AB;2025;180;2025-12-13 10:00:00;03;CO
1;AB;2025;181;2025-12-24 08:00:00;00;FC
1;AB;2025;181;2025-12-24 10:00:00;01;EM
1;AB;2025;181;2025-12-25 10:00:00;02;CE
1;AB;2025;181;2026-01-04 10:00:00;20;AJ
1;AB;2026;121;2026-01-24 08:00:00;00;FC
1;AB;2026;121;2026-01-24 10:00:00;01;EM
1;AB;2026;121;2026-01-25 10:00:00;02;CE
1;AB;2026;121;2026-02-22 10:00:00;03;CO
1;AB;2026;122;2026-02-24 08:00:00;00;FC
1;AB;2026;122;2026-02-24 10:00:00;01;EM
1;AB;2026;122;2026-02-25 10:00:00;02;CE
1;AB;2026;122;2026-03-16 10:00:00;03;CO
1;AB;2026;123;2026-03-24 08:00:00;00;FC
1;AB;2026;123;2026-03-24 10:00:00;01;EM
1;AB;2026;123;2026-03-25 10:00:00;02;CE
1;AB;2026;123;2026-04-02 10:00:00;03;CO
1;AB;2026;124;2026-04-24 08:00:00;00;FC
1;AB;2026;124;2026-04-24 10:00:00;01;EM
1;AB;2026;124;2026-04-25 10:00:00;02;CE
1;AB;2026;124;2026-05-09 10:00:00;03;CO
1;AB;2026;125;2026-05-24 08:00:00;00;FC
1;AB;2026;125;2026-05-24 10:00:00;01;EM
1;AB;2026;125;2026-05-25 10:00:00;02;CE
1;AB;2026;125;2026-06-12 10:00:00;03;CO
1;AB;2026;126;2026-06-24 08:00:00;00;FC
1;AB;2026;126;2026-06-24 10:00:00;01;EM
1;AB;2026;126;2026-06-25 10:00:00;02;CE
1;AB;2026;126;2026-07-15 10:00:00;03;CO
1;AB;2026;127;2026-07-24 08:00:00;00;FC
1;AB;2026;127;2026-07-24 10:00:00;01;EM
1;AB;2026;127;2026-07-25 10:00:00;02;CE
1;AB;2026;127;2026-08-18 10:00:00;03;CO
1;AB;2020;17;2020-07-24 08:00:00;00;FC
1;AB;2020;17;2020-07-24 10:00:00;01;EM
1;AB;2020;17;2020-07-25 10:00:00;02;CE
1;AB;2020;17;2020-08-10 10:00:00;03;CO
1;AB;2020;18;2020-08-24 08:00:00;00;FC
1;AB;2020;18;2020-08-24 10:00:00;01;EM
1;AB;2020;18;2020-08-25 10:00:00;02;CE
1;AB;2020;18;2020-09-10 10:00:00;03;CO
1;AB;2020;19;2020-09-24 08:00:00;00;FC
1;AB;2020;19;2020-09-24 10:00:00;01;EM
1;AB;2020;19;2020-09-25 10:00:00;02;CE
1;AB;2020;19;2020-10-06 10:00:00;03;CO
1;AB;2020;20;2020-10-24 08:00:00;00;FC
1;AB;2020;20;2020-10-24 10:00:00;01;EM
1;AB;2020;20;2020-10-25 10:00:00;02;CE
1;AB;2020;20;2020-11-10 10:00:00;03;CO
1;AB;2020;21;2020-11-24 08:00:00;00;FC
1;AB;2020;21;2020-11-24 10:00:00;01;EM
1;AB;2020;21;2020-11-25 10:00:00;02;CE
1;AB;2020;21;2020-12-12 10:00:00;03;CO
1;AB;2020;22;2020-12-24 08:00:00;00;FC
1;AB;2020;22;2020-12-24 10:00:00;01;EM
1;AB;2020;22;2020-12-25 10:00:00;02;CE
1;AB;2020;22;2021-01-03 10:00:00;03;CO
1;AB;2021;49;2021-01-24 08:00:00;00;FC
1;AB;2021;49;2021-01-24 10:00:00;01;EM
1;AB;2021;49;2021-01-25 10:00:00;02;CE
1;AB;2021;49;2021-02-02 10:00:00;03;CO
1;AB;2021;50;2021-02-24 08:00:00;00;FC
1;AB;2021;50;2021-02-24 10:00:00;01;EM
1;AB;2021;50;2021-02-25 10:00:00;02;CE
1;AB;2021;50;2021-03-12 10:00:00;03;CO
1;AB;2021;51;2021-03-24 08:00:00;00;FC
1;AB;2021;51;2021-03-24 10:00:00;01;EM
1;AB;2021;51;2021-03-25 10:00:00;02;CE
1;AB;2021;51;2021-04-21 10:00:00;03;CO
1;AB;2021;52;2021-04-24 08:00:00;00;FC
1;AB;2021;52;2021-04-24 10:00:00;01;EM
1;AB;2021;52;2021-04-25 10:00:00;02;CE
1;AB;2021;52;2021-05-18 10:00:00;03;CO
1;AB;2021;53;2021-05-24 08:00:00;00;FC
1;AB;2021;53;2021-05-24 10:00:00;01;EM
1;AB;2021;53;2021-05-25 10:00:00;02;CE
1;AB;2021;53;2021-06-10 10:00:00;03;CO
1;AB;2021;54;2021-06-24 08:00:00;00;FC
1;AB;2021;54;2021-06-24 10:00:00;01;EM
1;AB;2021;54;2021-06-25 10:00:00;02;CE
1;AB;2021;54;2021-07-16 10:00:00;03;CO
1;AB;2021;55;2021-07-24 08:00:00;00;FC
1;AB;2021;55;2021-07-24 10:00:00;01;EM
1;AB;2021;55;2021-07-25 10:00:00;02;CE
1;AB;2021;55;2021-08-14 10:00:00;03;CO
1;AB;2021;56;2021-08-24 08:00:00;00;FC
1;AB;2021;56;2021-08-24 10:00:00;01;EM
1;AB;2021;56;2021-08-25 10:00:00;02;CE
1;AB;2021;56;2021-09-24 10:00:00;03;CO
1;AB;2021;57;2021-09-24 08:00:00;00;FC
1;AB;2021;57;2021-09-24 10:00:00;01;EM
1;AB;2021;57;2021-09-25 10:00:00;02;CE
1;AB;2021;57;2021-10-16 10:00:00;03;CO
1;AB;2021;58;2021-10-24 08:00:00;00;FC
1;AB;2021;58;2021-10-24 10:00:00;01;EM
1;AB;2021;58;2021-10-25 10:00:00;02;CE
1;AB;2021;58;2021-11-09 10:00:00;03;CO
1;AB;2021;59;2021-11-24 08:00:00;00;FC
1;AB;2021;59;2021-11-24 10:00:00;01;EM
1;AB;2021;59;2021-11-25 10:00:00;02;CE
1;AB;2021;59;2021-12-02 10:00:00;03;CO
1;AB;2021;60;2021-12-24 08:00:00;00;FC
1;AB;2021;60;2021-12-24 10:00:00;01;EM
1;AB;2021;60;2021-12-25 10:00:00;05;CN
1;AB;2022;82;2022-01-24 08:00:00;00;FC
1;AB;2022;82;2022-01-24 10:00:00;01;EM
1;AB;2022;82;2022-01-25 10:00:00;02;CE
1;AB;2022;82;2022-02-23 10:00:00;03;CO
1;AB;2022;83;2022-02-24 08:00:00;00;FC
1;AB;2022;83;2022-02-24 10:00:00;01;EM
1;AB;2022;83;2022-02-25 10:00:00;02;CE
1;AB;2022;83;2022-03-27 10:00:00;03;CO
1;AB;2022;84;2022-03-24 08:00:00;00;FC
1;AB;2022;84;2022-03-24 10:00:00;01;EM
1;AB;2022;84;2022-03-25 10:00:00;02;CE
1;AB;2022;84;2022-04-02 10:00:00;03;CO
1;AB;2022;85;2022-04-24 08:00:00;00;FC
1;AB;2022;85;2022-04-24 10:00:00;01;EM
1;AB;2022;85;2022-04-25 10:00:00;02;CE
1;AB;2022;85;2022-05-14 10:00:00;03;CO
1;AB;2022;86;2022-05-24 08:00:00;00;FC
1;AB;2022;86;2022-05-24 10:00:00;01;EM
1;AB;2022;86;2022-05-25 10:00:00;02;CE
1;AB;2022;86;2022-06-03 10:00:00;03;CO
1;AB;2022;87;2022-06-24 08:00:00;00;FC
1;AB;2022;87;2022-06-24 10:00:00;01;EM
1;AB;2022;87;2022-06-25 10:00:00;02;CE
1;AB;2022;87;2022-07-18 10:00:00;03;CO
1;AB;2022;88;2022-07-24 08:00:00;00;FC
1;AB;2022;88;2022-07-24 10:00:00;01;EM
1;AB;2022;88;2022-07-25 10:00:00;02;CE
1;AB;2022;88;2022-08-16 10:00:00;03;CO
1;AB;2022;89;2022-08-24 08:00:00;00;FC
1;AB;2022;89;2022-08-24 10:00:00;01;EM
1;AB;2022;89;2022-08-25 10:00:00;02;CE
1;AB;2022;89;2022-09-10 10:00:00;03;CO
1;AB;2022;90;2022-09-24 08:00:00;00;FC
1;AB;2022;90;2022-09-24 10:00:00;01;EM
1;AB;2022;90;2022-09-25 10:00:00;02;CE
1;AB;2022;90;2022-10-08 10:00:00;03;CO
1;AB;2022;91;2022-10-24 08:00:00;00;FC
1;AB;2022;91;2022-10-24 10:00:00;01;EM
1;AB;2022;91;2022-10-25 10:00:00;02;CE
1;AB;2022;91;2022-11-18 10:00:00;03;CO
1;AB;2022;92;2022-11-24 08:00:00;00;FC
1;AB;2022;92;2022-11-24 10:00:00;01;EM
1;AB;2022;92;2022-11-25 10:00:00;02;CE
1;AB;2022;92;2022-12-21 10:00:00;03;CO
1;AB;2022;93;2022-12-24 08:00:00;00;FC
1;AB;2022;93;2022-12-24 10:00:00;01;EM
1;AB;2022;93;2022-12-25 10:00:00;02;CE
1;AB;2022;93;2023-01-04 10:00:00;03;CO
1;AB;2023;117;2023-01-24 08:00:00;00;FC
1;AB;2023;117;2023-01-24 10:00:00;01;EM
1;AB;2023;117;2023-01-25 10:00:00;02;CE
1;AB;2023;117;2023-02-14 10:00:00;03;CO
1;AB;2023;118;2023-02-24 08:00:00;00;FC
1;AB;2023;118;2023-02-24 10:00:00;01;EM
1;AB;2023;118;2023-02-25 10:00:00;02;CE
1;AB;2023;118;2023-03-08 10:00:00;03;CO
1;AB;2023;119;2023-03-24 08:00:00;00;FC
1;AB;2023;119;2023-03-24 10:00:00;01;EM
1;AB;2023;119;2023-03-25 10:00:00;02;CE
1;AB;2023;119;2023-04-06 10:00:00;03;CO
1;AB;2023;120;2023-04-24 08:00:00;00;FC
1;AB;2023;120;2023-04-24 10:00:00;01;EM
1;AB;2023;120;2023-04-25 10:00:00;02;CE
1;AB;2023;120;2023-05-07 10:00:00;03;CO
1;AB;2023;121;2023-05-24 08:00:00;00;FC
1;AB;2023;121;2023-05-24 10:00:00;01;EM
1;AB;2023;121;2023-05-25 10:00:00;02;CE
1;AB;2023;121;2023-06-05 10:00:00;03;CO
1;AB;2023;122;2023-06-24 08:00:00;00;FC
1;AB;2023;122;2023-06-24 10:00:00;01;EM
1;AB;2023;122;2023-06-25 10:00:00;02;CE
1;AB;2023;122;2023-07-16 10:00:00;03;CO
1;AB;2023;123;2023-07-24 08:00:00;00;FC
1;AB;2023;123;2023-07-24 10:00:00;01;EM
1;AB;2023;123;2023-07-25 10:00:00;02;CE
1;AB;2023;123;2023-08-17 10:00:00;03;CO
1;AB;2023;124;2023-08-24 08:00:00;00;FC
1;AB;2023;124;2023-08-24 10:00:00;01;EM
1;AB;2023;124;2023-08-25 10:00:00;02;CE
1;AB;2023;124;2023-09-06 10:00:00;03;CO
1;AB;2023;125;2023-09-24 08:00:00;00;FC
1;AB;2023;125;2023-09-24 10:00:00;01;EM
1;AB;2023;125;2023-09-25 10:00:00;02;CE
1;AB;2023;125;2023-09-30 10:00:00;03;CO
1;AB;2023;126;2023-10-24 08:00:00;00;FC
1;AB;2023;126;2023-10-24 10:00:00;01;EM
1;AB;2023;126;2023-10-25 10:00:00;02;CE
1;AB;2023;126;2023-11-19 10:00:00;03;CO
1;AB;2023;127;2023-11-24 08:00:00;00;FC
1;AB;2023;127;2023-11-24 10:00:00;01;EM
1;AB;2023;127;2023-11-25 10:00:00;02;CE
1;AB;2023;127;2023-12-25 10:00:00;03;CO
1;AB;2023;128;2023-12-24 08:00:00;00;FC
1;AB;2023;128;2023-12-24 10:00:00;01;EM
1;AB;2023;128;2023-12-25 10:00:00;02;CE
1;AB;2023;128;2024-01-19 10:00:00;03;CO
1;AB;2024;150;2024-01-24 08:00:00;00;FC
1;AB;2024;150;2024-01-24 10:00:00;01;EM
1;AB;2024;150;2024-01-25 10:00:00;02;CE
1;AB;2024;150;2024-02-18 10:00:00;03;CO
1;AB;2024;151;2024-02-24 08:00:00;00;FC
1;AB;2024;151;2024-02-24 10:00:00;01;EM
1;AB;2024;151;2024-02-25 10:00:00;02;CE
1;AB;2024;151;2024-03-16 10:00:00;03;CO
1;AB;2024;152;2024-03-24 08:00:00;00;FC
1;AB;2024;152;2024-03-24 10:00:00;01;EM
1;AB;2024;152;2024-03-25 10:00:00;02;CE
1;AB;2024;152;2024-04-20 10:00:00;03;CO
1;AB;2024;153;2024-04-24 08:00:00;00;FC
1;AB;2024;153;2024-04-24 10:00:00;01;EM
1;AB;2024;153;2024-04-25 10:00:00;02;CE
1;AB;2024;153;2024-05-12 10:00:00;03;CO
1;AB;2024;154;2024-05-24 08:00:00;00;FC
1;AB;2024;154;2024-05-24 10:00:00;01;EM
1;AB;2024;154;2024-05-25 10:00:00;02;CE
1;AB;2024;154;2024-06-23 10:00:00;03;CO
1;AB;2024;155;2024-06-24 08:00:00;00;FC
1;AB;2024;155;2024-06-24 10:00:00;01;EM
1;AB;2024;155;2024-06-25 10:00:00;02;CE
1;AB;2024;155;2024-07-19 10:00:00;03;CO
1;AB;2024;156;2024-07-24 08:00:00;00;FC
1;AB;2024;156;2024-07-24 10:00:00;01;EM
1;AB;2024;156;2024-07-25 10:00:00;02;CE
1;AB;2024;156;2024-08-18 10:00:00;03;CO
1;AB;2024;157;2024-08-24 08:00:00;00;FC
1;AB;2024;157;2024-08-24 10:00:00;01;EM
1;AB;2024;157;2024-08-25 10:00:00;02;CE
1;AB;2024;157;2024-09-23 10:00:00;03;CO
1;AB;2024;158;2024-09-24 08:00:00;00;FC
1;AB;2024;158;2024-09-24 10:00:00;01;EM
1;AB;2024;158;2024-09-25 10:00:00;02;CE
1;AB;2024;158;2024-10-12 10:00:00;03;CO
1;AB;2024;159;2024-10-24 08:00:00;00;FC
1;AB;2024;159;2024-10-24 10:00:00;01;EM
1;AB;2024;159;2024-10-25 10:00:00;02;CE
1;AB;2024;159;2024-11-09 10:00:00;03;CO
1;AB;2024;160;2024-11-24 08:00:00;00;FC
1;AB;2024;160;2024-11-24 10:00:00;01;EM
1;AB;2024;160;2024-11-25 10:00:00;02;CE
1;AB;2024;160;2024-12-07 10:00:00;03;CO
1;AB;2024;161;2024-12-24 08:00:00;00;FC
1;AB;2024;161;2024-12-24 10:00:00;01;EM
1;AB;2024;161;2024-12-25 10:00:00;02;CE
1;AB;2024;161;2025-01-23 10:00:00;03;CO
1;AB;2025;182;2025-01-24 08:00:00;00;FC
1;AB;2025;182;2025-01-24 10:00:00;01;EM
1;AB;2025;182;2025-01-25 10:00:00;02;CE
1;AB;2025;182;2025-02-13 10:00:00;03;CO
1;AB;2025;183;2025-02-24 08:00:00;00;FC
1;AB;2025;183;2025-02-24 10:00:00;01;EM
1;AB;2025;183;2025-02-25 10:00:00;02;CE
1;AB;2025;183;2025-03-19 10:00:00;03;CO
1;AB;2025;184;2025-03-24 08:00:00;00;FC
1;AB;2025;184;2025-03-24 10:00:00;01;EM
1;AB;2025;184;2025-03-25 10:00:00;02;CE
1;AB;2025;184;2025-04-04 10:00:00;03;CO
1;AB;2025;185;2025-04-24 08:00:00;00;FC
1;AB;2025;185;2025-04-24 10:00:00;01;EM
1;AB;2025;185;2025-04-25 10:00:00;02;CE
1;AB;2025;185;2025-05-05 10:00:00;03;CO
1;AB;2025;186;2025-05-24 08:00:00;00;FC
1;AB;2025;186;2025-05-24 10:00:00;01;EM
1;AB;2025;186;2025-05-25 10:00:00;02;CE
1;AB;2025;186;2025-06-09 10:00:00;03;CO
1;AB;2025;187;2025-06-24 08:00:00;00;FC
1;AB;2025;187;2025-06-24 10:00:00;01;EM
1;AB;2025;187;2025-06-25 10:00:00;02;CE
1;AB;2025;187;2025-07-22 10:00:00;03;CO
1;AB;2025;188;2025-07-24 08:00:00;00;FC
1;AB;2025;188;2025-07-24 10:00:00;01;EM
1;AB;2025;188;2025-07-25 10:00:00;02;CE
1;AB;2025;188;2025-08-03 10:00:00;03;CO
1;AB;2025;189;2025-08-24 08:00:00;00;FC
1;AB;2025;189;2025-08-24 10:00:00;01;EM
1;AB;2025;189;2025-08-25 10:00:00;02;CE
1;AB;2025;189;2025-09-08 10:00:00;20;AJ
1;AB;2025;190;2025-09-24 08:00:00;00;FC
1;AB;2025;190;2025-09-24 10:00:00;01;EM
1;AB;2025;190;2025-09-25 10:00:00;02;CE
1;AB;2025;190;2025-10-16 10:00:00;03;CO
1;AB;2025;191;2025-10-24 08:00:00;00;FC
1;AB;2025;191;2025-10-24 10:00:00;01;EM
1;AB;2025;191;2025-10-25 10:00:00;02;CE
1;AB;2025;191;2025-11-06 10:00:00;03;CO
1;AB;2025;192;2025-11-24 08:00:00;00;FC
1;AB;2025;192;2025-11-24 10:00:00;01;EM
1;AB;2025;192;2025-11-25 10:00:00;02;CE
1;AB;2025;192;2025-12-23 10:00:00;03;CO
1;AB;2025;193;2025-12-24 08:00:00;00;FC
1;AB;2025;193;2025-12-24 10:00:00;01;EM
1;AB;2025;193;2025-12-25 10:00:00;02;CE
1;AB;2025;193;2026-01-01 10:00:00;03;CO
1;AB;2026;128;2026-01-24 08:00:00;00;FC
1;AB;2026;128;2026-01-24 10:00:00;01;EM
1;AB;2026;128;2026-01-25 10:00:00;02;CE
1;AB;2026;128;2026-02-05 10:00:00;03;CO
1;AB;2026;129;2026-02-24 08:00:00;00;FC
1;AB;2026;129;2026-02-24 10:00:00;01;EM
1;AB;2026;129;2026-02-25 10:00:00;02;CE
1;AB;2026;129;2026-03-02 10:00:00;03;CO
1;AB;2026;130;2026-03-24 08:00:00;00;FC
1;AB;2026;130;2026-03-24 10:00:00;01;EM
1;AB;2026;131;2026-04-24 08:00:00;00;FC
1;AB;2026;131;2026-04-24 10:00:00;01;EM
1;AB;2026;131;2026-04-25 10:00:00;02;CE
1;AB;2026;131;2026-05-22 10:00:00;03;CO
1;AB;2026;132;2026-05-24 08:00:00;00;FC
1;AB;2026;132;2026-05-24 10:00:00;01;EM
1;AB;2026;132;2026-05-25 10:00:00;02;CE
1;AB;2026;132;2026-06-22 10:00:00;03;CO
1;AB;2026;133;2026-06-24 08:00:00;00;FC
1;AB;2026;133;2026-06-24 10:00:00;01;EM
1;AB;2026;133;2026-06-25 10:00:00;02;CE
1;AB;2026;133;2026-07-20 10:00:00;03;CO
1;AB;2026;134;2026-07-24 08:00:00;00;FC
1;AB;2026;134;2026-07-24 10:00:00;01;EM
1;AB;2026;134;2026-07-25 10:00:00;02;CE
1;AB;2026;134;2026-08-01 10:00:00;03;CO
1;AB;2021;61;2021-08-24 08:00:00;00;FC
1;AB;2021;61;2021-08-24 10:00:00;01;EM
1;AB;2021;61;2021-08-25 10:00:00;02;CE
1;AB;2021;61;2021-08-30 10:00:00;03;CO
1;AB;2021;62;2021-09-24 08:00:00;00;FC
1;AB;2021;62;2021-09-24 10:00:00;01;EM
1;AB;2021;62;2021-09-25 10:00:00;02;CE
1;AB;2021;62;2021-10-19 10:00:00;03;CO
1;AB;2021;63;2021-10-24 08:00:00;00;FC
1;AB;2021;63;2021-10-24 10:00:00;01;EM
1;AB;2021;63;2021-10-25 10:00:00;02;CE
1;AB;2021;63;2021-11-13 10:00:00;03;CO
1;AB;2021;64;2021-11-24 08:00:00;00;FC
1;AB;2021;64;2021-11-24 10:00:00;01;EM
1;AB;2021;64;2021-11-25 10:00:00;02;CE
1;AB;2021;64;2021-11-30 10:00:00;03;CO
1;AB;2021;65;2021-12-24 08:00:00;00;FC
1;AB;2021;65;2021-12-24 10:00:00;01;EM
1;AB;2021;65;2021-12-25 10:00:00;02;CE
1;AB;2021;65;2022-01-06 10:00:00;03;CO
1;AB;2022;94;2022-01-24 08:00:00;00;FC
1;AB;2022;94;2022-01-24 10:00:00;01;EM
1;AB;2022;94;2022-01-25 10:00:00;02;CE
1;AB;2022;94;2022-02-01 10:00:00;03;CO
1;AB;2022;95;2022-02-24 08:00:00;00;FC
1;AB;2022;95;2022-02-24 10:00:00;01;EM
1;AB;2022;95;2022-02-25 10:00:00;02;CE
1;AB;2022;95;2022-03-05 10:00:00;03;CO
1;AB;2022;96;2022-03-24 08:00:00;00;FC
1;AB;2022;96;2022-03-24 10:00:00;01;EM
1;AB;2022;96;2022-03-25 10:00:00;02;CE
1;AB;2022;96;2022-04-03 10:00:00;03;CO
1;AB;2022;97;2022-04-24 08:00:00;00;FC
1;AB;2022;97;2022-04-24 10:00:00;01;EM
1;AB;2022;97;2022-04-25 10:00:00;02;CE
1;AB;2022;97;2022-05-25 10:00:00;03;CO
1;AB;2022;98;2022-05-24 08:00:00;00;FC
1;AB;2022;98;2022-05-24 10:00:00;01;EM
1;AB;2022;98;2022-05-25 10:00:00;02;CE
1;AB;2022;98;2022-06-01 10:00:00;03;CO
1;AB;2022;99;2022-06-24 08:00:00;00;FC
1;AB;2022;99;2022-06-24 10:00:00;01;EM
1;AB;2022;99;2022-06-25 10:00:00;02;CE
1;AB;2022;99;2022-07-25 10:00:00;03;CO
1;AB;2022;100;2022-07-24 08:00:00;00;FC
1;AB;2022;100;2022-07-24 10:00:00;01;EM
1;AB;2022;100;2022-07-25 10:00:00;02;CE
1;AB;2022;100;2022-08-23 10:00:00;03;CO
1;AB;2022;101;2022-08-24 08:00:00;00;FC
1;AB;2022;101;2022-08-24 10:00:00;01;EM
1;AB;2022;101;2022-08-25 10:00:00;02;CE
1;AB;2022;101;2022-09-14 10:00:00;03;CO
1;AB;2022;102;2022-09-24 08:00:00;00;FC
1;AB;2022;102;2022-09-24 10:00:00;01;EM
1;AB;2022;102;2022-09-25 10:00:00;02;CE
1;AB;2022;102;2022-10-09 10:00:00;03;CO
1;AB;2022;103;2022-10-24 08:00:00;00;FC
1;AB;2022;103;2022-10-24 10:00:00;01;EM
1;AB;2022;103;2022-10-25 10:00:00;02;CE
1;AB;2022;103;2022-11-23 10:00:00;03;CO
1;AB;2022;104;2022-11-24 08:00:00;00;FC
1;AB;2022;104;2022-11-24 10:00:00;01;EM
1;AB;2022;104;2022-11-25 10:00:00;02;CE
1;AB;2022;104;2022-12-16 10:00:00;03;CO
1;AB;2022;105;2022-12-24 08:00:00;00;FC
1;AB;2022;105;2022-12-24 10:00:00;01;EM
1;AB;2022;105;2022-12-25 10:00:00;02;CE
1;AB;2022;105;2023-01-22 10:00:00;03;CO
1;AB;2023;129;2023-01-24 08:00:00;00;FC
1;AB;2023;129;2023-01-24 10:00:00;01;EM
1;AB;2023;129;2023-01-25 10:00:00;02;CE
1;AB;2023;129;2023-02-08 10:00:00;03;CO
1;AB;2023;130;2023-02-24 08:00:00;00;FC
1;AB;2023;130;2023-02-24 10:00:00;01;EM
1;AB;2023;130;2023-02-25 10:00:00;02;CE
1;AB;2023;130;2023-03-27 10:00:00;03;CO
1;AB;2023;131;2023-03-24 08:00:00;00;FC
1;AB;2023;131;2023-03-24 10:00:00;01;EM
1;AB;2023;131;2023-03-25 10:00:00;02;CE
1;AB;2023;131;2023-04-09 10:00:00;03;CO
1;AB;2023;132;2023-04-24 08:00:00;00;FC
1;AB;2023;132;2023-04-24 10:00:00;01;EM
1;AB;2023;132;2023-04-25 10:00:00;02;CE
1;AB;2023;132;2023-05-23 10:00:00;03;CO
1;AB;2023;133;2023-05-24 08:00:00;00;FC
1;AB;2023;133;2023-05-24 10:00:00;01;EM
1;AB;2023;133;2023-05-25 10:00:00;02;CE
1;AB;2023;133;2023-06-02 10:00:00;03;CO
1;AB;2023;134;2023-06-24 08:00:00;00;FC
1;AB;2023;134;2023-06-24 10:00:00;01;EM
1;AB;2023;134;2023-06-25 10:00:00;02;CE
1;AB;2023;134;2023-07-04 10:00:00;03;CO
1;AB;2023;135;2023-07-24 08:00:00;00;FC
1;AB;2023;135;2023-07-24 10:00:00;01;EM
1;AB;2023;135;2023-07-25 10:00:00;02;CE
1;AB;2023;135;2023-08-08 10:00:00;03;CO
1;AB;2023;136;2023-08-24 08:00:00;00;FC
1;AB;2023;136;2023-08-24 10:00:00;01;EM
1;AB;2023;136;2023-08-25 10:00:00;02;CE
1;AB;2023;136;2023-09-15 10:00:00;03;CO
1;AB;2023;137;2023-09-24 08:00:00;00;FC
1;AB;2023;137;2023-09-24 10:00:00;01;EM
1;AB;2023;137;2023-09-25 10:00:00;02;CE
1;AB;2023;137;2023-10-14 10:00:00;03;CO
1;AB;2023;138;2023-10-24 08:00:00;00;FC
1;AB;2023;138;2023-10-24 10:00:00;01;EM
1;AB;2023;138;2023-10-25 10:00:00;02;CE
1;AB;2023;138;2023-10-30 10:00:00;03;CO
1;AB;2023;139;2023-11-24 08:00:00;00;FC
1;AB;2023;139;2023-11-24 10:00:00;01;EM
1;AB;2023;139;2023-11-25 10:00:00;02;CE
1;AB;2023;139;2023-12-10 10:00:00;03;CO
1;AB;2023;140;2023-12-24 08:00:00;00;FC
1;AB;2023;140;2023-12-24 10:00:00;01;EM
1;AB;2023;140;2023-12-25 10:00:00;02;CE
1;AB;2023;140;2024-01-08 10:00:00;03;CO
1;AB;2024;162;2024-01-24 08:00:00;00;FC
1;AB;2024;162;2024-01-24 10:00:00;01;EM
1;AB;2024;162;2024-01-25 10:00:00;02;CE
1;AB;2024;162;2024-02-08 10:00:00;03;CO
1;AB;2024;163;2024-02-24 08:00:00;00;FC
1;AB;2024;163;2024-02-24 10:00:00;01;EM
1;AB;2024;163;2024-02-25 10:00:00;02;CE
1;AB;2024;163;2024-03-16 10:00:00;03;CO
1;AB;2024;164;2024-03-24 08:00:00;00;FC
1;AB;2024;164;2024-03-24 10:00:00;01;EM
1;AB;2024;164;2024-03-25 10:00:00;02;CE
1;AB;2024;164;2024-04-12 10:00:00;03;CO
1;AB;2024;165;2024-04-24 08:00:00;00;FC
1;AB;2024;165;2024-04-24 10:00:00;01;EM
1;AB;2024;165;2024-04-25 10:00:00;02;CE
1;AB;2024;165;2024-05-06 10:00:00;03;CO
1;AB;2024;166;2024-05-24 08:00:00;00;FC
1;AB;2024;166;2024-05-24 10:00:00;01;EM
1;AB;2024;166;2024-05-25 10:00:00;02;CE
1;AB;2024;166;2024-06-21 10:00:00;03;CO
1;AB;2024;167;2024-06-24 08:00:00;00;FC
1;AB;2024;167;2024-06-24 10:00:00;01;EM
1;AB;2024;167;2024-06-25 10:00:00;02;CE
1;AB;2024;167;2024-07-12 10:00:00;03;CO
1;AB;2024;168;2024-07-24 08:00:00;00;FC
1;AB;2024;168;2024-07-24 10:00:00;01;EM
1;AB;2024;168;2024-07-25 10:00:00;02;CE
1;AB;2024;168;2024-08-23 10:00:00;03;CO
1;AB;2024;169;2024-08-24 08:00:00;00;FC
1;AB;2024;169;2024-08-24 10:00:00;01;EM
1;AB;2024;169;2024-08-25 10:00:00;02;CE
1;AB;2024;169;2024-09-08 10:00:00;03;CO
1;AB;2024;170;2024-09-24 08:00:00;00;FC
1;AB;2024;170;2024-09-24 10:00:00;01;EM
1;AB;2024;170;2024-09-25 10:00:00;02;CE
1;AB;2024;170;2024-10-03 10:00:00;03;CO
1;AB;2024;171;2024-10-24 08:00:00;00;FC
1;AB;2024;171;2024-10-24 10:00:00;01;EM
1;AB;2024;171;2024-10-25 10:00:00;02;CE
1;AB;2024;171;2024-11-16 10:00:00;03;CO
1;AB;2024;172;2024-11-24 08:00:00;00;FC
1;AB;2024;172;2024-11-24 10:00:00;01;EM
1;AB;2024;172;2024-11-25 10:00:00;02;CE
1;AB;2024;172;2024-12-03 10:00:00;03;CO
1;AB;2024;173;2024-12-24 08:00:00;00;FC
1;AB;2024;173;2024-12-24 10:00:00;01;EM
1;AB;2024;173;2024-12-25 10:00:00;02;CE
1;AB;2024;173;2025-01-15 10:00:00;03;CO
1;AB;2025;194;2025-01-24 08:00:00;00;FC
1;AB;2025;194;2025-01-24 10:00:00;01;EM
1;AB;2025;194;2025-01-25 10:00:00;02;CE
1;AB;2025;194;2025-02-09 10:00:00;03;CO
1;AB;2025;195;2025-02-24 08:00:00;00;FC
1;AB;2025;195;2025-02-24 10:00:00;01;EM
1;AB;2025;195;2025-02-25 10:00:00;02;CE
1;AB;2025;195;2025-03-03 10:00:00;03;CO
1;AB;2025;196;2025-03-24 08:00:00;00;FC
1;AB;2025;196;2025-03-24 10:00:00;01;EM
1;AB;2025;196;2025-03-25 10:00:00;02;CE
1;AB;2025;196;2025-04-18 10:00:00;03;CO
1;AB;2025;197;2025-04-24 08:00:00;00;FC
1;AB;2025;197;2025-04-24 10:00:00;01;EM
1;AB;2025;197;2025-04-25 10:00:00;02;CE
1;AB;2025;197;2025-05-19 10:00:00;03;CO
1;AB;2025;198;2025-05-24 08:00:00;00;FC
1;AB;2025;198;2025-05-24 10:00:00;01;EM
1;AB;2025;198;2025-05-25 10:00:00;02;CE
1;AB;2025;198;2025-06-22 10:00:00;03;CO
1;AB;2025;199;2025-06-24 08:00:00;00;FC
1;AB;2025;199;2025-06-24 10:00:00;01;EM
1;AB;2025;199;2025-06-25 10:00:00;02;CE
1;AB;2025;199;2025-06-30 10:00:00;03;CO
1;AB;2025;200;2025-07-24 08:00:00;00;FC
1;AB;2025;200;2025-07-24 10:00:00;01;EM
1;AB;2025;200;2025-07-25 10:00:00;02;CE
1;AB;2025;200;2025-08-21 10:00:00;03;CO
1;AB;2025;201;2025-08-24 08:00:00;00;FC
1;AB;2025;201;2025-08-24 10:00:00;01;EM
1;AB;2025;201;2025-08-25 10:00:00;02;CE
1;AB;2025;201;2025-09-13 10:00:00;04;DV
1;AB;2025;202;2025-09-24 08:00:00;00;FC
1;AB;2025;202;2025-09-24 10:00:00;01;EM
1;AB;2025;202;2025-09-25 10:00:00;02;CE
1;AB;2025;202;2025-09-30 10:00:00;03;CO
1;AB;2025;203;2025-10-24 08:00:00;00;FC
1;AB;2025;203;2025-10-24 10:00:00;01;EM
1;AB;2025;203;2025-10-25 10:00:00;02;CE
1;AB;2025;203;2025-11-16 10:00:00;03;CO
1;AB;2025;204;2025-11-24 08:00:00;00;FC
1;AB;2025;204;2025-11-24 10:00:00;01;EM
1;AB;2025;204;2025-11-25 10:00:00;02;CE
1;AB;2025;204;2025-12-01 10:00:00;03;CO
1;AB;2025;205;2025-12-24 08:00:00;00;FC
1;AB;2025;205;2025-12-24 10:00:00;01;EM
1;AB;2025;205;2025-12-25 10:00:00;02;CE
1;AB;2025;205;2026-01-05 10:00:00;03;CO
1;AB;2026;135;2026-01-24 08:00:00;00;FC
1;AB;2026;135;2026-01-24 10:00:00;01;EM
1;AB;2026;135;2026-01-25 10:00:00;02;CE
1;AB;2026;135;2026-02-01 10:00:00;03;CO
1;AB;2026;136;2026-02-24 08:00:00;00;FC
1;AB;2026;136;2026-02-24 10:00:00;01;EM
1;AB;2026;136;2026-02-25 10:00:00;02;CE
1;AB;2026;136;2026-03-25 10:00:00;03;CO
1;AB;2026;137;2026-03-24 08:00:00;00;FC
1;AB;2026;137;2026-03-24 10:00:00;01;EM
1;AB;2026;137;2026-03-25 10:00:00;02;CE
1;AB;2026;137;2026-04-09 10:00:00;20;AJ
1;AB;2026;138;2026-04-24 08:00:00;00;FC
1;AB;2026;138;2026-04-24 10:00:00;01;EM
1;AB;2026;138;2026-04-25 10:00:00;02;CE
1;AB;2026;138;2026-05-07 10:00:00;03;CO
1;AB;2026;139;2026-05-24 08:00:00;00;FC
1;AB;2026;139;2026-05-24 10:00:00;01;EM
1;AB;2026;139;2026-05-25 10:00:00;02;CE
1;AB;2026;139;2026-06-22 10:00:00;03;CO
1;AB;2026;140;2026-06-24 08:00:00;00;FC
1;AB;2026;140;2026-06-24 10:00:00;01;EM
1;AB;2026;140;2026-06-25 10:00:00;02;CE
1;AB;2026;140;2026-07-07 10:00:00;03;CO
1;AB;2026;141;2026-07-24 08:00:00;00;FC
1;AB;2026;141;2026-07-24 10:00:00;01;EM
1;AB;2022;106;2022-09-24 08:00:00;00;FC
1;AB;2022;106;2022-09-24 10:00:00;01;EM
1;AB;2022;106;2022-09-25 10:00:00;02;CE
1;AB;2022;106;2022-10-25 10:00:00;03;CO
1;AB;2022;107;2022-10-24 08:00:00;00;FC
1;AB;2022;107;2022-10-24 10:00:00;01;EM
1;AB;2022;107;2022-10-25 10:00:00;02;CE
1;AB;2022;107;2022-11-13 10:00:00;03;CO
1;AB;2022;108;2022-11-24 08:00:00;00;FC
1;AB;2022;108;2022-11-24 10:00:00;01;EM
1;AB;2022;108;2022-11-25 10:00:00;02;CE
1;AB;2022;108;2022-12-14 10:00:00;03;CO
1;AB;2022;109;2022-12-24 08:00:00;00;FC
1;AB;2022;109;2022-12-24 10:00:00;01;EM
1;AB;2022;109;2022-12-25 10:00:00;02;CE
1;AB;2022;109;2023-01-04 10:00:00;03;CO
1;AB;2023;141;2023-01-24 08:00:00;00;FC
1;AB;2023;141;2023-01-24 10:00:00;01;EM
1;AB;2023;141;2023-01-25 10:00:00;02;CE
1;AB;2023;141;2023-02-14 10:00:00;03;CO
1;AB;2023;142;2023-02-24 08:00:00;00;FC
1;AB;2023;142;2023-02-24 10:00:00;01;EM
1;AB;2023;142;2023-02-25 10:00:00;02;CE
1;AB;2023;142;2023-03-14 10:00:00;03;CO
1;AB;2023;143;2023-03-24 08:00:00;00;FC
1;AB;2023;143;2023-03-24 10:00:00;01;EM
1;AB;2023;143;2023-03-25 10:00:00;02;CE
1;AB;2023;143;2023-04-05 10:00:00;03;CO
1;AB;2023;144;2023-04-24 08:00:00;00;FC
1;AB;2023;144;2023-04-24 10:00:00;01;EM
1;AB;2023;144;2023-04-25 10:00:00;02;CE
1;AB;2023;144;2023-05-10 10:00:00;03;CO
1;AB;2023;145;2023-05-24 08:00:00;00;FC
1;AB;2023;145;2023-05-24 10:00:00;01;EM
1;AB;2023;145;2023-05-25 10:00:00;02;CE
1;AB;2023;145;2023-06-11 10:00:00;03;CO
1;AB;2023;146;2023-06-24 08:00:00;00;FC
1;AB;2023;146;2023-06-24 10:00:00;01;EM
1;AB;2023;146;2023-06-25 10:00:00;02;CE
1;AB;2023;146;2023-07-10 10:00:00;03;CO
1;AB;2023;147;2023-07-24 08:00:00;00;FC
1;AB;2023;147;2023-07-24 10:00:00;01;EM
1;AB;2023;147;2023-07-25 10:00:00;02;CE
1;AB;2023;147;2023-07-31 10:00:00;03;CO
1;AB;2023;148;2023-08-24 08:00:00;00;FC
1;AB;2023;148;2023-08-24 10:00:00;01;EM
1;AB;2023;148;2023-08-25 10:00:00;02;CE
1;AB;2023;148;2023-09-06 10:00:00;03;CO
1;AB;2023;149;2023-09-24 08:00:00;00;FC
1;AB;2023;149;2023-09-24 10:00:00;01;EM
1;AB;2023;149;2023-09-25 10:00:00;02;CE
1;AB;2023;149;2023-10-25 10:00:00;03;CO
1;AB;2023;150;2023-10-24 08:00:00;00;FC
1;AB;2023;150;2023-10-24 10:00:00;01;EM
1;AB;2023;150;2023-10-25 10:00:00;02;CE
1;AB;2023;150;2023-11-12 10:00:00;03;CO
1;AB;2023;151;2023-11-24 08:00:00;00;FC
1;AB;2023;151;2023-11-24 10:00:00;01;EM
1;AB;2023;151;2023-11-25 10:00:00;02;CE
1;AB;2023;151;2023-12-20 10:00:00;03;CO
1;AB;2023;152;2023-12-24 08:00:00;00;FC
1;AB;2023;152;2023-12-24 10:00:00;01;EM
1;AB;2023;152;2023-12-25 10:00:00;02;CE
1;AB;2023;152;2024-01-13 10:00:00;03;CO
1;AB;2024;174;2024-01-24 08:00:00;00;FC
1;AB;2024;174;2024-01-24 10:00:00;01;EM
1;AB;2024;174;2024-01-25 10:00:00;02;CE
1;AB;2024;174;2024-02-09 10:00:00;03;CO
1;AB;2024;175;2024-02-24 08:00:00;00;FC
1;AB;2024;175;2024-02-24 10:00:00;01;EM
1;AB;2024;175;2024-02-25 10:00:00;02;CE
1;AB;2024;175;2024-03-24 10:00:00;03;CO
1;AB;2024;176;2024-03-24 08:00:00;00;FC
1;AB;2024;176;2024-03-24 10:00:00;01;EM
1;AB;2024;176;2024-03-25 10:00:00;02;CE
1;AB;2024;176;2024-04-13 10:00:00;03;CO
1;AB;2024;177;2024-04-24 08:00:00;00;FC
1;AB;2024;177;2024-04-24 10:00:00;01;EM
1;AB;2024;177;2024-04-25 10:00:00;02;CE
1;AB;2024;177;2024-05-07 10:00:00;03;CO
1;AB;2024;178;2024-05-24 08:00:00;00;FC
1;AB;2024;178;2024-05-24 10:00:00;01;EM
1;AB;2024;178;2024-05-25 10:00:00;02;CE
1;AB;2024;178;2024-06-13 10:00:00;03;CO
1;AB;2024;179;2024-06-24 08:00:00;00;FC
1;AB;2024;179;2024-06-24 10:00:00;01;EM
1;AB;2024;179;2024-06-25 10:00:00;02;CE
1;AB;2024;179;2024-07-11 10:00:00;03;CO
1;AB;2024;180;2024-07-24 08:00:00;00;FC
1;AB;2024;180;2024-07-24 10:00:00;01;EM
1;AB;2024;180;2024-07-25 10:00:00;02;CE
1;AB;2024;180;2024-08-21 10:00:00;03;CO
1;AB;2024;181;2024-08-24 08:00:00;00;FC
1;AB;2024;181;2024-08-24 10:00:00;01;EM
1;AB;2024;181;2024-08-25 10:00:00;02;CE
1;AB;2024;181;2024-09-06 10:00:00;03;CO
1;AB;2024;182;2024-09-24 08:00:00;00;FC
1;AB;2024;182;2024-09-24 10:00:00;01;EM
1;AB;2024;182;2024-09-25 10:00:00;02;CE
1;AB;2024;182;2024-10-11 10:00:00;03;CO
1;AB;2024;183;2024-10-24 08:00:00;00;FC
1;AB;2024;183;2024-10-24 10:00:00;01;EM
1;AB;2024;183;2024-10-25 10:00:00;02;CE
1;AB;2024;183;2024-11-04 10:00:00;03;CO
1;AB;2024;184;2024-11-24 08:00:00;00;FC
1;AB;2024;184;2024-11-24 10:00:00;01;EM
1;AB;2024;184;2024-11-25 10:00:00;02;CE
1;AB;2024;184;2024-12-16 10:00:00;03;CO
1;AB;2024;185;2024-12-24 08:00:00;00;FC
1;AB;2024;185;2024-12-24 10:00:00;01;EM
1;AB;2024;185;2024-12-25 10:00:00;02;CE
1;AB;2024;185;2025-01-08 10:00:00;03;CO
1;AB;2025;206;2025-01-24 08:00:00;00;FC
1;AB;2025;206;2025-01-24 10:00:00;01;EM
1;AB;2025;206;2025-01-25 10:00:00;02;CE
1;AB;2025;206;2025-02-18 10:00:00;03;CO
1;AB;2025;207;2025-02-24 08:00:00;00;FC
1;AB;2025;207;2025-02-24 10:00:00;01;EM
1;AB;2025;207;2025-02-25 10:00:00;02;CE
1;AB;2025;207;2025-03-22 10:00:00;03;CO
1;AB;2025;208;2025-03-24 08:00:00;00;FC
1;AB;2025;208;2025-03-24 10:00:00;01;EM
1;AB;2025;208;2025-03-25 10:00:00;02;CE
1;AB;2025;208;2025-04-11 10:00:00;03;CO
1;AB;2025;209;2025-04-24 08:00:00;00;FC
1;AB;2025;209;2025-04-24 10:00:00;01;EM
1;AB;2025;209;2025-04-25 10:00:00;02;CE
1;AB;2025;209;2025-05-08 10:00:00;03;CO
1;AB;2025;210;2025-05-24 08:00:00;00;FC
1;AB;2025;210;2025-05-24 10:00:00;01;EM
1;AB;2025;210;2025-05-25 10:00:00;02;CE
1;AB;2025;210;2025-06-01 10:00:00;03;CO
1;AB;2025;211;2025-06-24 08:00:00;00;FC
1;AB;2025;211;2025-06-24 10:00:00;01;EM
1;AB;2025;211;2025-06-25 10:00:00;02;CE
1;AB;2025;211;2025-07-08 10:00:00;03;CO
1;AB;2025;212;2025-07-24 08:00:00;00;FC
1;AB;2025;212;2025-07-24 10:00:00;01;EM
1;AB;2025;212;2025-07-25 10:00:00;02;CE
1;AB;2025;212;2025-08-18 10:00:00;03;CO
1;AB;2025;213;2025-08-24 08:00:00;00;FC
1;AB;2025;213;2025-08-24 10:00:00;01;EM
1;AB;2025;213;2025-08-25 10:00:00;02;CE
1;AB;2025;213;2025-09-03 10:00:00;03;CO
1;AB;2025;214;2025-09-24 08:00:00;00;FC
1;AB;2025;214;2025-09-24 10:00:00;01;EM
1;AB;2025;214;2025-09-25 10:00:00;02;CE
1;AB;2025;214;2025-10-20 10:00:00;03;CO
1;AB;2025;215;2025-10-24 08:00:00;00;FC
1;AB;2025;215;2025-10-24 10:00:00;01;EM
1;AB;2025;216;2025-11-24 08:00:00;00;FC
1;AB;2025;216;2025-11-24 10:00:00;01;EM
1;AB;2025;216;2025-11-25 10:00:00;02;CE
1;AB;2025;216;2025-12-04 10:00:00;03;CO
1;AB;2025;217;2025-12-24 08:00:00;00;FC
1;AB;2025;217;2025-12-24 10:00:00;01;EM
1;AB;2025;217;2025-12-25 10:00:00;02;CE
1;AB;2025;217;2026-01-04 10:00:00;03;CO
1;AB;2026;142;2026-01-24 08:00:00;00;FC
1;AB;2026;142;2026-01-24 10:00:00;01;EM
1;AB;2026;142;2026-01-25 10:00:00;02;CE
1;AB;2026;142;2026-02-22 10:00:00;03;CO
1;AB;2026;143;2026-02-24 08:00:00;00;FC
1;AB;2026;143;2026-02-24 10:00:00;01;EM
1;AB;2026;143;2026-02-25 10:00:00;02;CE
1;AB;2026;143;2026-03-15 10:00:00;03;CO
1;AB;2026;144;2026-03-24 08:00:00;00;FC
1;AB;2026;144;2026-03-24 10:00:00;01;EM
1;AB;2026;144;2026-03-25 10:00:00;02;CE
1;AB;2026;144;2026-04-18 10:00:00;03;CO
1;AB;2026;145;2026-04-24 08:00:00;00;FC
1;AB;2026;145;2026-04-24 10:00:00;01;EM
1;AB;2026;145;2026-04-25 10:00:00;02;CE
1;AB;2026;145;2026-05-02 10:00:00;03;CO
1;AB;2026;146;2026-05-24 08:00:00;00;FC
1;AB;2026;146;2026-05-24 10:00:00;01;EM
1;AB;2026;146;2026-05-25 10:00:00;02;CE
1;AB;2026;146;2026-06-13 10:00:00;03;CO
1;AB;2026;147;2026-06-24 08:00:00;00;FC
1;AB;2026;147;2026-06-24 10:00:00;01;EM
1;AB;2026;148;2026-07-24 08:00:00;00;FC
1;AB;2026;148;2026-07-24 10:00:00;01;EM
1;AB;2023;153;2023-11-24 08:00:00;00;FC
1;AB;2023;153;2023-11-24 10:00:00;01;EM
1;AB;2023;153;2023-11-25 10:00:00;02;CE
1;AB;2023;153;2023-12-02 10:00:00;03;CO
1;AB;2023;154;2023-12-24 08:00:00;00;FC
1;AB;2023;154;2023-12-24 10:00:00;01;EM
1;AB;2023;154;2023-12-25 10:00:00;02;CE
1;AB;2023;154;2024-01-18 10:00:00;03;CO
1;AB;2024;186;2024-01-24 08:00:00;00;FC
1;AB;2024;186;2024-01-24 10:00:00;01;EM
1;AB;2024;186;2024-01-25 10:00:00;02;CE
1;AB;2024;186;2024-02-20 10:00:00;03;CO
1;AB;2024;187;2024-02-24 08:00:00;00;FC
1;AB;2024;187;2024-02-24 10:00:00;01;EM
1;AB;2024;187;2024-02-25 10:00:00;02;CE
1;AB;2024;187;2024-03-12 10:00:00;03;CO
1;AB;2024;188;2024-03-24 08:00:00;00;FC
1;AB;2024;188;2024-03-24 10:00:00;01;EM
1;AB;2024;188;2024-03-25 10:00:00;02;CE
1;AB;2024;188;2024-04-08 10:00:00;03;CO
1;AB;2024;189;2024-04-24 08:00:00;00;FC
1;AB;2024;189;2024-04-24 10:00:00;01;EM
1;AB;2024;189;2024-04-25 10:00:00;02;CE
1;AB;2024;189;2024-05-17 10:00:00;03;CO
1;AB;2024;190;2024-05-24 08:00:00;00;FC
1;AB;2024;190;2024-05-24 10:00:00;01;EM
1;AB;2024;190;2024-05-25 10:00:00;02;CE
1;AB;2024;190;2024-06-19 10:00:00;03;CO
1;AB;2024;191;2024-06-24 08:00:00;00;FC
1;AB;2024;191;2024-06-24 10:00:00;01;EM
1;AB;2024;191;2024-06-25 10:00:00;02;CE
1;AB;2024;191;2024-07-24 10:00:00;03;CO
1;AB;2024;192;2024-07-24 08:00:00;00;FC
1;AB;2024;192;2024-07-24 10:00:00;01;EM
1;AB;2024;192;2024-07-25 10:00:00;02;CE
1;AB;2024;192;2024-08-10 10:00:00;03;CO
1;AB;2024;193;2024-08-24 08:00:00;00;FC
1;AB;2024;193;2024-08-24 10:00:00;01;EM
1;AB;2024;193;2024-08-25 10:00:00;02;CE
1;AB;2024;193;2024-09-05 10:00:00;03;CO
1;AB;2024;194;2024-09-24 08:00:00;00;FC
1;AB;2024;194;2024-09-24 10:00:00;01;EM
1;AB;2024;194;2024-09-25 10:00:00;02;CE
1;AB;2024;194;2024-10-17 10:00:00;03;CO
1;AB;2024;195;2024-10-24 08:00:00;00;FC
1;AB;2024;195;2024-10-24 10:00:00;01;EM
1;AB;2024;195;2024-10-25 10:00:00;02;CE
1;AB;2024;195;2024-11-12 10:00:00;03;CO
1;AB;2024;196;2024-11-24 08:00:00;00;FC
1;AB;2024;196;2024-11-24 10:00:00;01;EM
1;AB;2024;196;2024-11-25 10:00:00;02;CE
1;AB;2024;196;2024-12-12 10:00:00;03;CO
1;AB;2024;197;2024-12-24 08:00:00;00;FC
1;AB;2024;197;2024-12-24 10:00:00;01;EM
1;AB;2024;197;2024-12-25 10:00:00;02;CE
1;AB;2024;197;2025-01-03 10:00:00;03;CO
1;AB;2025;218;2025-01-24 08:00:00;00;FC
1;AB;2025;218;2025-01-24 10:00:00;01;EM
1;AB;2025;218;2025-01-25 10:00:00;02;CE
1;AB;2025;218;2025-02-16 10:00:00;03;CO
1;AB;2025;219;2025-02-24 08:00:00;00;FC
1;AB;2025;219;2025-02-24 10:00:00;01;EM
1;AB;2025;219;2025-02-25 10:00:00;02;CE
1;AB;2025;219;2025-03-15 10:00:00;03;CO
1;AB;2025;220;2025-03-24 08:00:00;00;FC
1;AB;2025;220;2025-03-24 10:00:00;01;EM
1;AB;2025;220;2025-03-25 10:00:00;02;CE
1;AB;2025;220;2025-04-12 10:00:00;03;CO
1;AB;2025;221;2025-04-24 08:00:00;00;FC
1;AB;2025;221;2025-04-24 10:00:00;01;EM
1;AB;2025;221;2025-04-25 10:00:00;02;CE
1;AB;2025;221;2025-05-09 10:00:00;03;CO
1;AB;2025;222;2025-05-24 08:00:00;00;FC
1;AB;2025;222;2025-05-24 10:00:00;01;EM
1;AB;2025;222;2025-05-25 10:00:00;02;CE
1;AB;2025;222;2025-06-07 10:00:00;03;CO
1;AB;2025;223;2025-06-24 08:00:00;00;FC
1;AB;2025;223;2025-06-24 10:00:00;01;EM
1;AB;2025;223;2025-06-25 10:00:00;02;CE
1;AB;2025;223;2025-07-01 10:00:00;03;CO
1;AB;2025;224;2025-07-24 08:00:00;00;FC
1;AB;2025;224;2025-07-24 10:00:00;01;EM
1;AB;2025;224;2025-07-25 10:00:00;02;CE
1;AB;2025;224;2025-08-22 10:00:00;03;CO
1;AB;2025;225;2025-08-24 08:00:00;00;FC
1;AB;2025;225;2025-08-24 10:00:00;01;EM
1;AB;2025;225;2025-08-25 10:00:00;02;CE
1;AB;2025;225;2025-08-30 10:00:00;03;CO
1;AB;2025;226;2025-09-24 08:00:00;00;FC
1;AB;2025;226;2025-09-24 10:00:00;01;EM
1;AB;2025;226;2025-09-25 10:00:00;02;CE
1;AB;2025;226;2025-10-07 10:00:00;03;CO
1;AB;2025;227;2025-10-24 08:00:00;00;FC
1;AB;2025;227;2025-10-24 10:00:00;01;EM
1;AB;2025;227;2025-10-25 10:00:00;02;CE
1;AB;2025;227;2025-11-01 10:00:00;03;CO
1;AB;2025;228;2025-11-24 08:00:00;00;FC
1;AB;2025;228;2025-11-24 10:00:00;01;EM
1;AB;2025;228;2025-11-25 10:00:00;05;CN
1;AB;2025;229;2025-12-24 08:00:00;00;FC
1;AB;2025;229;2025-12-24 10:00:00;01;EM
1;AB;2025;229;2025-12-25 10:00:00;02;CE
1;AB;2025;229;2026-01-10 10:00:00;20;AJ
1;AB;2026;149;2026-01-24 08:00:00;00;FC
1;AB;2026;149;2026-01-24 10:00:00;01;EM
1;AB;2026;149;2026-01-25 10:00:00;02;CE
1;AB;2026;149;2026-01-30 10:00:00;03;CO
1;AB;2026;150;2026-02-24 08:00:00;00;FC
1;AB;2026;150;2026-02-24 10:00:00;01;EM
1;AB;2026;150;2026-02-25 10:00:00;02;CE
1;AB;2026;150;2026-03-27 10:00:00;04;DV
1;AB;2026;151;2026-03-24 08:00:00;00;FC
1;AB;2026;151;2026-03-24 10:00:00;01;EM
1;AB;2026;151;2026-03-25 10:00:00;02;CE
1;AB;2026;151;2026-04-11 10:00:00;03;CO
1;AB;2026;152;2026-04-24 08:00:00;00;FC
1;AB;2026;152;2026-04-24 10:00:00;01;EM
1;AB;2026;152;2026-04-25 10:00:00;02;CE
1;AB;2026;152;2026-05-13 10:00:00;03;CO
1;AB;2026;153;2026-05-24 08:00:00;00;FC
1;AB;2026;153;2026-05-24 10:00:00;01;EM
1;AB;2026;153;2026-05-25 10:00:00;02;CE
1;AB;2026;153;2026-06-11 10:00:00;03;CO
1;AB;2026;154;2026-06-24 08:00:00;00;FC
1;AB;2026;154;2026-06-24 10:00:00;01;EM
1;AB;2026;154;2026-06-25 10:00:00;02;CE
1;AB;2026;154;2026-06-30 10:00:00;03;CO
1;AB;2026;155;2026-07-24 08:00:00;00;FC
1;AB;2026;155;2026-07-24 10:00:00;01;EM
1;AB;2026;155;2026-07-25 10:00:00;02;CE
1;AB;2026;155;2026-08-24 10:00:00;04;DV
1;AB;2026;155;2026-09-04 10:00:00;24;RC
1;AB;2024;198;2024-12-04 08:00:00;00;FC
1;AB;2024;198;2024-12-04 10:00:00;01;EM
1;AB;2024;198;2024-12-05 10:00:00;02;CE
1;AB;2024;198;2024-12-14 10:00:00;03;CO
1;AB;2025;230;2025-01-04 08:00:00;00;FC
1;AB;2025;230;2025-01-04 10:00:00;01;EM
1;AB;2025;230;2025-01-05 10:00:00;02;CE
1;AB;2025;230;2025-01-20 10:00:00;03;CO
1;AB;2025;231;2025-02-04 08:00:00;00;FC
1;AB;2025;231;2025-02-04 10:00:00;01;EM
1;AB;2025;231;2025-02-05 10:00:00;02;CE
1;AB;2025;231;2025-02-19 10:00:00;03;CO
1;AB;2025;232;2025-03-04 08:00:00;00;FC
1;AB;2025;232;2025-03-04 10:00:00;01;EM
1;AB;2025;232;2025-03-05 10:00:00;02;CE
1;AB;2025;232;2025-03-26 10:00:00;03;CO
1;AB;2025;233;2025-04-04 08:00:00;00;FC
1;AB;2025;233;2025-04-04 10:00:00;01;EM
1;AB;2025;233;2025-04-05 10:00:00;02;CE
1;AB;2025;233;2025-04-28 10:00:00;03;CO
1;AB;2025;234;2025-05-04 08:00:00;00;FC
1;AB;2025;234;2025-05-04 10:00:00;01;EM
1;AB;2025;234;2025-05-05 10:00:00;02;CE
1;AB;2025;234;2025-05-12 10:00:00;03;CO
1;AB;2025;235;2025-06-04 08:00:00;00;FC
1;AB;2025;235;2025-06-04 10:00:00;01;EM
1;AB;2025;235;2025-06-05 10:00:00;02;CE
1;AB;2025;235;2025-06-20 10:00:00;03;CO
1;AB;2025;236;2025-07-04 08:00:00;00;FC
1;AB;2025;236;2025-07-04 10:00:00;01;EM
1;AB;2025;236;2025-07-05 10:00:00;02;CE
1;AB;2025;236;2025-07-10 10:00:00;03;CO
1;AB;2025;237;2025-08-04 08:00:00;00;FC
1;AB;2025;237;2025-08-04 10:00:00;01;EM
1;AB;2025;237;2025-08-05 10:00:00;02;CE
1;AB;2025;237;2025-08-11 10:00:00;03;CO
1;AB;2025;238;2025-09-04 08:00:00;00;FC
1;AB;2025;238;2025-09-04 10:00:00;01;EM
1;AB;2025;238;2025-09-05 10:00:00;02;CE
1;AB;2025;238;2025-09-19 10:00:00;03;CO
1;AB;2025;239;2025-10-04 08:00:00;00;FC
1;AB;2025;239;2025-10-04 10:00:00;01;EM
1;AB;2025;239;2025-10-05 10:00:00;02;CE
1;AB;2025;239;2025-10-13 10:00:00;03;CO
1;AB;2025;240;2025-11-04 08:00:00;00;FC
1;AB;2025;240;2025-11-04 10:00:00;01;EM
1;AB;2025;240;2025-11-05 10:00:00;02;CE
1;AB;2025;240;2025-12-04 10:00:00;04;DV
1;AB;2025;240;2025-12-17 10:00:00;24;RC
1;AB;2025;241;2025-12-04 08:00:00;00;FC
1;AB;2025;241;2025-12-04 10:00:00;01;EM
1;AB;2026;156;2026-01-04 08:00:00;00;FC
1;AB;2026;156;2026-01-04 10:00:00;01;EM
1;AB;2026;156;2026-01-05 10:00:00;02;CE
1;AB;2026;156;2026-01-26 10:00:00;03;CO
1;AB;2026;157;2026-02-04 08:00:00;00;FC
1;AB;2026;157;2026-02-04 10:00:00;01;EM
1;AB;2026;158;2026-03-04 08:00:00;00;FC
1;AB;2026;158;2026-03-04 10:00:00;01;EM
1;AB;2026;158;2026-03-05 10:00:00;02;CE
1;AB;2026;158;2026-03-31 10:00:00;03;CO
1;AB;2026;159;2026-04-04 08:00:00;00;FC
1;AB;2026;159;2026-04-04 10:00:00;01;EM
1;AB;2026;159;2026-04-05 10:00:00;02;CE
1;AB;2026;159;2026-04-30 10:00:00;03;CO
1;AB;2026;160;2026-05-04 08:00:00;00;FC
1;AB;2026;160;2026-05-04 10:00:00;01;EM
1;AB;2026;160;2026-05-05 10:00:00;02;CE
1;AB;2026;160;2026-05-19 10:00:00;03;CO
1;AB;2026;161;2026-06-04 08:00:00;00;FC
1;AB;2026;161;2026-06-04 10:00:00;01;EM
1;AB;2026;161;2026-06-05 10:00:00;02;CE
1;AB;2026;161;2026-06-27 10:00:00;04;DV
1;AB;2026;162;2026-07-04 08:00:00;00;FC
1;AB;2026;162;2026-07-04 10:00:00;01;EM
1;AB;2026;162;2026-07-05 10:00:00;02;CE
1;AB;2026;162;2026-07-11 10:00:00;03;CO
1;AB;2026;163;2026-08-04 08:00:00;00;FC
1;AB;2026;163;2026-08-04 10:00:00;01;EM
1;AB;2026;164;2026-01-04 08:00:00;00;FC
1;AB;2026;164;2026-01-04 10:00:00;01;EM
1;AB;2026;164;2026-01-05 10:00:00;02;CE
1;AB;2026;164;2026-01-29 10:00:00;03;CO
1;AB;2026;165;2026-02-04 08:00:00;00;FC
1;AB;2026;165;2026-02-04 10:00:00;01;EM
1;AB;2026;165;2026-02-05 10:00:00;02;CE
1;AB;2026;165;2026-02-18 10:00:00;03;CO
1;AB;2026;166;2026-03-04 08:00:00;00;FC
1;AB;2026;166;2026-03-04 10:00:00;01;EM
1;AB;2026;166;2026-03-05 10:00:00;02;CE
1;AB;2026;166;2026-03-28 10:00:00;03;CO
1;AB;2026;167;2026-04-04 08:00:00;00;FC
1;AB;2026;167;2026-04-04 10:00:00;01;EM
1;AB;2026;167;2026-04-05 10:00:00;02;CE
1;AB;2026;167;2026-04-15 10:00:00;03;CO
1;AB;2026;168;2026-05-04 08:00:00;00;FC
1;AB;2026;168;2026-05-04 10:00:00;01;EM
1;AB;2026;168;2026-05-05 10:00:00;02;CE
1;AB;2026;168;2026-05-21 10:00:00;03;CO
1;AB;2026;169;2026-06-04 08:00:00;00;FC
1;AB;2026;169;2026-06-04 10:00:00;01;EM
1;AB;2026;169;2026-06-05 10:00:00;02;CE
1;AB;2026;169;2026-07-04 10:00:00;03;CO
1;AB;2026;170;2026-07-04 08:00:00;00;FC
1;AB;2026;170;2026-07-04 10:00:00;01;EM
1;AB;2026;170;2026-07-05 10:00:00;02;CE
1;AB;2026;170;2026-07-23 10:00:00;03;CO
1;AB;2026;171;2026-08-04 08:00:00;00;FC
1;AB;2026;171;2026-08-04 10:00:00;01;EM
1;AB;2020;23;2020-02-04 08:00:00;00;FC
1;AB;2020;23;2020-02-04 10:00:00;01;EM
1;AB;2020;23;2020-02-05 10:00:00;02;CE
1;AB;2020;23;2020-02-16 10:00:00;03;CO
1;AB;2020;24;2020-03-04 08:00:00;00;FC
1;AB;2020;24;2020-03-04 10:00:00;01;EM
1;AB;2020;24;2020-03-05 10:00:00;02;CE
1;AB;2020;24;2020-03-28 10:00:00;03;CO
1;AB;2020;25;2020-04-04 08:00:00;00;FC
1;AB;2020;25;2020-04-04 10:00:00;01;EM
1;AB;2020;25;2020-04-05 10:00:00;02;CE
1;AB;2020;25;2020-04-23 10:00:00;03;CO
1;AB;2020;26;2020-05-04 08:00:00;00;FC
1;AB;2020;26;2020-05-04 10:00:00;01;EM
1;AB;2020;26;2020-05-05 10:00:00;02;CE
1;AB;2020;26;2020-05-25 10:00:00;03;CO
1;AB;2020;27;2020-06-04 08:00:00;00;FC
1;AB;2020;27;2020-06-04 10:00:00;01;EM
1;AB;2020;27;2020-06-05 10:00:00;02;CE
1;AB;2020;27;2020-06-26 10:00:00;03;CO
1;AB;2020;28;2020-07-04 08:00:00;00;FC
1;AB;2020;28;2020-07-04 10:00:00;01;EM
1;AB;2020;28;2020-07-05 10:00:00;02;CE
1;AB;2020;28;2020-07-18 10:00:00;03;CO
1;AB;2020;29;2020-08-04 08:00:00;00;FC
1;AB;2020;29;2020-08-04 10:00:00;01;EM
1;AB;2020;29;2020-08-05 10:00:00;02;CE
1;AB;2020;29;2020-08-24 10:00:00;03;CO
1;AB;2020;30;2020-09-04 08:00:00;00;FC
1;AB;2020;30;2020-09-04 10:00:00;01;EM
1;AB;2020;30;2020-09-05 10:00:00;02;CE
1;AB;2020;30;2020-09-11 10:00:00;03;CO
1;AB;2020;31;2020-10-04 08:00:00;00;FC
1;AB;2020;31;2020-10-04 10:00:00;01;EM
1;AB;2020;31;2020-10-05 10:00:00;02;CE
1;AB;2020;31;2020-10-23 10:00:00;03;CO
1;AB;2020;32;2020-11-04 08:00:00;00;FC
1;AB;2020;32;2020-11-04 10:00:00;01;EM
1;AB;2020;32;2020-11-05 10:00:00;02;CE
1;AB;2020;32;2020-11-19 10:00:00;03;CO
1;AB;2020;33;2020-12-04 08:00:00;00;FC
1;AB;2020;33;2020-12-04 10:00:00;01;EM
1;AB;2020;33;2020-12-05 10:00:00;02;CE
1;AB;2020;33;2020-12-12 10:00:00;03;CO
1;AB;2021;66;2021-01-04 08:00:00;00;FC
1;AB;2021;66;2021-01-04 10:00:00;01;EM
1;AB;2021;66;2021-01-05 10:00:00;02;CE
1;AB;2021;66;2021-02-03 10:00:00;03;CO
1;AB;2021;67;2021-02-04 08:00:00;00;FC
1;AB;2021;67;2021-02-04 10:00:00;01;EM
1;AB;2021;67;2021-02-05 10:00:00;02;CE
1;AB;2021;67;2021-03-02 10:00:00;03;CO
1;AB;2021;68;2021-03-04 08:00:00;00;FC
1;AB;2021;68;2021-03-04 10:00:00;01;EM
1;AB;2021;68;2021-03-05 10:00:00;02;CE
1;AB;2021;68;2021-03-13 10:00:00;03;CO
1;AB;2021;69;2021-04-04 08:00:00;00;FC
1;AB;2021;69;2021-04-04 10:00:00;01;EM
1;AB;2021;69;2021-04-05 10:00:00;02;CE
1;AB;2021;69;2021-04-30 10:00:00;03;CO
1;AB;2021;70;2021-05-04 08:00:00;00;FC
1;AB;2021;70;2021-05-04 10:00:00;01;EM
1;AB;2021;70;2021-05-05 10:00:00;02;CE
1;AB;2021;70;2021-05-29 10:00:00;03;CO
1;AB;2021;71;2021-06-04 08:00:00;00;FC
1;AB;2021;71;2021-06-04 10:00:00;01;EM
1;AB;2021;71;2021-06-05 10:00:00;02;CE
1;AB;2021;71;2021-06-11 10:00:00;03;CO
1;AB;2021;72;2021-07-04 08:00:00;00;FC
1;AB;2021;72;2021-07-04 10:00:00;01;EM
1;AB;2021;72;2021-07-05 10:00:00;02;CE
1;AB;2021;72;2021-08-01 10:00:00;03;CO
1;AB;2021;73;2021-08-04 08:00:00;00;FC
1;AB;2021;73;2021-08-04 10:00:00;01;EM
1;AB;2021;73;2021-08-05 10:00:00;02;CE
1;AB;2021;73;2021-08-31 10:00:00;03;CO
1;AB;2021;74;2021-09-04 08:00:00;00;FC
1;AB;2021;74;2021-09-04 10:00:00;01;EM
1;AB;2021;74;2021-09-05 10:00:00;02;CE
1;AB;2021;74;2021-09-29 10:00:00;03;CO
1;AB;2021;75;2021-10-04 08:00:00;00;FC
1;AB;2021;75;2021-10-04 10:00:00;01;EM
1;AB;2021;75;2021-10-05 10:00:00;02;CE
1;AB;2021;75;2021-10-12 10:00:00;03;CO
1;AB;2021;76;2021-11-04 08:00:00;00;FC
1;AB;2021;76;2021-11-04 10:00:00;01;EM
1;AB;2021;76;2021-11-05 10:00:00;02;CE
1;AB;2021;76;2021-11-30 10:00:00;03;CO
1;AB;2021;77;2021-12-04 08:00:00;00;FC
1;AB;2021;77;2021-12-04 10:00:00;01;EM
1;AB;2021;77;2021-12-05 10:00:00;02;CE
1;AB;2021;77;2021-12-23 10:00:00;03;CO
1;AB;2022;110;2022-01-04 08:00:00;00;FC
1;AB;2022;110;2022-01-04 10:00:00;01;EM
1;AB;2022;110;2022-01-05 10:00:00;02;CE
1;AB;2022;110;2022-02-03 10:00:00;03;CO
1;AB;2022;111;2022-02-04 08:00:00;00;FC
1;AB;2022;111;2022-02-04 10:00:00;01;EM
1;AB;2022;111;2022-02-05 10:00:00;02;CE
1;AB;2022;111;2022-03-05 10:00:00;03;CO
1;AB;2022;112;2022-03-04 08:00:00;00;FC
1;AB;2022;112;2022-03-04 10:00:00;01;EM
1;AB;2022;112;2022-03-05 10:00:00;02;CE
1;AB;2022;112;2022-03-14 10:00:00;03;CO
1;AB;2022;113;2022-04-04 08:00:00;00;FC
1;AB;2022;113;2022-04-04 10:00:00;01;EM
1;AB;2022;113;2022-04-05 10:00:00;02;CE
1;AB;2022;113;2022-04-16 10:00:00;03;CO
1;AB;2022;114;2022-05-04 08:00:00;00;FC
1;AB;2022;114;2022-05-04 10:00:00;01;EM
1;AB;2022;114;2022-05-05 10:00:00;02;CE
1;AB;2022;114;2022-06-03 10:00:00;03;CO
1;AB;2022;115;2022-06-04 08:00:00;00;FC
1;AB;2022;115;2022-06-04 10:00:00;01;EM
1;AB;2022;115;2022-06-05 10:00:00;02;CE
1;AB;2022;115;2022-06-20 10:00:00;03;CO
1;AB;2022;116;2022-07-04 08:00:00;00;FC
1;AB;2022;116;2022-07-04 10:00:00;01;EM
1;AB;2022;116;2022-07-05 10:00:00;02;CE
1;AB;2022;116;2022-08-04 10:00:00;03;CO
1;AB;2022;117;2022-08-04 08:00:00;00;FC
1;AB;2022;117;2022-08-04 10:00:00;01;EM
1;AB;2022;117;2022-08-05 10:00:00;02;CE
1;AB;2022;117;2022-08-15 10:00:00;03;CO
1;AB;2022;118;2022-09-04 08:00:00;00;FC
1;AB;2022;118;2022-09-04 10:00:00;01;EM
1;AB;2022;118;2022-09-05 10:00:00;02;CE
1;AB;2022;118;2022-09-11 10:00:00;03;CO
1;AB;2022;119;2022-10-04 08:00:00;00;FC
1;AB;2022;119;2022-10-04 10:00:00;01;EM
1;AB;2022;119;2022-10-05 10:00:00;02;CE
1;AB;2022;119;2022-10-24 10:00:00;03;CO
1;AB;2022;120;2022-11-04 08:00:00;00;FC
1;AB;2022;120;2022-11-04 10:00:00;01;EM
1;AB;2022;120;2022-11-05 10:00:00;02;CE
1;AB;2022;120;2022-11-20 10:00:00;03;CO
1;AB;2022;121;2022-12-04 08:00:00;00;FC
1;AB;2022;121;2022-12-04 10:00:00;01;EM
1;AB;2022;121;2022-12-05 10:00:00;02;CE
1;AB;2022;121;2022-12-13 10:00:00;03;CO
1;AB;2023;155;2023-01-04 08:00:00;00;FC
1;AB;2023;155;2023-01-04 10:00:00;01;EM
1;AB;2023;155;2023-01-05 10:00:00;02;CE
1;AB;2023;155;2023-01-10 10:00:00;03;CO
1;AB;2023;156;2023-02-04 08:00:00;00;FC
1;AB;2023;156;2023-02-04 10:00:00;01;EM
1;AB;2023;156;2023-02-05 10:00:00;02;CE
1;AB;2023;156;2023-02-27 10:00:00;03;CO
1;AB;2023;157;2023-03-04 08:00:00;00;FC
1;AB;2023;157;2023-03-04 10:00:00;01;EM
1;AB;2023;157;2023-03-05 10:00:00;02;CE
1;AB;2023;157;2023-03-14 10:00:00;03;CO
1;AB;2023;158;2023-04-04 08:00:00;00;FC
1;AB;2023;158;2023-04-04 10:00:00;01;EM
1;AB;2023;158;2023-04-05 10:00:00;05;CN
1;AB;2023;159;2023-05-04 08:00:00;00;FC
1;AB;2023;159;2023-05-04 10:00:00;01;EM
1;AB;2023;159;2023-05-05 10:00:00;02;CE
1;AB;2023;159;2023-06-01 10:00:00;03;CO
1;AB;2023;160;2023-06-04 08:00:00;00;FC
1;AB;2023;160;2023-06-04 10:00:00;01;EM
1;AB;2023;160;2023-06-05 10:00:00;02;CE
1;AB;2023;160;2023-06-28 10:00:00;03;CO
1;AB;2023;161;2023-07-04 08:00:00;00;FC
1;AB;2023;161;2023-07-04 10:00:00;01;EM
1;AB;2023;161;2023-07-05 10:00:00;02;CE
1;AB;2023;161;2023-07-28 10:00:00;03;CO
1;AB;2023;162;2023-08-04 08:00:00;00;FC
1;AB;2023;162;2023-08-04 10:00:00;01;EM
1;AB;2023;162;2023-08-05 10:00:00;02;CE
1;AB;2023;162;2023-08-28 10:00:00;03;CO
1;AB;2023;163;2023-09-04 08:00:00;00;FC
1;AB;2023;163;2023-09-04 10:00:00;01;EM
1;AB;2023;163;2023-09-05 10:00:00;02;CE
1;AB;2023;163;2023-09-25 10:00:00;03;CO
1;AB;2023;164;2023-10-04 08:00:00;00;FC
1;AB;2023;164;2023-10-04 10:00:00;01;EM
1;AB;2023;164;2023-10-05 10:00:00;02;CE
1;AB;2023;164;2023-11-03 10:00:00;03;CO
1;AB;2023;165;2023-11-04 08:00:00;00;FC
1;AB;2023;165;2023-11-04 10:00:00;01;EM
1;AB;2023;165;2023-11-05 10:00:00;02;CE
1;AB;2023;165;2023-11-19 10:00:00;03;CO
1;AB;2023;166;2023-12-04 08:00:00;00;FC
1;AB;2023;166;2023-12-04 10:00:00;01;EM
1;AB;2023;166;2023-12-05 10:00:00;02;CE
1;AB;2023;166;2023-12-30 10:00:00;03;CO
1;AB;2024;199;2024-01-04 08:00:00;00;FC
1;AB;2024;199;2024-01-04 10:00:00;01;EM
1;AB;2024;199;2024-01-05 10:00:00;02;CE
1;AB;2024;199;2024-01-16 10:00:00;03;CO
1;AB;2024;200;2024-02-04 08:00:00;00;FC
1;AB;2024;200;2024-02-04 10:00:00;01;EM
1;AB;2024;200;2024-02-05 10:00:00;02;CE
1;AB;2024;200;2024-02-22 10:00:00;03;CO
1;AB;2024;201;2024-03-04 08:00:00;00;FC
1;AB;2024;201;2024-03-04 10:00:00;01;EM
1;AB;2024;201;2024-03-05 10:00:00;02;CE
1;AB;2024;201;2024-03-15 10:00:00;03;CO
1;AB;2024;202;2024-04-04 08:00:00;00;FC
1;AB;2024;202;2024-04-04 10:00:00;01;EM
1;AB;2024;202;2024-04-05 10:00:00;02;CE
1;AB;2024;202;2024-05-03 10:00:00;03;CO
1;AB;2024;203;2024-05-04 08:00:00;00;FC
1;AB;2024;203;2024-05-04 10:00:00;01;EM
1;AB;2024;203;2024-05-05 10:00:00;02;CE
1;AB;2024;203;2024-05-23 10:00:00;03;CO
1;AB;2024;204;2024-06-04 08:00:00;00;FC
1;AB;2024;204;2024-06-04 10:00:00;01;EM
1;AB;2024;204;2024-06-05 10:00:00;02;CE
1;AB;2024;204;2024-06-10 10:00:00;03;CO
1;AB;2024;205;2024-07-04 08:00:00;00;FC
1;AB;2024;205;2024-07-04 10:00:00;01;EM
1;AB;2024;205;2024-07-05 10:00:00;02;CE
1;AB;2024;205;2024-07-26 10:00:00;03;CO
1;AB;2024;206;2024-08-04 08:00:00;00;FC
1;AB;2024;206;2024-08-04 10:00:00;01;EM
1;AB;2024;206;2024-08-05 10:00:00;02;CE
1;AB;2024;206;2024-08-21 10:00:00;03;CO
1;AB;2024;207;2024-09-04 08:00:00;00;FC
1;AB;2024;207;2024-09-04 10:00:00;01;EM
1;AB;2024;207;2024-09-05 10:00:00;02;CE
1;AB;2024;207;2024-09-24 10:00:00;03;CO
1;AB;2024;208;2024-10-04 08:00:00;00;FC
1;AB;2024;208;2024-10-04 10:00:00;01;EM
1;AB;2024;208;2024-10-05 10:00:00;02;CE
1;AB;2024;208;2024-10-15 10:00:00;03;CO
1;AB;2024;209;2024-11-04 08:00:00;00;FC
1;AB;2024;209;2024-11-04 10:00:00;01;EM
1;AB;2024;209;2024-11-05 10:00:00;02;CE
1;AB;2024;209;2024-12-02 10:00:00;03;CO
1;AB;2024;210;2024-12-04 08:00:00;00;FC
1;AB;2024;210;2024-12-04 10:00:00;01;EM
1;AB;2024;210;2024-12-05 10:00:00;02;CE
1;AB;2024;210;2024-12-26 10:00:00;03;CO
1;AB;2025;242;2025-01-04 08:00:00;00;FC
1;AB;2025;242;2025-01-04 10:00:00;01;EM
1;AB;2025;242;2025-01-05 10:00:00;02;CE
1;AB;2025;242;2025-01-25 10:00:00;03;CO
1;AB;2025;243;2025-02-04 08:00:00;00;FC
1;AB;2025;243;2025-02-04 10:00:00;01;EM
1;AB;2025;243;2025-02-05 10:00:00;02;CE
1;AB;2025;243;2025-02-26 10:00:00;03;CO
1;AB;2025;244;2025-03-04 08:00:00;00;FC
1;AB;2025;244;2025-03-04 10:00:00;01;EM
1;AB;2025;244;2025-03-05 10:00:00;02;CE
1;AB;2025;244;2025-03-11 10:00:00;03;CO
1;AB;2025;245;2025-04-04 08:00:00;00;FC
1;AB;2025;245;2025-04-04 10:00:00;01;EM
1;AB;2025;245;2025-04-05 10:00:00;02;CE
1;AB;2025;245;2025-04-30 10:00:00;03;CO
1;AB;2025;246;2025-05-04 08:00:00;00;FC
1;AB;2025;246;2025-05-04 10:00:00;01;EM
1;AB;2025;246;2025-05-05 10:00:00;02;CE
1;AB;2025;246;2025-06-02 10:00:00;03;CO
1;AB;2025;247;2025-06-04 08:00:00;00;FC
1;AB;2025;247;2025-06-04 10:00:00;01;EM
1;AB;2025;247;2025-06-05 10:00:00;02;CE
1;AB;2025;247;2025-06-30 10:00:00;03;CO
1;AB;2025;248;2025-07-04 08:00:00;00;FC
1;AB;2025;248;2025-07-04 10:00:00;01;EM
1;AB;2025;248;2025-07-05 10:00:00;02;CE
1;AB;2025;248;2025-07-26 10:00:00;03;CO
1;AB;2025;249;2025-08-04 08:00:00;00;FC
1;AB;2025;249;2025-08-04 10:00:00;01;EM
1;AB;2025;250;2025-09-04 08:00:00;00;FC
1;AB;2025;250;2025-09-04 10:00:00;01;EM
1;AB;2025;250;2025-09-05 10:00:00;02;CE
1;AB;2025;250;2025-09-25 10:00:00;03;CO
1;AB;2025;251;2025-10-04 08:00:00;00;FC
1;AB;2025;251;2025-10-04 10:00:00;01;EM
1;AB;2025;251;2025-10-05 10:00:00;02;CE
1;AB;2025;251;2025-10-20 10:00:00;20;AJ
1;AB;2025;252;2025-11-04 08:00:00;00;FC
1;AB;2025;252;2025-11-04 10:00:00;01;EM
1;AB;2025;252;2025-11-05 10:00:00;02;CE
1;AB;2025;252;2025-11-21 10:00:00;03;CO
1;AB;2025;253;2025-12-04 08:00:00;00;FC
1;AB;2025;253;2025-12-04 10:00:00;01;EM
1;AB;2025;253;2025-12-05 10:00:00;02;CE
1;AB;2025;253;2025-12-13 10:00:00;03;CO
1;AB;2026;172;2026-01-04 08:00:00;00;FC
1;AB;2026;172;2026-01-04 10:00:00;01;EM
1;AB;2026;172;2026-01-05 10:00:00;02;CE
1;AB;2026;172;2026-01-17 10:00:00;03;CO
1;AB;2026;173;2026-02-04 08:00:00;00;FC
1;AB;2026;173;2026-02-04 10:00:00;01;EM
1;AB;2026;173;2026-02-05 10:00:00;02;CE
1;AB;2026;173;2026-02-11 10:00:00;03;CO
1;AB;2026;174;2026-03-04 08:00:00;00;FC
1;AB;2026;174;2026-03-04 10:00:00;01;EM
1;AB;2026;174;2026-03-05 10:00:00;02;CE
1;AB;2026;174;2026-03-24 10:00:00;04;DV
1;AB;2026;175;2026-04-04 08:00:00;00;FC
1;AB;2026;175;2026-04-04 10:00:00;01;EM
1;AB;2026;175;2026-04-05 10:00:00;02;CE
1;AB;2026;175;2026-04-18 10:00:00;03;CO
1;AB;2026;176;2026-05-04 08:00:00;00;FC
1;AB;2026;176;2026-05-04 10:00:00;01;EM
1;AB;2026;177;2026-06-04 08:00:00;00;FC
1;AB;2026;177;2026-06-04 10:00:00;01;EM
1;AB;2026;177;2026-06-05 10:00:00;02;CE
1;AB;2026;177;2026-07-05 10:00:00;03;CO
1;AB;2026;178;2026-07-04 08:00:00;00;FC
1;AB;2026;178;2026-07-04 10:00:00;01;EM
1;AB;2026;178;2026-07-05 10:00:00;02;CE
1;AB;2026;178;2026-07-11 10:00:00;03;CO
1;AB;2026;179;2026-08-04 08:00:00;00;FC
1;AB;2026;179;2026-08-04 10:00:00;01;EM
1;AB;2026;179;2026-08-05 10:00:00;02;CE
1;AB;2026;179;2026-08-23 10:00:00;03;CO
1;AB;2021;78;2021-03-04 08:00:00;00;FC
1;AB;2021;78;2021-03-04 10:00:00;01;EM
1;AB;2021;78;2021-03-05 10:00:00;02;CE
1;AB;2021;78;2021-03-17 10:00:00;03;CO
1;AB;2021;79;2021-04-04 08:00:00;00;FC
1;AB;2021;79;2021-04-04 10:00:00;01;EM
1;AB;2021;79;2021-04-05 10:00:00;02;CE
1;AB;2021;79;2021-04-29 10:00:00;03;CO
1;AB;2021;80;2021-05-04 08:00:00;00;FC
1;AB;2021;80;2021-05-04 10:00:00;01;EM
1;AB;2021;80;2021-05-05 10:00:00;02;CE
1;AB;2021;80;2021-05-26 10:00:00;03;CO
1;AB;2021;81;2021-06-04 08:00:00;00;FC
1;AB;2021;81;2021-06-04 10:00:00;01;EM
1;AB;2021;81;2021-06-05 10:00:00;02;CE
1;AB;2021;81;2021-06-19 10:00:00;03;CO
1;AB;2021;82;2021-07-04 08:00:00;00;FC
1;AB;2021;82;2021-07-04 10:00:00;01;EM
1;AB;2021;82;2021-07-05 10:00:00;02;CE
1;AB;2021;82;2021-07-29 10:00:00;03;CO
1;AB;2021;83;2021-08-04 08:00:00;00;FC
1;AB;2021;83;2021-08-04 10:00:00;01;EM
1;AB;2021;83;2021-08-05 10:00:00;02;CE
1;AB;2021;83;2021-08-15 10:00:00;03;CO
1;AB;2021;84;2021-09-04 08:00:00;00;FC
1;AB;2021;84;2021-09-04 10:00:00;01;EM
1;AB;2021;84;2021-09-05 10:00:00;02;CE
1;AB;2021;84;2021-10-05 10:00:00;03;CO
1;AB;2021;85;2021-10-04 08:00:00;00;FC
1;AB;2021;85;2021-10-04 10:00:00;01;EM
1;AB;2021;85;2021-10-05 10:00:00;02;CE
1;AB;2021;85;2021-10-30 10:00:00;03;CO
1;AB;2021;86;2021-11-04 08:00:00;00;FC
1;AB;2021;86;2021-11-04 10:00:00;01;EM
1;AB;2021;86;2021-11-05 10:00:00;02;CE
1;AB;2021;86;2021-11-10 10:00:00;03;CO
1;AB;2021;87;2021-12-04 08:00:00;00;FC
1;AB;2021;87;2021-12-04 10:00:00;01;EM
1;AB;2021;87;2021-12-05 10:00:00;02;CE
1;AB;2021;87;2021-12-14 10:00:00;03;CO
1;AB;2022;122;2022-01-04 08:00:00;00;FC
1;AB;2022;122;2022-01-04 10:00:00;01;EM
1;AB;2022;122;2022-01-05 10:00:00;02;CE
1;AB;2022;122;2022-01-30 10:00:00;03;CO
1;AB;2022;123;2022-02-04 08:00:00;00;FC
1;AB;2022;123;2022-02-04 10:00:00;01;EM
1;AB;2022;123;2022-02-05 10:00:00;02;CE
1;AB;2022;123;2022-02-14 10:00:00;03;CO
1;AB;2022;124;2022-03-04 08:00:00;00;FC
1;AB;2022;124;2022-03-04 10:00:00;01;EM
1;AB;2022;124;2022-03-05 10:00:00;02;CE
1;AB;2022;124;2022-03-20 10:00:00;03;CO
1;AB;2022;125;2022-04-04 08:00:00;00;FC
1;AB;2022;125;2022-04-04 10:00:00;01;EM
1;AB;2022;125;2022-04-05 10:00:00;02;CE
1;AB;2022;125;2022-04-26 10:00:00;03;CO
1;AB;2022;126;2022-05-04 08:00:00;00;FC
1;AB;2022;126;2022-05-04 10:00:00;01;EM
1;AB;2022;126;2022-05-05 10:00:00;02;CE
1;AB;2022;126;2022-05-16 10:00:00;03;CO
1;AB;2022;127;2022-06-04 08:00:00;00;FC
1;AB;2022;127;2022-06-04 10:00:00;01;EM
1;AB;2022;127;2022-06-05 10:00:00;02;CE
1;AB;2022;127;2022-06-11 10:00:00;03;CO
1;AB;2022;128;2022-07-04 08:00:00;00;FC
1;AB;2022;128;2022-07-04 10:00:00;01;EM
1;AB;2022;128;2022-07-05 10:00:00;02;CE
1;AB;2022;128;2022-07-13 10:00:00;03;CO
1;AB;2022;129;2022-08-04 08:00:00;00;FC
1;AB;2022;129;2022-08-04 10:00:00;01;EM
1;AB;2022;129;2022-08-05 10:00:00;02;CE
1;AB;2022;129;2022-08-15 10:00:00;03;CO
1;AB;2022;130;2022-09-04 08:00:00;00;FC
1;AB;2022;130;2022-09-04 10:00:00;01;EM
1;AB;2022;130;2022-09-05 10:00:00;02;CE
1;AB;2022;130;2022-10-05 10:00:00;03;CO
1;AB;2022;131;2022-10-04 08:00:00;00;FC
1;AB;2022;131;2022-10-04 10:00:00;01;EM
1;AB;2022;131;2022-10-05 10:00:00;02;CE
1;AB;2022;131;2022-10-14 10:00:00;03;CO
1;AB;2022;132;2022-11-04 08:00:00;00;FC
1;AB;2022;132;2022-11-04 10:00:00;01;EM
1;AB;2022;132;2022-11-05 10:00:00;02;CE
1;AB;2022;132;2022-11-15 10:00:00;03;CO
1;AB;2022;133;2022-12-04 08:00:00;00;FC
1;AB;2022;133;2022-12-04 10:00:00;01;EM
1;AB;2022;133;2022-12-05 10:00:00;02;CE
1;AB;2022;133;2022-12-26 10:00:00;03;CO
1;AB;2023;167;2023-01-04 08:00:00;00;FC
1;AB;2023;167;2023-01-04 10:00:00;01;EM
1;AB;2023;167;2023-01-05 10:00:00;02;CE
1;AB;2023;167;2023-02-03 10:00:00;03;CO
1;AB;2023;168;2023-02-04 08:00:00;00;FC
1;AB;2023;168;2023-02-04 10:00:00;01;EM
1;AB;2023;168;2023-02-05 10:00:00;02;CE
1;AB;2023;168;2023-02-24 10:00:00;03;CO
1;AB;2023;169;2023-03-04 08:00:00;00;FC
1;AB;2023;169;2023-03-04 10:00:00;01;EM
1;AB;2023;169;2023-03-05 10:00:00;02;CE
1;AB;2023;169;2023-03-22 10:00:00;03;CO
1;AB;2023;170;2023-04-04 08:00:00;00;FC
1;AB;2023;170;2023-04-04 10:00:00;01;EM
1;AB;2023;170;2023-04-05 10:00:00;02;CE
1;AB;2023;170;2023-04-30 10:00:00;03;CO
1;AB;2023;171;2023-05-04 08:00:00;00;FC
1;AB;2023;171;2023-05-04 10:00:00;01;EM
1;AB;2023;171;2023-05-05 10:00:00;02;CE
1;AB;2023;171;2023-05-16 10:00:00;03;CO
1;AB;2023;172;2023-06-04 08:00:00;00;FC
1;AB;2023;172;2023-06-04 10:00:00;01;EM
1;AB;2023;172;2023-06-05 10:00:00;02;CE
1;AB;2023;172;2023-06-14 10:00:00;03;CO
1;AB;2023;173;2023-07-04 08:00:00;00;FC
1;AB;2023;173;2023-07-04 10:00:00;01;EM
1;AB;2023;173;2023-07-05 10:00:00;02;CE
1;AB;2023;173;2023-07-12 10:00:00;03;CO
1;AB;2023;174;2023-08-04 08:00:00;00;FC
1;AB;2023;174;2023-08-04 10:00:00;01;EM
1;AB;2023;174;2023-08-05 10:00:00;02;CE
1;AB;2023;174;2023-09-04 10:00:00;03;CO
1;AB;2023;175;2023-09-04 08:00:00;00;FC
1;AB;2023;175;2023-09-04 10:00:00;01;EM
1;AB;2023;175;2023-09-05 10:00:00;02;CE
1;AB;2023;175;2023-10-04 10:00:00;03;CO
1;AB;2023;176;2023-10-04 08:00:00;00;FC
1;AB;2023;176;2023-10-04 10:00:00;01;EM
1;AB;2023;176;2023-10-05 10:00:00;02;CE
1;AB;2023;176;2023-10-30 10:00:00;03;CO
1;AB;2023;177;2023-11-04 08:00:00;00;FC
1;AB;2023;177;2023-11-04 10:00:00;01;EM
1;AB;2023;177;2023-11-05 10:00:00;02;CE
1;AB;2023;177;2023-11-30 10:00:00;03;CO
1;AB;2023;178;2023-12-04 08:00:00;00;FC
1;AB;2023;178;2023-12-04 10:00:00;01;EM
1;AB;2023;178;2023-12-05 10:00:00;02;CE
1;AB;2023;178;2023-12-26 10:00:00;03;CO
1;AB;2024;211;2024-01-04 08:00:00;00;FC
1;AB;2024;211;2024-01-04 10:00:00;01;EM
1;AB;2024;211;2024-01-05 10:00:00;02;CE
1;AB;2024;211;2024-01-23 10:00:00;03;CO
1;AB;2024;212;2024-02-04 08:00:00;00;FC
1;AB;2024;212;2024-02-04 10:00:00;01;EM
1;AB;2024;212;2024-02-05 10:00:00;02;CE
1;AB;2024;212;2024-02-10 10:00:00;03;CO
1;AB;2024;213;2024-03-04 08:00:00;00;FC
1;AB;2024;213;2024-03-04 10:00:00;01;EM
1;AB;2024;213;2024-03-05 10:00:00;02;CE
1;AB;2024;213;2024-03-28 10:00:00;03;CO
1;AB;2024;214;2024-04-04 08:00:00;00;FC
1;AB;2024;214;2024-04-04 10:00:00;01;EM
1;AB;2024;214;2024-04-05 10:00:00;02;CE
1;AB;2024;214;2024-04-23 10:00:00;03;CO
1;AB;2024;215;2024-05-04 08:00:00;00;FC
1;AB;2024;215;2024-05-04 10:00:00;01;EM
1;AB;2024;215;2024-05-05 10:00:00;02;CE
1;AB;2024;215;2024-06-04 10:00:00;03;CO
1;AB;2024;216;2024-06-04 08:00:00;00;FC
1;AB;2024;216;2024-06-04 10:00:00;01;EM
1;AB;2024;216;2024-06-05 10:00:00;02;CE
1;AB;2024;216;2024-06-11 10:00:00;03;CO
1;AB;2024;217;2024-07-04 08:00:00;00;FC
1;AB;2024;217;2024-07-04 10:00:00;01;EM
1;AB;2024;217;2024-07-05 10:00:00;02;CE
1;AB;2024;217;2024-07-26 10:00:00;03;CO
1;AB;2024;218;2024-08-04 08:00:00;00;FC
1;AB;2024;218;2024-08-04 10:00:00;01;EM
1;AB;2024;218;2024-08-05 10:00:00;02;CE
1;AB;2024;218;2024-08-22 10:00:00;03;CO
1;AB;2024;219;2024-09-04 08:00:00;00;FC
1;AB;2024;219;2024-09-04 10:00:00;01;EM
1;AB;2024;219;2024-09-05 10:00:00;02;CE
1;AB;2024;219;2024-09-17 10:00:00;03;CO
1;AB;2024;220;2024-10-04 08:00:00;00;FC
1;AB;2024;220;2024-10-04 10:00:00;01;EM
1;AB;2024;220;2024-10-05 10:00:00;02;CE
1;AB;2024;220;2024-11-04 10:00:00;03;CO
1;AB;2024;221;2024-11-04 08:00:00;00;FC
1;AB;2024;221;2024-11-04 10:00:00;01;EM
1;AB;2024;221;2024-11-05 10:00:00;02;CE
1;AB;2024;221;2024-11-17 10:00:00;03;CO
1;AB;2024;222;2024-12-04 08:00:00;00;FC
1;AB;2024;222;2024-12-04 10:00:00;01;EM
1;AB;2024;222;2024-12-05 10:00:00;02;CE
1;AB;2024;222;2025-01-03 10:00:00;03;CO
1;AB;2025;254;2025-01-04 08:00:00;00;FC
1;AB;2025;254;2025-01-04 10:00:00;01;EM
1;AB;2025;254;2025-01-05 10:00:00;02;CE
1;AB;2025;254;2025-01-18 10:00:00;03;CO
1;AB;2025;255;2025-02-04 08:00:00;00;FC
1;AB;2025;255;2025-02-04 10:00:00;01;EM
1;AB;2025;255;2025-02-05 10:00:00;02;CE
1;AB;2025;255;2025-02-28 10:00:00;03;CO
1;AB;2025;256;2025-03-04 08:00:00;00;FC
1;AB;2025;256;2025-03-04 10:00:00;01;EM
1;AB;2025;256;2025-03-05 10:00:00;02;CE
1;AB;2025;256;2025-03-18 10:00:00;03;CO
1;AB;2025;257;2025-04-04 08:00:00;00;FC
1;AB;2025;257;2025-04-04 10:00:00;01;EM
1;AB;2025;257;2025-04-05 10:00:00;02;CE
1;AB;2025;257;2025-04-24 10:00:00;03;CO
1;AB;2025;258;2025-05-04 08:00:00;00;FC
1;AB;2025;258;2025-05-04 10:00:00;01;EM
1;AB;2025;258;2025-05-05 10:00:00;02;CE
1;AB;2025;258;2025-06-03 10:00:00;03;CO
1;AB;2025;259;2025-06-04 08:00:00;00;FC
1;AB;2025;259;2025-06-04 10:00:00;01;EM
1;AB;2025;259;2025-06-05 10:00:00;02;CE
1;AB;2025;259;2025-06-14 10:00:00;03;CO
1;AB;2025;260;2025-07-04 08:00:00;00;FC
1;AB;2025;260;2025-07-04 10:00:00;01;EM
1;AB;2025;260;2025-07-05 10:00:00;02;CE
1;AB;2025;260;2025-07-26 10:00:00;03;CO
1;AB;2025;261;2025-08-04 08:00:00;00;FC
1;AB;2025;261;2025-08-04 10:00:00;01;EM
1;AB;2025;261;2025-08-05 10:00:00;02;CE
1;AB;2025;261;2025-08-21 10:00:00;03;CO
1;AB;2025;262;2025-09-04 08:00:00;00;FC
1;AB;2025;262;2025-09-04 10:00:00;01;EM
1;AB;2025;262;2025-09-05 10:00:00;02;CE
1;AB;2025;262;2025-10-02 10:00:00;03;CO
1;AB;2025;263;2025-10-04 08:00:00;00;FC
1;AB;2025;263;2025-10-04 10:00:00;01;EM
1;AB;2025;263;2025-10-05 10:00:00;02;CE
1;AB;2025;263;2025-10-11 10:00:00;03;CO
1;AB;2025;264;2025-11-04 08:00:00;00;FC
1;AB;2025;264;2025-11-04 10:00:00;01;EM
1;AB;2025;264;2025-11-05 10:00:00;02;CE
1;AB;2025;264;2025-11-19 10:00:00;04;DV
1;AB;2025;265;2025-12-04 08:00:00;00;FC
1;AB;2025;265;2025-12-04 10:00:00;01;EM
1;AB;2025;265;2025-12-05 10:00:00;02;CE
1;AB;2025;265;2025-12-10 10:00:00;03;CO
1;AB;2026;180;2026-01-04 08:00:00;00;FC
1;AB;2026;180;2026-01-04 10:00:00;01;EM
1;AB;2026;181;2026-02-04 08:00:00;00;FC
1;AB;2026;181;2026-02-04 10:00:00;01;EM
1;AB;2026;181;2026-02-05 10:00:00;02;CE
1;AB;2026;181;2026-02-11 10:00:00;03;CO
1;AB;2026;182;2026-03-04 08:00:00;00;FC
1;AB;2026;182;2026-03-04 10:00:00;01;EM
1;AB;2026;182;2026-03-05 10:00:00;02;CE
1;AB;2026;182;2026-03-27 10:00:00;03;CO
1;AB;2026;183;2026-04-04 08:00:00;00;FC
1;AB;2026;183;2026-04-04 10:00:00;01;EM
1;AB;2026;183;2026-04-05 10:00:00;02;CE
1;AB;2026;183;2026-04-12 10:00:00;03;CO
1;AB;2026;184;2026-05-04 08:00:00;00;FC
1;AB;2026;184;2026-05-04 10:00:00;01;EM
1;AB;2026;184;2026-05-05 10:00:00;02;CE
1;AB;2026;184;2026-05-31 10:00:00;03;CO
1;AB;2026;185;2026-06-04 08:00:00;00;FC
1;AB;2026;185;2026-06-04 10:00:00;01;EM
1;AB;2026;185;2026-06-05 10:00:00;02;CE
1;AB;2026;185;2026-06-21 10:00:00;03;CO
1;AB;2026;186;2026-07-04 08:00:00;00;FC
1;AB;2026;186;2026-07-04 10:00:00;01;EM
1;AB;2026;186;2026-07-05 10:00:00;05;CN
1;AB;2026;187;2026-08-04 08:00:00;00;FC
1;AB;2026;187;2026-08-04 10:00:00;01;EM
1;AB;2026;187;2026-08-05 10:00:00;02;CE
1;AB;2026;187;2026-08-20 10:00:00;03;CO
1;AB;2022;134;2022-04-04 08:00:00;00;FC
1;AB;2022;134;2022-04-04 10:00:00;01;EM
1;AB;2022;134;2022-04-05 10:00:00;02;CE
1;AB;2022;134;2022-04-23 10:00:00;03;CO
1;AB;2022;135;2022-05-04 08:00:00;00;FC
1;AB;2022;135;2022-05-04 10:00:00;01;EM
1;AB;2022;135;2022-05-05 10:00:00;02;CE
1;AB;2022;135;2022-05-11 10:00:00;03;CO
1;AB;2022;136;2022-06-04 08:00:00;00;FC
1;AB;2022;136;2022-06-04 10:00:00;01;EM
1;AB;2022;136;2022-06-05 10:00:00;02;CE
1;AB;2022;136;2022-06-19 10:00:00;03;CO
1;AB;2022;137;2022-07-04 08:00:00;00;FC
1;AB;2022;137;2022-07-04 10:00:00;01;EM
1;AB;2022;137;2022-07-05 10:00:00;02;CE
1;AB;2022;137;2022-07-14 10:00:00;03;CO
1;AB;2022;138;2022-08-04 08:00:00;00;FC
1;AB;2022;138;2022-08-04 10:00:00;01;EM
1;AB;2022;138;2022-08-05 10:00:00;02;CE
1;AB;2022;138;2022-09-02 10:00:00;03;CO
1;AB;2022;139;2022-09-04 08:00:00;00;FC
1;AB;2022;139;2022-09-04 10:00:00;01;EM
1;AB;2022;139;2022-09-05 10:00:00;02;CE
1;AB;2022;139;2022-09-23 10:00:00;03;CO
1;AB;2022;140;2022-10-04 08:00:00;00;FC
1;AB;2022;140;2022-10-04 10:00:00;01;EM
1;AB;2022;140;2022-10-05 10:00:00;02;CE
1;AB;2022;140;2022-10-31 10:00:00;03;CO
1;AB;2022;141;2022-11-04 08:00:00;00;FC
1;AB;2022;141;2022-11-04 10:00:00;01;EM
1;AB;2022;141;2022-11-05 10:00:00;02;CE
1;AB;2022;141;2022-11-23 10:00:00;03;CO
1;AB;2022;142;2022-12-04 08:00:00;00;FC
1;AB;2022;142;2022-12-04 10:00:00;01;EM
1;AB;2022;142;2022-12-05 10:00:00;02;CE
1;AB;2022;142;2022-12-28 10:00:00;03;CO
1;AB;2023;179;2023-01-04 08:00:00;00;FC
1;AB;2023;179;2023-01-04 10:00:00;01;EM
1;AB;2023;179;2023-01-05 10:00:00;02;CE
1;AB;2023;179;2023-01-26 10:00:00;03;CO
1;AB;2023;180;2023-02-04 08:00:00;00;FC
1;AB;2023;180;2023-02-04 10:00:00;01;EM
1;AB;2023;180;2023-02-05 10:00:00;02;CE
1;AB;2023;180;2023-02-18 10:00:00;03;CO
1;AB;2023;181;2023-03-04 08:00:00;00;FC
1;AB;2023;181;2023-03-04 10:00:00;01;EM
1;AB;2023;181;2023-03-05 10:00:00;02;CE
1;AB;2023;181;2023-04-04 10:00:00;03;CO
1;AB;2023;182;2023-04-04 08:00:00;00;FC
1;AB;2023;182;2023-04-04 10:00:00;01;EM
1;AB;2023;182;2023-04-05 10:00:00;02;CE
1;AB;2023;182;2023-04-22 10:00:00;03;CO
1;AB;2023;183;2023-05-04 08:00:00;00;FC
1;AB;2023;183;2023-05-04 10:00:00;01;EM
1;AB;2023;183;2023-05-05 10:00:00;02;CE
1;AB;2023;183;2023-05-30 10:00:00;03;CO
1;AB;2023;184;2023-06-04 08:00:00;00;FC
1;AB;2023;184;2023-06-04 10:00:00;01;EM
1;AB;2023;184;2023-06-05 10:00:00;02;CE
1;AB;2023;184;2023-06-29 10:00:00;03;CO
1;AB;2023;185;2023-07-04 08:00:00;00;FC
1;AB;2023;185;2023-07-04 10:00:00;01;EM
1;AB;2023;185;2023-07-05 10:00:00;02;CE
1;AB;2023;185;2023-07-30 10:00:00;03;CO
1;AB;2023;186;2023-08-04 08:00:00;00;FC
1;AB;2023;186;2023-08-04 10:00:00;01;EM
1;AB;2023;186;2023-08-05 10:00:00;02;CE
1;AB;2023;186;2023-09-03 10:00:00;03;CO
1;AB;2023;187;2023-09-04 08:00:00;00;FC
1;AB;2023;187;2023-09-04 10:00:00;01;EM
1;AB;2023;187;2023-09-05 10:00:00;02;CE
1;AB;2023;187;2023-09-16 10:00:00;03;CO
1;AB;2023;188;2023-10-04 08:00:00;00;FC
1;AB;2023;188;2023-10-04 10:00:00;01;EM
1;AB;2023;188;2023-10-05 10:00:00;02;CE
1;AB;2023;188;2023-10-21 10:00:00;03;CO
1;AB;2023;189;2023-11-04 08:00:00;00;FC
1;AB;2023;189;2023-11-04 10:00:00;01;EM
1;AB;2023;189;2023-11-05 10:00:00;02;CE
1;AB;2023;189;2023-12-04 10:00:00;03;CO
1;AB;2023;190;2023-12-04 08:00:00;00;FC
1;AB;2023;190;2023-12-04 10:00:00;01;EM
1;AB;2023;190;2023-12-05 10:00:00;02;CE
1;AB;2023;190;2024-01-01 10:00:00;03;CO
1;AB;2024;223;2024-01-04 08:00:00;00;FC
1;AB;2024;223;2024-01-04 10:00:00;01;EM
1;AB;2024;223;2024-01-05 10:00:00;02;CE
1;AB;2024;223;2024-02-03 10:00:00;03;CO
1;AB;2024;224;2024-02-04 08:00:00;00;FC
1;AB;2024;224;2024-02-04 10:00:00;01;EM
1;AB;2024;224;2024-02-05 10:00:00;02;CE
1;AB;2024;224;2024-02-15 10:00:00;03;CO
1;AB;2024;225;2024-03-04 08:00:00;00;FC
1;AB;2024;225;2024-03-04 10:00:00;01;EM
1;AB;2024;225;2024-03-05 10:00:00;02;CE
1;AB;2024;225;2024-03-22 10:00:00;03;CO
1;AB;2024;226;2024-04-04 08:00:00;00;FC
1;AB;2024;226;2024-04-04 10:00:00;01;EM
1;AB;2024;226;2024-04-05 10:00:00;02;CE
1;AB;2024;226;2024-04-30 10:00:00;03;CO
1;AB;2024;227;2024-05-04 08:00:00;00;FC
1;AB;2024;227;2024-05-04 10:00:00;01;EM
1;AB;2024;227;2024-05-05 10:00:00;02;CE
1;AB;2024;227;2024-05-16 10:00:00;03;CO
1;AB;2024;228;2024-06-04 08:00:00;00;FC
1;AB;2024;228;2024-06-04 10:00:00;01;EM
1;AB;2024;228;2024-06-05 10:00:00;02;CE
1;AB;2024;228;2024-06-14 10:00:00;03;CO
1;AB;2024;229;2024-07-04 08:00:00;00;FC
1;AB;2024;229;2024-07-04 10:00:00;01;EM
1;AB;2024;229;2024-07-05 10:00:00;02;CE
1;AB;2024;229;2024-07-12 10:00:00;03;CO
1;AB;2024;230;2024-08-04 08:00:00;00;FC
1;AB;2024;230;2024-08-04 10:00:00;01;EM
1;AB;2024;230;2024-08-05 10:00:00;02;CE
1;AB;2024;230;2024-08-18 10:00:00;03;CO
1;AB;2024;231;2024-09-04 08:00:00;00;FC
1;AB;2024;231;2024-09-04 10:00:00;01;EM
1;AB;2024;231;2024-09-05 10:00:00;02;CE
1;AB;2024;231;2024-09-15 10:00:00;03;CO
1;AB;2024;232;2024-10-04 08:00:00;00;FC
1;AB;2024;232;2024-10-04 10:00:00;01;EM
1;AB;2024;232;2024-10-05 10:00:00;02;CE
1;AB;2024;232;2024-10-27 10:00:00;03;CO
1;AB;2024;233;2024-11-04 08:00:00;00;FC
1;AB;2024;233;2024-11-04 10:00:00;01;EM
1;AB;2024;233;2024-11-05 10:00:00;02;CE
1;AB;2024;233;2024-11-29 10:00:00;03;CO
1;AB;2024;234;2024-12-04 08:00:00;00;FC
1;AB;2024;234;2024-12-04 10:00:00;01;EM
1;AB;2024;234;2024-12-05 10:00:00;02;CE
1;AB;2024;234;2024-12-31 10:00:00;03;CO
1;AB;2025;266;2025-01-04 08:00:00;00;FC
1;AB;2025;266;2025-01-04 10:00:00;01;EM
1;AB;2025;266;2025-01-05 10:00:00;02;CE
1;AB;2025;266;2025-02-03 10:00:00;03;CO
1;AB;2025;267;2025-02-04 08:00:00;00;FC
1;AB;2025;267;2025-02-04 10:00:00;01;EM
1;AB;2025;267;2025-02-05 10:00:00;02;CE
1;AB;2025;267;2025-03-07 10:00:00;03;CO
1;AB;2025;268;2025-03-04 08:00:00;00;FC
1;AB;2025;268;2025-03-04 10:00:00;01;EM
1;AB;2025;268;2025-03-05 10:00:00;02;CE
1;AB;2025;268;2025-03-12 10:00:00;03;CO
1;AB;2025;269;2025-04-04 08:00:00;00;FC
1;AB;2025;269;2025-04-04 10:00:00;01;EM
1;AB;2025;269;2025-04-05 10:00:00;02;CE
1;AB;2025;269;2025-05-01 10:00:00;03;CO
1;AB;2025;270;2025-05-04 08:00:00;00;FC
1;AB;2025;270;2025-05-04 10:00:00;01;EM
1;AB;2025;270;2025-05-05 10:00:00;02;CE
1;AB;2025;270;2025-05-25 10:00:00;03;CO
1;AB;2025;271;2025-06-04 08:00:00;00;FC
1;AB;2025;271;2025-06-04 10:00:00;01;EM
1;AB;2025;271;2025-06-05 10:00:00;02;CE
1;AB;2025;271;2025-06-11 10:00:00;03;CO
1;AB;2025;272;2025-07-04 08:00:00;00;FC
1;AB;2025;272;2025-07-04 10:00:00;01;EM
1;AB;2025;272;2025-07-05 10:00:00;02;CE
1;AB;2025;272;2025-07-28 10:00:00;03;CO
1;AB;2025;273;2025-08-04 08:00:00;00;FC
1;AB;2025;273;2025-08-04 10:00:00;01;EM
1;AB;2025;273;2025-08-05 10:00:00;02;CE
1;AB;2025;273;2025-08-31 10:00:00;03;CO
1;AB;2025;274;2025-09-04 08:00:00;00;FC
1;AB;2025;274;2025-09-04 10:00:00;01;EM
1;AB;2025;274;2025-09-05 10:00:00;02;CE
1;AB;2025;274;2025-09-22 10:00:00;03;CO
1;AB;2025;275;2025-10-04 08:00:00;00;FC
1;AB;2025;275;2025-10-04 10:00:00;01;EM
1;AB;2025;275;2025-10-05 10:00:00;02;CE
1;AB;2025;275;2025-10-21 10:00:00;03;CO
1;AB;2025;276;2025-11-04 08:00:00;00;FC
1;AB;2025;276;2025-11-04 10:00:00;01;EM
1;AB;2025;276;2025-11-05 10:00:00;02;CE
1;AB;2025;276;2025-12-01 10:00:00;03;CO
1;AB;2025;277;2025-12-04 08:00:00;00;FC
1;AB;2025;277;2025-12-04 10:00:00;01;EM
1;AB;2025;277;2025-12-05 10:00:00;02;CE
1;AB;2025;277;2026-01-02 10:00:00;03;CO
1;AB;2026;188;2026-01-04 08:00:00;00;FC
1;AB;2026;188;2026-01-04 10:00:00;01;EM
1;AB;2026;188;2026-01-05 10:00:00;02;CE
1;AB;2026;188;2026-01-31 10:00:00;03;CO
1;AB;2026;189;2026-02-04 08:00:00;00;FC
1;AB;2026;189;2026-02-04 10:00:00;01;EM
1;AB;2026;190;2026-03-04 08:00:00;00;FC
1;AB;2026;190;2026-03-04 10:00:00;01;EM
1;AB;2026;190;2026-03-05 10:00:00;02;CE
1;AB;2026;190;2026-03-20 10:00:00;03;CO
1;AB;2026;191;2026-04-04 08:00:00;00;FC
1;AB;2026;191;2026-04-04 10:00:00;01;EM
1;AB;2026;191;2026-04-05 10:00:00;02;CE
1;AB;2026;191;2026-04-23 10:00:00;03;CO
1;AB;2026;192;2026-05-04 08:00:00;00;FC
1;AB;2026;192;2026-05-04 10:00:00;01;EM
1;AB;2026;192;2026-05-05 10:00:00;02;CE
1;AB;2026;192;2026-05-26 10:00:00;03;CO
1;AB;2026;193;2026-06-04 08:00:00;00;FC
1;AB;2026;193;2026-06-04 10:00:00;01;EM
1;AB;2026;194;2026-07-04 08:00:00;00;FC
1;AB;2026;194;2026-07-04 10:00:00;01;EM
1;AB;2026;194;2026-07-05 10:00:00;02;CE
1;AB;2026;194;2026-07-24 10:00:00;20;AJ
1;AB;2026;195;2026-08-04 08:00:00;00;FC
1;AB;2026;195;2026-08-04 10:00:00;01;EM
1;AB;2026;195;2026-08-05 10:00:00;02;CE
1;AB;2026;195;2026-08-26 10:00:00;03;CO
1;AB;2023;191;2023-05-14 08:00:00;00;FC
1;AB;2023;191;2023-05-14 10:00:00;01;EM
1;AB;2023;191;2023-05-15 10:00:00;02;CE
1;AB;2023;191;2023-05-30 10:00:00;03;CO
1;AB;2023;192;2023-06-14 08:00:00;00;FC
1;AB;2023;192;2023-06-14 10:00:00;01;EM
1;AB;2023;192;2023-06-15 10:00:00;02;CE
1;AB;2023;192;2023-07-02 10:00:00;03;CO
1;AB;2023;193;2023-07-14 08:00:00;00;FC
1;AB;2023;193;2023-07-14 10:00:00;01;EM
1;AB;2023;193;2023-07-15 10:00:00;02;CE
1;AB;2023;193;2023-08-11 10:00:00;03;CO
1;AB;2023;194;2023-08-14 08:00:00;00;FC
1;AB;2023;194;2023-08-14 10:00:00;01;EM
1;AB;2023;194;2023-08-15 10:00:00;02;CE
1;AB;2023;194;2023-09-01 10:00:00;03;CO
1;AB;2023;195;2023-09-14 08:00:00;00;FC
1;AB;2023;195;2023-09-14 10:00:00;01;EM
1;AB;2023;195;2023-09-15 10:00:00;02;CE
1;AB;2023;195;2023-09-25 10:00:00;03;CO
1;AB;2023;196;2023-10-14 08:00:00;00;FC
1;AB;2023;196;2023-10-14 10:00:00;01;EM
1;AB;2023;196;2023-10-15 10:00:00;02;CE
1;AB;2023;196;2023-10-30 10:00:00;03;CO
1;AB;2023;197;2023-11-14 08:00:00;00;FC
1;AB;2023;197;2023-11-14 10:00:00;01;EM
1;AB;2023;197;2023-11-15 10:00:00;02;CE
1;AB;2023;197;2023-12-09 10:00:00;03;CO
1;AB;2023;198;2023-12-14 08:00:00;00;FC
1;AB;2023;198;2023-12-14 10:00:00;01;EM
1;AB;2023;198;2023-12-15 10:00:00;02;CE
1;AB;2023;198;2024-01-11 10:00:00;03;CO
1;AB;2024;235;2024-01-14 08:00:00;00;FC
1;AB;2024;235;2024-01-14 10:00:00;01;EM
1;AB;2024;235;2024-01-15 10:00:00;02;CE
1;AB;2024;235;2024-02-09 10:00:00;03;CO
1;AB;2024;236;2024-02-14 08:00:00;00;FC
1;AB;2024;236;2024-02-14 10:00:00;01;EM
1;AB;2024;236;2024-02-15 10:00:00;02;CE
1;AB;2024;236;2024-02-28 10:00:00;03;CO
1;AB;2024;237;2024-03-14 08:00:00;00;FC
1;AB;2024;237;2024-03-14 10:00:00;01;EM
1;AB;2024;237;2024-03-15 10:00:00;02;CE
1;AB;2024;237;2024-03-26 10:00:00;03;CO
1;AB;2024;238;2024-04-14 08:00:00;00;FC
1;AB;2024;238;2024-04-14 10:00:00;01;EM
1;AB;2024;238;2024-04-15 10:00:00;02;CE
1;AB;2024;238;2024-05-10 10:00:00;03;CO
1;AB;2024;239;2024-05-14 08:00:00;00;FC
1;AB;2024;239;2024-05-14 10:00:00;01;EM
1;AB;2024;239;2024-05-15 10:00:00;02;CE
1;AB;2024;239;2024-05-21 10:00:00;03;CO
1;AB;2024;240;2024-06-14 08:00:00;00;FC
1;AB;2024;240;2024-06-14 10:00:00;01;EM
1;AB;2024;240;2024-06-15 10:00:00;02;CE
1;AB;2024;240;2024-07-05 10:00:00;03;CO
1;AB;2024;241;2024-07-14 08:00:00;00;FC
1;AB;2024;241;2024-07-14 10:00:00;01;EM
1;AB;2024;241;2024-07-15 10:00:00;02;CE
1;AB;2024;241;2024-08-14 10:00:00;03;CO
1;AB;2024;242;2024-08-14 08:00:00;00;FC
1;AB;2024;242;2024-08-14 10:00:00;01;EM
1;AB;2024;242;2024-08-15 10:00:00;02;CE
1;AB;2024;242;2024-08-27 10:00:00;03;CO
1;AB;2024;243;2024-09-14 08:00:00;00;FC
1;AB;2024;243;2024-09-14 10:00:00;01;EM
1;AB;2024;243;2024-09-15 10:00:00;02;CE
1;AB;2024;243;2024-10-10 10:00:00;03;CO
1;AB;2024;244;2024-10-14 08:00:00;00;FC
1;AB;2024;244;2024-10-14 10:00:00;01;EM
1;AB;2024;244;2024-10-15 10:00:00;02;CE
1;AB;2024;244;2024-10-27 10:00:00;03;CO
1;AB;2024;245;2024-11-14 08:00:00;00;FC
1;AB;2024;245;2024-11-14 10:00:00;01;EM
1;AB;2024;245;2024-11-15 10:00:00;02;CE
1;AB;2024;245;2024-12-05 10:00:00;03;CO
1;AB;2024;246;2024-12-14 08:00:00;00;FC
1;AB;2024;246;2024-12-14 10:00:00;01;EM
1;AB;2024;246;2024-12-15 10:00:00;02;CE
1;AB;2024;246;2025-01-12 10:00:00;03;CO
1;AB;2025;278;2025-01-14 08:00:00;00;FC
1;AB;2025;278;2025-01-14 10:00:00;01;EM
1;AB;2025;278;2025-01-15 10:00:00;02;CE
1;AB;2025;278;2025-01-25 10:00:00;03;CO
1;AB;2025;279;2025-02-14 08:00:00;00;FC
1;AB;2025;279;2025-02-14 10:00:00;01;EM
1;AB;2025;279;2025-02-15 10:00:00;02;CE
1;AB;2025;279;2025-02-25 10:00:00;03;CO
1;AB;2025;280;2025-03-14 08:00:00;00;FC
1;AB;2025;280;2025-03-14 10:00:00;01;EM
1;AB;2025;280;2025-03-15 10:00:00;02;CE
1;AB;2025;280;2025-04-14 10:00:00;03;CO
1;AB;2025;281;2025-04-14 08:00:00;00;FC
1;AB;2025;281;2025-04-14 10:00:00;01;EM
1;AB;2025;281;2025-04-15 10:00:00;02;CE
1;AB;2025;281;2025-04-24 10:00:00;03;CO
1;AB;2025;282;2025-05-14 08:00:00;00;FC
1;AB;2025;282;2025-05-14 10:00:00;01;EM
1;AB;2025;282;2025-05-15 10:00:00;02;CE
1;AB;2025;282;2025-06-02 10:00:00;03;CO
1;AB;2025;283;2025-06-14 08:00:00;00;FC
1;AB;2025;283;2025-06-14 10:00:00;01;EM
1;AB;2025;283;2025-06-15 10:00:00;02;CE
1;AB;2025;283;2025-07-15 10:00:00;03;CO
1;AB;2025;284;2025-07-14 08:00:00;00;FC
1;AB;2025;284;2025-07-14 10:00:00;01;EM
1;AB;2025;284;2025-07-15 10:00:00;02;CE
1;AB;2025;284;2025-08-11 10:00:00;03;CO
1;AB;2025;285;2025-08-14 08:00:00;00;FC
1;AB;2025;285;2025-08-14 10:00:00;01;EM
1;AB;2025;285;2025-08-15 10:00:00;02;CE
1;AB;2025;285;2025-08-20 10:00:00;03;CO
1;AB;2025;286;2025-09-14 08:00:00;00;FC
1;AB;2025;286;2025-09-14 10:00:00;01;EM
1;AB;2025;286;2025-09-15 10:00:00;02;CE
1;AB;2025;286;2025-10-19 10:00:00;04;DV
1;AB;2025;287;2025-10-14 08:00:00;00;FC
1;AB;2025;287;2025-10-14 10:00:00;01;EM
1;AB;2025;287;2025-10-15 10:00:00;02;CE
1;AB;2025;287;2025-11-11 10:00:00;03;CO
1;AB;2025;288;2025-11-14 08:00:00;00;FC
1;AB;2025;288;2025-11-14 10:00:00;01;EM
1;AB;2025;288;2025-11-15 10:00:00;02;CE
1;AB;2025;288;2025-12-06 10:00:00;03;CO
1;AB;2025;289;2025-12-14 08:00:00;00;FC
1;AB;2025;289;2025-12-14 10:00:00;01;EM
1;AB;2025;289;2025-12-15 10:00:00;02;CE
1;AB;2025;289;2025-12-20 10:00:00;03;CO
1;AB;2026;196;2026-01-14 08:00:00;00;FC
1;AB;2026;196;2026-01-14 10:00:00;01;EM
1;AB;2026;196;2026-01-15 10:00:00;02;CE
1;AB;2026;196;2026-02-09 10:00:00;03;CO
1;AB;2026;197;2026-02-14 08:00:00;00;FC
1;AB;2026;197;2026-02-14 10:00:00;01;EM
1;AB;2026;197;2026-02-15 10:00:00;02;CE
1;AB;2026;197;2026-02-24 10:00:00;03;CO
1;AB;2026;198;2026-03-14 08:00:00;00;FC
1;AB;2026;198;2026-03-14 10:00:00;01;EM
1;AB;2026;198;2026-03-15 10:00:00;02;CE
1;AB;2026;198;2026-03-31 10:00:00;03;CO
1;AB;2026;199;2026-04-14 08:00:00;00;FC
1;AB;2026;199;2026-04-14 10:00:00;01;EM
1;AB;2026;199;2026-04-15 10:00:00;02;CE
1;AB;2026;199;2026-05-03 10:00:00;04;DV
1;AB;2026;199;2026-05-12 10:00:00;24;RC
1;AB;2026;200;2026-05-14 08:00:00;00;FC
1;AB;2026;200;2026-05-14 10:00:00;01;EM
1;AB;2026;200;2026-05-15 10:00:00;02;CE
1;AB;2026;200;2026-05-27 10:00:00;03;CO
1;AB;2026;201;2026-06-14 08:00:00;00;FC
1;AB;2026;201;2026-06-14 10:00:00;01;EM
1;AB;2026;202;2026-07-14 08:00:00;00;FC
1;AB;2026;202;2026-07-14 10:00:00;01;EM
1;AB;2024;247;2024-05-14 08:00:00;00;FC
1;AB;2024;247;2024-05-14 10:00:00;01;EM
1;AB;2024;247;2024-05-15 10:00:00;02;CE
1;AB;2024;247;2024-05-26 10:00:00;03;CO
1;AB;2024;248;2024-06-14 08:00:00;00;FC
1;AB;2024;248;2024-06-14 10:00:00;01;EM
1;AB;2024;248;2024-06-15 10:00:00;02;CE
1;AB;2024;248;2024-07-12 10:00:00;03;CO
1;AB;2024;249;2024-07-14 08:00:00;00;FC
1;AB;2024;249;2024-07-14 10:00:00;01;EM
1;AB;2024;249;2024-07-15 10:00:00;02;CE
1;AB;2024;249;2024-08-09 10:00:00;03;CO
1;AB;2024;250;2024-08-14 08:00:00;00;FC
1;AB;2024;250;2024-08-14 10:00:00;01;EM
1;AB;2024;250;2024-08-15 10:00:00;02;CE
1;AB;2024;250;2024-08-24 10:00:00;03;CO
1;AB;2024;251;2024-09-14 08:00:00;00;FC
1;AB;2024;251;2024-09-14 10:00:00;01;EM
1;AB;2024;251;2024-09-15 10:00:00;02;CE
1;AB;2024;251;2024-09-28 10:00:00;03;CO
1;AB;2024;252;2024-10-14 08:00:00;00;FC
1;AB;2024;252;2024-10-14 10:00:00;01;EM
1;AB;2024;252;2024-10-15 10:00:00;02;CE
1;AB;2024;252;2024-10-23 10:00:00;03;CO
1;AB;2024;253;2024-11-14 08:00:00;00;FC
1;AB;2024;253;2024-11-14 10:00:00;01;EM
1;AB;2024;253;2024-11-15 10:00:00;02;CE
1;AB;2024;253;2024-12-14 10:00:00;03;CO
1;AB;2024;254;2024-12-14 08:00:00;00;FC
1;AB;2024;254;2024-12-14 10:00:00;01;EM
1;AB;2024;254;2024-12-15 10:00:00;02;CE
1;AB;2024;254;2025-01-03 10:00:00;03;CO
1;AB;2025;290;2025-01-14 08:00:00;00;FC
1;AB;2025;290;2025-01-14 10:00:00;01;EM
1;AB;2025;290;2025-01-15 10:00:00;02;CE
1;AB;2025;290;2025-02-01 10:00:00;03;CO
1;AB;2025;291;2025-02-14 08:00:00;00;FC
1;AB;2025;291;2025-02-14 10:00:00;01;EM
1;AB;2025;291;2025-02-15 10:00:00;02;CE
1;AB;2025;291;2025-03-08 10:00:00;03;CO
1;AB;2025;292;2025-03-14 08:00:00;00;FC
1;AB;2025;292;2025-03-14 10:00:00;01;EM
1;AB;2025;292;2025-03-15 10:00:00;02;CE
1;AB;2025;292;2025-03-26 10:00:00;03;CO
1;AB;2025;293;2025-04-14 08:00:00;00;FC
1;AB;2025;293;2025-04-14 10:00:00;01;EM
1;AB;2025;293;2025-04-15 10:00:00;02;CE
1;AB;2025;293;2025-04-21 10:00:00;03;CO
1;AB;2025;294;2025-05-14 08:00:00;00;FC
1;AB;2025;294;2025-05-14 10:00:00;01;EM
1;AB;2025;294;2025-05-15 10:00:00;02;CE
1;AB;2025;294;2025-06-05 10:00:00;03;CO
1;AB;2025;295;2025-06-14 08:00:00;00;FC
1;AB;2025;295;2025-06-14 10:00:00;01;EM
1;AB;2025;295;2025-06-15 10:00:00;02;CE
1;AB;2025;295;2025-07-05 10:00:00;03;CO
1;AB;2025;296;2025-07-14 08:00:00;00;FC
1;AB;2025;296;2025-07-14 10:00:00;01;EM
1;AB;2025;296;2025-07-15 10:00:00;02;CE
1;AB;2025;296;2025-08-13 10:00:00;03;CO
1;AB;2025;297;2025-08-14 08:00:00;00;FC
1;AB;2025;297;2025-08-14 10:00:00;01;EM
1;AB;2025;297;2025-08-15 10:00:00;02;CE
1;AB;2025;297;2025-08-21 10:00:00;03;CO
1;AB;2025;298;2025-09-14 08:00:00;00;FC
1;AB;2025;298;2025-09-14 10:00:00;01;EM
1;AB;2025;298;2025-09-15 10:00:00;02;CE
1;AB;2025;298;2025-09-29 10:00:00;04;DV
1;AB;2025;298;2025-10-10 10:00:00;24;RC
1;AB;2025;299;2025-10-14 08:00:00;00;FC
1;AB;2025;299;2025-10-14 10:00:00;01;EM
1;AB;2025;299;2025-10-15 10:00:00;02;CE
1;AB;2025;299;2025-10-24 10:00:00;03;CO
1;AB;2025;300;2025-11-14 08:00:00;00;FC
1;AB;2025;300;2025-11-14 10:00:00;01;EM
1;AB;2025;300;2025-11-15 10:00:00;02;CE
1;AB;2025;300;2025-12-25 10:00:00;04;DV
1;AB;2025;301;2025-12-14 08:00:00;00;FC
1;AB;2025;301;2025-12-14 10:00:00;01;EM
1;AB;2025;301;2025-12-15 10:00:00;02;CE
1;AB;2025;301;2025-12-25 10:00:00;03;CO
1;AB;2026;203;2026-01-14 08:00:00;00;FC
1;AB;2026;203;2026-01-14 10:00:00;01;EM
1;AB;2026;203;2026-01-15 10:00:00;02;CE
1;AB;2026;203;2026-02-06 10:00:00;03;CO
1;AB;2026;204;2026-02-14 08:00:00;00;FC
1;AB;2026;204;2026-02-14 10:00:00;01;EM
1;AB;2026;204;2026-02-15 10:00:00;02;CE
1;AB;2026;204;2026-03-16 10:00:00;03;CO
1;AB;2026;205;2026-03-14 08:00:00;00;FC
1;AB;2026;205;2026-03-14 10:00:00;01;EM
1;AB;2026;205;2026-03-15 10:00:00;02;CE
1;AB;2026;205;2026-04-11 10:00:00;03;CO
1;AB;2026;206;2026-04-14 08:00:00;00;FC
1;AB;2026;206;2026-04-14 10:00:00;01;EM
1;AB;2026;207;2026-05-14 08:00:00;00;FC
1;AB;2026;207;2026-05-14 10:00:00;01;EM
1;AB;2026;207;2026-05-15 10:00:00;02;CE
1;AB;2026;207;2026-06-06 10:00:00;03;CO
1;AB;2026;208;2026-06-14 08:00:00;00;FC
1;AB;2026;208;2026-06-14 10:00:00;01;EM
1;AB;2026;208;2026-06-15 10:00:00;02;CE
1;AB;2026;208;2026-07-12 10:00:00;03;CO
1;AB;2026;209;2026-07-14 08:00:00;00;FC
1;AB;2026;209;2026-07-14 10:00:00;01;EM
1;AB;2026;209;2026-07-15 10:00:00;02;CE
1;AB;2026;209;2026-08-13 10:00:00;03;CO
1;AB;2025;302;2025-06-14 08:00:00;00;FC
1;AB;2025;302;2025-06-14 10:00:00;01;EM
1;AB;2025;302;2025-06-15 10:00:00;02;CE
1;AB;2025;302;2025-07-13 10:00:00;03;CO
1;AB;2025;303;2025-07-14 08:00:00;00;FC
1;AB;2025;303;2025-07-14 10:00:00;01;EM
1;AB;2025;303;2025-07-15 10:00:00;02;CE
1;AB;2025;303;2025-07-22 10:00:00;03;CO
1;AB;2025;304;2025-08-14 08:00:00;00;FC
1;AB;2025;304;2025-08-14 10:00:00;01;EM
1;AB;2025;305;2025-09-14 08:00:00;00;FC
1;AB;2025;305;2025-09-14 10:00:00;01;EM
1;AB;2025;305;2025-09-15 10:00:00;02;CE
1;AB;2025;305;2025-09-29 10:00:00;03;CO
1;AB;2025;306;2025-10-14 08:00:00;00;FC
1;AB;2025;306;2025-10-14 10:00:00;01;EM
1;AB;2025;306;2025-10-15 10:00:00;02;CE
1;AB;2025;306;2025-11-02 10:00:00;03;CO
1;AB;2025;307;2025-11-14 08:00:00;00;FC
1;AB;2025;307;2025-11-14 10:00:00;01;EM
1;AB;2025;307;2025-11-15 10:00:00;02;CE
1;AB;2025;307;2025-12-15 10:00:00;03;CO
1;AB;2025;308;2025-12-14 08:00:00;00;FC
1;AB;2025;308;2025-12-14 10:00:00;01;EM
1;AB;2025;308;2025-12-15 10:00:00;02;CE
1;AB;2025;308;2026-01-12 10:00:00;03;CO
1;AB;2026;210;2026-01-14 08:00:00;00;FC
1;AB;2026;210;2026-01-14 10:00:00;01;EM
1;AB;2026;211;2026-02-14 08:00:00;00;FC
1;AB;2026;211;2026-02-14 10:00:00;01;EM
1;AB;2026;211;2026-02-15 10:00:00;02;CE
1;AB;2026;211;2026-03-05 10:00:00;03;CO
1;AB;2026;212;2026-03-14 08:00:00;00;FC
1;AB;2026;212;2026-03-14 10:00:00;01;EM
1;AB;2026;212;2026-03-15 10:00:00;02;CE
1;AB;2026;212;2026-04-01 10:00:00;03;CO
1;AB;2026;213;2026-04-14 08:00:00;00;FC
1;AB;2026;213;2026-04-14 10:00:00;01;EM
1;AB;2026;213;2026-04-15 10:00:00;02;CE
1;AB;2026;213;2026-05-03 10:00:00;03;CO
1;AB;2026;214;2026-05-14 08:00:00;00;FC
1;AB;2026;214;2026-05-14 10:00:00;01;EM
1;AB;2026;214;2026-05-15 10:00:00;02;CE
1;AB;2026;214;2026-05-20 10:00:00;03;CO
1;AB;2026;215;2026-06-14 08:00:00;00;FC
1;AB;2026;215;2026-06-14 10:00:00;01;EM
1;AB;2026;215;2026-06-15 10:00:00;02;CE
1;AB;2026;215;2026-06-22 10:00:00;03;CO
1;AB;2026;216;2026-07-14 08:00:00;00;FC
1;AB;2026;216;2026-07-14 10:00:00;01;EM
1;AB;2026;216;2026-07-15 10:00:00;02;CE
1;AB;2026;216;2026-08-12 10:00:00;03;CO
1;AB;2020;34;2020-07-14 08:00:00;00;FC
1;AB;2020;34;2020-07-14 10:00:00;01;EM
1;AB;2020;34;2020-07-15 10:00:00;02;CE
1;AB;2020;34;2020-08-09 10:00:00;03;CO
1;AB;2020;35;2020-08-14 08:00:00;00;FC
1;AB;2020;35;2020-08-14 10:00:00;01;EM
1;AB;2020;35;2020-08-15 10:00:00;02;CE
1;AB;2020;35;2020-09-02 10:00:00;03;CO
1;AB;2020;36;2020-09-14 08:00:00;00;FC
1;AB;2020;36;2020-09-14 10:00:00;01;EM
1;AB;2020;36;2020-09-15 10:00:00;02;CE
1;AB;2020;36;2020-10-01 10:00:00;03;CO
1;AB;2020;37;2020-10-14 08:00:00;00;FC
1;AB;2020;37;2020-10-14 10:00:00;01;EM
1;AB;2020;37;2020-10-15 10:00:00;02;CE
1;AB;2020;37;2020-10-27 10:00:00;03;CO
1;AB;2020;38;2020-11-14 08:00:00;00;FC
1;AB;2020;38;2020-11-14 10:00:00;01;EM
1;AB;2020;38;2020-11-15 10:00:00;02;CE
1;AB;2020;38;2020-12-03 10:00:00;03;CO
1;AB;2020;39;2020-12-14 08:00:00;00;FC
1;AB;2020;39;2020-12-14 10:00:00;01;EM
1;AB;2020;39;2020-12-15 10:00:00;02;CE
1;AB;2020;39;2020-12-25 10:00:00;03;CO
1;AB;2021;88;2021-01-14 08:00:00;00;FC
1;AB;2021;88;2021-01-14 10:00:00;01;EM
1;AB;2021;88;2021-01-15 10:00:00;02;CE
1;AB;2021;88;2021-01-22 10:00:00;03;CO
1;AB;2021;89;2021-02-14 08:00:00;00;FC
1;AB;2021;89;2021-02-14 10:00:00;01;EM
1;AB;2021;89;2021-02-15 10:00:00;02;CE
1;AB;2021;89;2021-03-09 10:00:00;03;CO
1;AB;2021;90;2021-03-14 08:00:00;00;FC
1;AB;2021;90;2021-03-14 10:00:00;01;EM
1;AB;2021;90;2021-03-15 10:00:00;02;CE
1;AB;2021;90;2021-04-13 10:00:00;03;CO
1;AB;2021;91;2021-04-14 08:00:00;00;FC
1;AB;2021;91;2021-04-14 10:00:00;01;EM
1;AB;2021;91;2021-04-15 10:00:00;02;CE
1;AB;2021;91;2021-05-04 10:00:00;03;CO
1;AB;2021;92;2021-05-14 08:00:00;00;FC
1;AB;2021;92;2021-05-14 10:00:00;01;EM
1;AB;2021;92;2021-05-15 10:00:00;02;CE
1;AB;2021;92;2021-06-04 10:00:00;03;CO
1;AB;2021;93;2021-06-14 08:00:00;00;FC
1;AB;2021;93;2021-06-14 10:00:00;01;EM
1;AB;2021;93;2021-06-15 10:00:00;02;CE
1;AB;2021;93;2021-06-23 10:00:00;03;CO
1;AB;2021;94;2021-07-14 08:00:00;00;FC
1;AB;2021;94;2021-07-14 10:00:00;01;EM
1;AB;2021;94;2021-07-15 10:00:00;02;CE
1;AB;2021;94;2021-07-21 10:00:00;03;CO
1;AB;2021;95;2021-08-14 08:00:00;00;FC
1;AB;2021;95;2021-08-14 10:00:00;01;EM
1;AB;2021;95;2021-08-15 10:00:00;02;CE
1;AB;2021;95;2021-09-05 10:00:00;03;CO
1;AB;2021;96;2021-09-14 08:00:00;00;FC
1;AB;2021;96;2021-09-14 10:00:00;01;EM
1;AB;2021;96;2021-09-15 10:00:00;02;CE
1;AB;2021;96;2021-10-03 10:00:00;03;CO
1;AB;2021;97;2021-10-14 08:00:00;00;FC
1;AB;2021;97;2021-10-14 10:00:00;01;EM
1;AB;2021;97;2021-10-15 10:00:00;02;CE
1;AB;2021;97;2021-11-09 10:00:00;03;CO
1;AB;2021;98;2021-11-14 08:00:00;00;FC
1;AB;2021;98;2021-11-14 10:00:00;01;EM
1;AB;2021;98;2021-11-15 10:00:00;02;CE
1;AB;2021;98;2021-12-11 10:00:00;03;CO
1;AB;2021;99;2021-12-14 08:00:00;00;FC
1;AB;2021;99;2021-12-14 10:00:00;01;EM
1;AB;2021;99;2021-12-15 10:00:00;02;CE
1;AB;2021;99;2021-12-27 10:00:00;03;CO
1;AB;2022;143;2022-01-14 08:00:00;00;FC
1;AB;2022;143;2022-01-14 10:00:00;01;EM
1;AB;2022;143;2022-01-15 10:00:00;02;CE
1;AB;2022;143;2022-02-03 10:00:00;03;CO
1;AB;2022;144;2022-02-14 08:00:00;00;FC
1;AB;2022;144;2022-02-14 10:00:00;01;EM
1;AB;2022;144;2022-02-15 10:00:00;02;CE
1;AB;2022;144;2022-03-17 10:00:00;03;CO
1;AB;2022;145;2022-03-14 08:00:00;00;FC
1;AB;2022;145;2022-03-14 10:00:00;01;EM
1;AB;2022;145;2022-03-15 10:00:00;02;CE
1;AB;2022;145;2022-03-30 10:00:00;03;CO
1;AB;2022;146;2022-04-14 08:00:00;00;FC
1;AB;2022;146;2022-04-14 10:00:00;01;EM
1;AB;2022;146;2022-04-15 10:00:00;02;CE
1;AB;2022;146;2022-05-05 10:00:00;03;CO
1;AB;2022;147;2022-05-14 08:00:00;00;FC
1;AB;2022;147;2022-05-14 10:00:00;01;EM
1;AB;2022;147;2022-05-15 10:00:00;02;CE
1;AB;2022;147;2022-06-06 10:00:00;03;CO
1;AB;2022;148;2022-06-14 08:00:00;00;FC
1;AB;2022;148;2022-06-14 10:00:00;01;EM
1;AB;2022;148;2022-06-15 10:00:00;02;CE
1;AB;2022;148;2022-07-09 10:00:00;03;CO
1;AB;2022;149;2022-07-14 08:00:00;00;FC
1;AB;2022;149;2022-07-14 10:00:00;01;EM
1;AB;2022;149;2022-07-15 10:00:00;02;CE
1;AB;2022;149;2022-07-31 10:00:00;03;CO
1;AB;2022;150;2022-08-14 08:00:00;00;FC
1;AB;2022;150;2022-08-14 10:00:00;01;EM
1;AB;2022;150;2022-08-15 10:00:00;02;CE
1;AB;2022;150;2022-08-26 10:00:00;03;CO
1;AB;2022;151;2022-09-14 08:00:00;00;FC
1;AB;2022;151;2022-09-14 10:00:00;01;EM
1;AB;2022;151;2022-09-15 10:00:00;02;CE
1;AB;2022;151;2022-09-25 10:00:00;03;CO
1;AB;2022;152;2022-10-14 08:00:00;00;FC
1;AB;2022;152;2022-10-14 10:00:00;01;EM
1;AB;2022;152;2022-10-15 10:00:00;02;CE
1;AB;2022;152;2022-11-03 10:00:00;03;CO
1;AB;2022;153;2022-11-14 08:00:00;00;FC
1;AB;2022;153;2022-11-14 10:00:00;01;EM
1;AB;2022;153;2022-11-15 10:00:00;02;CE
1;AB;2022;153;2022-11-29 10:00:00;03;CO
1;AB;2022;154;2022-12-14 08:00:00;00;FC
1;AB;2022;154;2022-12-14 10:00:00;01;EM
1;AB;2022;154;2022-12-15 10:00:00;02;CE
1;AB;2022;154;2023-01-06 10:00:00;03;CO
1;AB;2023;199;2023-01-14 08:00:00;00;FC
1;AB;2023;199;2023-01-14 10:00:00;01;EM
1;AB;2023;199;2023-01-15 10:00:00;02;CE
1;AB;2023;199;2023-02-06 10:00:00;03;CO
1;AB;2023;200;2023-02-14 08:00:00;00;FC
1;AB;2023;200;2023-02-14 10:00:00;01;EM
1;AB;2023;200;2023-02-15 10:00:00;02;CE
1;AB;2023;200;2023-02-22 10:00:00;03;CO
1;AB;2023;201;2023-03-14 08:00:00;00;FC
1;AB;2023;201;2023-03-14 10:00:00;01;EM
1;AB;2023;201;2023-03-15 10:00:00;02;CE
1;AB;2023;201;2023-03-25 10:00:00;03;CO
1;AB;2023;202;2023-04-14 08:00:00;00;FC
1;AB;2023;202;2023-04-14 10:00:00;01;EM
1;AB;2023;202;2023-04-15 10:00:00;02;CE
1;AB;2023;202;2023-05-12 10:00:00;03;CO
1;AB;2023;203;2023-05-14 08:00:00;00;FC
1;AB;2023;203;2023-05-14 10:00:00;01;EM
1;AB;2023;203;2023-05-15 10:00:00;02;CE
1;AB;2023;203;2023-06-03 10:00:00;03;CO
1;AB;2023;204;2023-06-14 08:00:00;00;FC
1;AB;2023;204;2023-06-14 10:00:00;01;EM
1;AB;2023;204;2023-06-15 10:00:00;02;CE
1;AB;2023;204;2023-06-29 10:00:00;03;CO
1;AB;2023;205;2023-07-14 08:00:00;00;FC
1;AB;2023;205;2023-07-14 10:00:00;01;EM
1;AB;2023;205;2023-07-15 10:00:00;02;CE
1;AB;2023;205;2023-08-03 10:00:00;03;CO
1;AB;2023;206;2023-08-14 08:00:00;00;FC
1;AB;2023;206;2023-08-14 10:00:00;01;EM
1;AB;2023;206;2023-08-15 10:00:00;02;CE
1;AB;2023;206;2023-09-07 10:00:00;03;CO
1;AB;2023;207;2023-09-14 08:00:00;00;FC
1;AB;2023;207;2023-09-14 10:00:00;01;EM
1;AB;2023;207;2023-09-15 10:00:00;02;CE
1;AB;2023;207;2023-10-14 10:00:00;03;CO
1;AB;2023;208;2023-10-14 08:00:00;00;FC
1;AB;2023;208;2023-10-14 10:00:00;01;EM
1;AB;2023;208;2023-10-15 10:00:00;02;CE
1;AB;2023;208;2023-10-29 10:00:00;03;CO
1;AB;2023;209;2023-11-14 08:00:00;00;FC
1;AB;2023;209;2023-11-14 10:00:00;01;EM
1;AB;2023;209;2023-11-15 10:00:00;02;CE
1;AB;2023;209;2023-11-30 10:00:00;03;CO
1;AB;2023;210;2023-12-14 08:00:00;00;FC
1;AB;2023;210;2023-12-14 10:00:00;01;EM
1;AB;2023;210;2023-12-15 10:00:00;02;CE
1;AB;2023;210;2023-12-26 10:00:00;03;CO
1;AB;2024;255;2024-01-14 08:00:00;00;FC
1;AB;2024;255;2024-01-14 10:00:00;01;EM
1;AB;2024;255;2024-01-15 10:00:00;02;CE
1;AB;2024;255;2024-01-24 10:00:00;03;CO
1;AB;2024;256;2024-02-14 08:00:00;00;FC
1;AB;2024;256;2024-02-14 10:00:00;01;EM
1;AB;2024;256;2024-02-15 10:00:00;02;CE
1;AB;2024;256;2024-02-25 10:00:00;03;CO
1;AB;2024;257;2024-03-14 08:00:00;00;FC
1;AB;2024;257;2024-03-14 10:00:00;01;EM
1;AB;2024;257;2024-03-15 10:00:00;02;CE
1;AB;2024;257;2024-04-11 10:00:00;03;CO
1;AB;2024;258;2024-04-14 08:00:00;00;FC
1;AB;2024;258;2024-04-14 10:00:00;01;EM
1;AB;2024;258;2024-04-15 10:00:00;02;CE
1;AB;2024;258;2024-05-12 10:00:00;03;CO
1;AB;2024;259;2024-05-14 08:00:00;00;FC
1;AB;2024;259;2024-05-14 10:00:00;01;EM
1;AB;2024;259;2024-05-15 10:00:00;02;CE
1;AB;2024;259;2024-06-14 10:00:00;03;CO
1;AB;2024;260;2024-06-14 08:00:00;00;FC
1;AB;2024;260;2024-06-14 10:00:00;01;EM
1;AB;2024;260;2024-06-15 10:00:00;02;CE
1;AB;2024;260;2024-06-29 10:00:00;03;CO
1;AB;2024;261;2024-07-14 08:00:00;00;FC
1;AB;2024;261;2024-07-14 10:00:00;01;EM
1;AB;2024;261;2024-07-15 10:00:00;02;CE
1;AB;2024;261;2024-08-04 10:00:00;03;CO
1;AB;2024;262;2024-08-14 08:00:00;00;FC
1;AB;2024;262;2024-08-14 10:00:00;01;EM
1;AB;2024;262;2024-08-15 10:00:00;02;CE
1;AB;2024;262;2024-09-02 10:00:00;03;CO
1;AB;2024;263;2024-09-14 08:00:00;00;FC
1;AB;2024;263;2024-09-14 10:00:00;01;EM
1;AB;2024;263;2024-09-15 10:00:00;02;CE
1;AB;2024;263;2024-09-26 10:00:00;03;CO
1;AB;2024;264;2024-10-14 08:00:00;00;FC
1;AB;2024;264;2024-10-14 10:00:00;01;EM
1;AB;2024;264;2024-10-15 10:00:00;02;CE
1;AB;2024;264;2024-11-11 10:00:00;03;CO
1;AB;2024;265;2024-11-14 08:00:00;00;FC
1;AB;2024;265;2024-11-14 10:00:00;01;EM
1;AB;2024;265;2024-11-15 10:00:00;02;CE
1;AB;2024;265;2024-12-05 10:00:00;03;CO
1;AB;2024;266;2024-12-14 08:00:00;00;FC
1;AB;2024;266;2024-12-14 10:00:00;01;EM
1;AB;2024;266;2024-12-15 10:00:00;02;CE
1;AB;2024;266;2024-12-29 10:00:00;03;CO
1;AB;2025;309;2025-01-14 08:00:00;00;FC
1;AB;2025;309;2025-01-14 10:00:00;01;EM
1;AB;2025;309;2025-01-15 10:00:00;05;CN
1;AB;2025;310;2025-02-14 08:00:00;00;FC
1;AB;2025;310;2025-02-14 10:00:00;01;EM
1;AB;2025;310;2025-02-15 10:00:00;02;CE
1;AB;2025;310;2025-03-03 10:00:00;03;CO
1;AB;2025;311;2025-03-14 08:00:00;00;FC
1;AB;2025;311;2025-03-14 10:00:00;01;EM
1;AB;2025;311;2025-03-15 10:00:00;02;CE
1;AB;2025;311;2025-03-30 10:00:00;03;CO
1;AB;2025;312;2025-04-14 08:00:00;00;FC
1;AB;2025;312;2025-04-14 10:00:00;01;EM
1;AB;2025;312;2025-04-15 10:00:00;02;CE
1;AB;2025;312;2025-05-03 10:00:00;03;CO
1;AB;2025;313;2025-05-14 08:00:00;00;FC
1;AB;2025;313;2025-05-14 10:00:00;01;EM
1;AB;2025;313;2025-05-15 10:00:00;02;CE
1;AB;2025;313;2025-05-20 10:00:00;03;CO
1;AB;2025;314;2025-06-14 08:00:00;00;FC
1;AB;2025;314;2025-06-14 10:00:00;01;EM
1;AB;2025;314;2025-06-15 10:00:00;02;CE
1;AB;2025;314;2025-07-08 10:00:00;03;CO
1;AB;2025;315;2025-07-14 08:00:00;00;FC
1;AB;2025;315;2025-07-14 10:00:00;01;EM
1;AB;2025;315;2025-07-15 10:00:00;02;CE
1;AB;2025;315;2025-08-08 10:00:00;03;CO
1;AB;2025;316;2025-08-14 08:00:00;00;FC
1;AB;2025;316;2025-08-14 10:00:00;01;EM
1;AB;2025;317;2025-09-14 08:00:00;00;FC
1;AB;2025;317;2025-09-14 10:00:00;01;EM
1;AB;2025;317;2025-09-15 10:00:00;02;CE
1;AB;2025;317;2025-10-11 10:00:00;04;DV
1;AB;2025;318;2025-10-14 08:00:00;00;FC
1;AB;2025;318;2025-10-14 10:00:00;01;EM
1;AB;2025;318;2025-10-15 10:00:00;02;CE
1;AB;2025;318;2025-10-29 10:00:00;03;CO
1;AB;2025;319;2025-11-14 08:00:00;00;FC
1;AB;2025;319;2025-11-14 10:00:00;01;EM
1;AB;2025;319;2025-11-15 10:00:00;02;CE
1;AB;2025;319;2025-12-15 10:00:00;03;CO
1;AB;2025;320;2025-12-14 08:00:00;00;FC
1;AB;2025;320;2025-12-14 10:00:00;01;EM
1;AB;2025;320;2025-12-15 10:00:00;02;CE
1;AB;2025;320;2026-01-07 10:00:00;03;CO
1;AB;2026;217;2026-01-14 08:00:00;00;FC
1;AB;2026;217;2026-01-14 10:00:00;01;EM
1;AB;2026;217;2026-01-15 10:00:00;02;CE
1;AB;2026;217;2026-02-08 10:00:00;03;CO
1;AB;2026;218;2026-02-14 08:00:00;00;FC
1;AB;2026;218;2026-02-14 10:00:00;01;EM
1;AB;2026;218;2026-02-15 10:00:00;02;CE
1;AB;2026;218;2026-03-02 10:00:00;03;CO
1;AB;2026;219;2026-03-14 08:00:00;00;FC
1;AB;2026;219;2026-03-14 10:00:00;01;EM
1;AB;2026;219;2026-03-15 10:00:00;02;CE
1;AB;2026;219;2026-04-02 10:00:00;03;CO
1;AB;2026;220;2026-04-14 08:00:00;00;FC
1;AB;2026;220;2026-04-14 10:00:00;01;EM
1;AB;2026;221;2026-05-14 08:00:00;00;FC
1;AB;2026;221;2026-05-14 10:00:00;01;EM
1;AB;2026;221;2026-05-15 10:00:00;02;CE
1;AB;2026;221;2026-06-03 10:00:00;03;CO
1;AB;2026;222;2026-06-14 08:00:00;00;FC
1;AB;2026;222;2026-06-14 10:00:00;01;EM
1;AB;2026;222;2026-06-15 10:00:00;02;CE
1;AB;2026;222;2026-06-25 10:00:00;04;DV
1;AB;2026;223;2026-07-14 08:00:00;00;FC
1;AB;2026;223;2026-07-14 10:00:00;01;EM
1;AB;2026;223;2026-07-15 10:00:00;02;CE
1;AB;2026;223;2026-07-28 10:00:00;20;AJ
1;AB;2021;100;2021-08-24 08:00:00;00;FC
1;AB;2021;100;2021-08-24 10:00:00;01;EM
1;AB;2021;100;2021-08-25 10:00:00;02;CE
1;AB;2021;100;2021-09-17 10:00:00;03;CO
1;AB;2021;101;2021-09-24 08:00:00;00;FC
1;AB;2021;101;2021-09-24 10:00:00;01;EM
1;AB;2021;101;2021-09-25 10:00:00;02;CE
1;AB;2021;101;2021-10-15 10:00:00;03;CO
1;AB;2021;102;2021-10-24 08:00:00;00;FC
1;AB;2021;102;2021-10-24 10:00:00;01;EM
1;AB;2021;102;2021-10-25 10:00:00;02;CE
1;AB;2021;102;2021-10-30 10:00:00;03;CO
1;AB;2021;103;2021-11-24 08:00:00;00;FC
1;AB;2021;103;2021-11-24 10:00:00;01;EM
1;AB;2021;103;2021-11-25 10:00:00;02;CE
1;AB;2021;103;2021-12-07 10:00:00;03;CO
1;AB;2021;104;2021-12-24 08:00:00;00;FC
1;AB;2021;104;2021-12-24 10:00:00;01;EM
1;AB;2021;104;2021-12-25 10:00:00;02;CE
1;AB;2021;104;2022-01-14 10:00:00;03;CO
1;AB;2022;155;2022-01-24 08:00:00;00;FC
1;AB;2022;155;2022-01-24 10:00:00;01;EM
1;AB;2022;155;2022-01-25 10:00:00;02;CE
1;AB;2022;155;2022-02-16 10:00:00;03;CO
1;AB;2022;156;2022-02-24 08:00:00;00;FC
1;AB;2022;156;2022-02-24 10:00:00;01;EM
1;AB;2022;156;2022-02-25 10:00:00;02;CE
1;AB;2022;156;2022-03-13 10:00:00;03;CO
1;AB;2022;157;2022-03-24 08:00:00;00;FC
1;AB;2022;157;2022-03-24 10:00:00;01;EM
1;AB;2022;157;2022-03-25 10:00:00;02;CE
1;AB;2022;157;2022-03-30 10:00:00;03;CO
1;AB;2022;158;2022-04-24 08:00:00;00;FC
1;AB;2022;158;2022-04-24 10:00:00;01;EM
1;AB;2022;158;2022-04-25 10:00:00;02;CE
1;AB;2022;158;2022-05-12 10:00:00;03;CO
1;AB;2022;159;2022-05-24 08:00:00;00;FC
1;AB;2022;159;2022-05-24 10:00:00;01;EM
1;AB;2022;159;2022-05-25 10:00:00;02;CE
1;AB;2022;159;2022-06-12 10:00:00;03;CO
1;AB;2022;160;2022-06-24 08:00:00;00;FC
1;AB;2022;160;2022-06-24 10:00:00;01;EM
1;AB;2022;160;2022-06-25 10:00:00;02;CE
1;AB;2022;160;2022-07-11 10:00:00;03;CO
1;AB;2022;161;2022-07-24 08:00:00;00;FC
1;AB;2022;161;2022-07-24 10:00:00;01;EM
1;AB;2022;161;2022-07-25 10:00:00;02;CE
1;AB;2022;161;2022-08-24 10:00:00;03;CO
1;AB;2022;162;2022-08-24 08:00:00;00;FC
1;AB;2022;162;2022-08-24 10:00:00;01;EM
1;AB;2022;162;2022-08-25 10:00:00;02;CE
1;AB;2022;162;2022-09-10 10:00:00;03;CO
1;AB;2022;163;2022-09-24 08:00:00;00;FC
1;AB;2022;163;2022-09-24 10:00:00;01;EM
1;AB;2022;163;2022-09-25 10:00:00;02;CE
1;AB;2022;163;2022-10-06 10:00:00;03;CO
1;AB;2022;164;2022-10-24 08:00:00;00;FC
1;AB;2022;164;2022-10-24 10:00:00;01;EM
1;AB;2022;164;2022-10-25 10:00:00;02;CE
1;AB;2022;164;2022-11-02 10:00:00;03;CO
1;AB;2022;165;2022-11-24 08:00:00;00;FC
1;AB;2022;165;2022-11-24 10:00:00;01;EM
1;AB;2022;165;2022-11-25 10:00:00;02;CE
1;AB;2022;165;2022-12-03 10:00:00;03;CO
1;AB;2022;166;2022-12-24 08:00:00;00;FC
1;AB;2022;166;2022-12-24 10:00:00;01;EM
1;AB;2022;166;2022-12-25 10:00:00;02;CE
1;AB;2022;166;2023-01-19 10:00:00;03;CO
1;AB;2023;211;2023-01-24 08:00:00;00;FC
1;AB;2023;211;2023-01-24 10:00:00;01;EM
1;AB;2023;211;2023-01-25 10:00:00;02;CE
1;AB;2023;211;2023-02-03 10:00:00;03;CO
1;AB;2023;212;2023-02-24 08:00:00;00;FC
1;AB;2023;212;2023-02-24 10:00:00;01;EM
1;AB;2023;212;2023-02-25 10:00:00;02;CE
1;AB;2023;212;2023-03-16 10:00:00;03;CO
1;AB;2023;213;2023-03-24 08:00:00;00;FC
1;AB;2023;213;2023-03-24 10:00:00;01;EM
1;AB;2023;213;2023-03-25 10:00:00;02;CE
1;AB;2023;213;2023-04-19 10:00:00;03;CO
1;AB;2023;214;2023-04-24 08:00:00;00;FC
1;AB;2023;214;2023-04-24 10:00:00;01;EM
1;AB;2023;214;2023-04-25 10:00:00;02;CE
1;AB;2023;214;2023-05-01 10:00:00;03;CO
1;AB;2023;215;2023-05-24 08:00:00;00;FC
1;AB;2023;215;2023-05-24 10:00:00;01;EM
1;AB;2023;215;2023-05-25 10:00:00;02;CE
1;AB;2023;215;2023-06-23 10:00:00;03;CO
1;AB;2023;216;2023-06-24 08:00:00;00;FC
1;AB;2023;216;2023-06-24 10:00:00;01;EM
1;AB;2023;216;2023-06-25 10:00:00;02;CE
1;AB;2023;216;2023-06-30 10:00:00;03;CO
1;AB;2023;217;2023-07-24 08:00:00;00;FC
1;AB;2023;217;2023-07-24 10:00:00;01;EM
1;AB;2023;217;2023-07-25 10:00:00;02;CE
1;AB;2023;217;2023-08-18 10:00:00;03;CO
1;AB;2023;218;2023-08-24 08:00:00;00;FC
1;AB;2023;218;2023-08-24 10:00:00;01;EM
1;AB;2023;218;2023-08-25 10:00:00;02;CE
1;AB;2023;218;2023-09-06 10:00:00;03;CO
1;AB;2023;219;2023-09-24 08:00:00;00;FC
1;AB;2023;219;2023-09-24 10:00:00;01;EM
1;AB;2023;219;2023-09-25 10:00:00;02;CE
1;AB;2023;219;2023-10-10 10:00:00;03;CO
1;AB;2023;220;2023-10-24 08:00:00;00;FC
1;AB;2023;220;2023-10-24 10:00:00;01;EM
1;AB;2023;220;2023-10-25 10:00:00;02;CE
1;AB;2023;220;2023-11-09 10:00:00;03;CO
1;AB;2023;221;2023-11-24 08:00:00;00;FC
1;AB;2023;221;2023-11-24 10:00:00;01;EM
1;AB;2023;221;2023-11-25 10:00:00;02;CE
1;AB;2023;221;2023-12-08 10:00:00;03;CO
1;AB;2023;222;2023-12-24 08:00:00;00;FC
1;AB;2023;222;2023-12-24 10:00:00;01;EM
1;AB;2023;222;2023-12-25 10:00:00;02;CE
1;AB;2023;222;2024-01-23 10:00:00;03;CO
1;AB;2024;267;2024-01-24 08:00:00;00;FC
1;AB;2024;267;2024-01-24 10:00:00;01;EM
1;AB;2024;267;2024-01-25 10:00:00;02;CE
1;AB;2024;267;2024-02-13 10:00:00;03;CO
1;AB;2024;268;2024-02-24 08:00:00;00;FC
1;AB;2024;268;2024-02-24 10:00:00;01;EM
1;AB;2024;268;2024-02-25 10:00:00;02;CE
1;AB;2024;268;2024-03-02 10:00:00;03;CO
1;AB;2024;269;2024-03-24 08:00:00;00;FC
1;AB;2024;269;2024-03-24 10:00:00;01;EM
1;AB;2024;269;2024-03-25 10:00:00;02;CE
1;AB;2024;269;2024-04-02 10:00:00;03;CO
1;AB;2024;270;2024-04-24 08:00:00;00;FC
1;AB;2024;270;2024-04-24 10:00:00;01;EM
1;AB;2024;270;2024-04-25 10:00:00;02;CE
1;AB;2024;270;2024-05-11 10:00:00;03;CO
1;AB;2024;271;2024-05-24 08:00:00;00;FC
1;AB;2024;271;2024-05-24 10:00:00;01;EM
1;AB;2024;271;2024-05-25 10:00:00;02;CE
1;AB;2024;271;2024-06-17 10:00:00;03;CO
1;AB;2024;272;2024-06-24 08:00:00;00;FC
1;AB;2024;272;2024-06-24 10:00:00;01;EM
1;AB;2024;272;2024-06-25 10:00:00;02;CE
1;AB;2024;272;2024-07-17 10:00:00;03;CO
1;AB;2024;273;2024-07-24 08:00:00;00;FC
1;AB;2024;273;2024-07-24 10:00:00;01;EM
1;AB;2024;273;2024-07-25 10:00:00;02;CE
1;AB;2024;273;2024-08-23 10:00:00;03;CO
1;AB;2024;274;2024-08-24 08:00:00;00;FC
1;AB;2024;274;2024-08-24 10:00:00;01;EM
1;AB;2024;274;2024-08-25 10:00:00;02;CE
1;AB;2024;274;2024-09-20 10:00:00;03;CO
1;AB;2024;275;2024-09-24 08:00:00;00;FC
1;AB;2024;275;2024-09-24 10:00:00;01;EM
1;AB;2024;275;2024-09-25 10:00:00;02;CE
1;AB;2024;275;2024-10-01 10:00:00;03;CO
1;AB;2024;276;2024-10-24 08:00:00;00;FC
1;AB;2024;276;2024-10-24 10:00:00;01;EM
1;AB;2024;276;2024-10-25 10:00:00;02;CE
1;AB;2024;276;2024-10-30 10:00:00;03;CO
1;AB;2024;277;2024-11-24 08:00:00;00;FC
1;AB;2024;277;2024-11-24 10:00:00;01;EM
1;AB;2024;277;2024-11-25 10:00:00;02;CE
1;AB;2024;277;2024-12-10 10:00:00;03;CO
1;AB;2024;278;2024-12-24 08:00:00;00;FC
1;AB;2024;278;2024-12-24 10:00:00;01;EM
1;AB;2024;278;2024-12-25 10:00:00;02;CE
1;AB;2024;278;2025-01-01 10:00:00;03;CO
1;AB;2025;321;2025-01-24 08:00:00;00;FC
1;AB;2025;321;2025-01-24 10:00:00;01;EM
1;AB;2025;321;2025-01-25 10:00:00;02;CE
1;AB;2025;321;2025-02-02 10:00:00;03;CO
1;AB;2025;322;2025-02-24 08:00:00;00;FC
1;AB;2025;322;2025-02-24 10:00:00;01;EM
1;AB;2025;322;2025-02-25 10:00:00;02;CE
1;AB;2025;322;2025-03-25 10:00:00;03;CO
1;AB;2025;323;2025-03-24 08:00:00;00;FC
1;AB;2025;323;2025-03-24 10:00:00;01;EM
1;AB;2025;323;2025-03-25 10:00:00;02;CE
1;AB;2025;323;2025-04-17 10:00:00;03;CO
1;AB;2025;324;2025-04-24 08:00:00;00;FC
1;AB;2025;324;2025-04-24 10:00:00;01;EM
1;AB;2025;324;2025-04-25 10:00:00;02;CE
1;AB;2025;324;2025-05-16 10:00:00;03;CO
1;AB;2025;325;2025-05-24 08:00:00;00;FC
1;AB;2025;325;2025-05-24 10:00:00;01;EM
1;AB;2025;325;2025-05-25 10:00:00;02;CE
1;AB;2025;325;2025-06-18 10:00:00;03;CO
1;AB;2025;326;2025-06-24 08:00:00;00;FC
1;AB;2025;326;2025-06-24 10:00:00;01;EM
1;AB;2025;326;2025-06-25 10:00:00;02;CE
1;AB;2025;326;2025-07-10 10:00:00;03;CO
1;AB;2025;327;2025-07-24 08:00:00;00;FC
1;AB;2025;327;2025-07-24 10:00:00;01;EM
1;AB;2025;327;2025-07-25 10:00:00;02;CE
1;AB;2025;327;2025-08-11 10:00:00;03;CO
1;AB;2025;328;2025-08-24 08:00:00;00;FC
1;AB;2025;328;2025-08-24 10:00:00;01;EM
1;AB;2025;328;2025-08-25 10:00:00;02;CE
1;AB;2025;328;2025-09-12 10:00:00;03;CO
1;AB;2025;329;2025-09-24 08:00:00;00;FC
1;AB;2025;329;2025-09-24 10:00:00;01;EM
1;AB;2025;329;2025-09-25 10:00:00;02;CE
1;AB;2025;329;2025-10-21 10:00:00;03;CO
1;AB;2025;330;2025-10-24 08:00:00;00;FC
1;AB;2025;330;2025-10-24 10:00:00;01;EM
1;AB;2025;330;2025-10-25 10:00:00;02;CE
1;AB;2025;330;2025-11-12 10:00:00;03;CO
1;AB;2025;331;2025-11-24 08:00:00;00;FC
1;AB;2025;331;2025-11-24 10:00:00;01;EM
1;AB;2025;331;2025-11-25 10:00:00;02;CE
1;AB;2025;331;2025-12-15 10:00:00;03;CO
1;AB;2025;332;2025-12-24 08:00:00;00;FC
1;AB;2025;332;2025-12-24 10:00:00;01;EM
1;AB;2025;332;2025-12-25 10:00:00;02;CE
1;AB;2025;332;2026-01-20 10:00:00;03;CO
1;AB;2026;224;2026-01-24 08:00:00;00;FC
1;AB;2026;224;2026-01-24 10:00:00;01;EM
1;AB;2026;224;2026-01-25 10:00:00;02;CE
1;AB;2026;224;2026-02-17 10:00:00;03;CO
1;AB;2026;225;2026-02-24 08:00:00;00;FC
1;AB;2026;225;2026-02-24 10:00:00;01;EM
1;AB;2026;225;2026-02-25 10:00:00;02;CE
1;AB;2026;225;2026-03-19 10:00:00;03;CO
1;AB;2026;226;2026-03-24 08:00:00;00;FC
1;AB;2026;226;2026-03-24 10:00:00;01;EM
1;AB;2026;227;2026-04-24 08:00:00;00;FC
1;AB;2026;227;2026-04-24 10:00:00;01;EM
1;AB;2026;228;2026-05-24 08:00:00;00;FC
1;AB;2026;228;2026-05-24 10:00:00;01;EM
1;AB;2026;228;2026-05-25 10:00:00;02;CE
1;AB;2026;228;2026-06-12 10:00:00;03;CO
1;AB;2026;229;2026-06-24 08:00:00;00;FC
1;AB;2026;229;2026-06-24 10:00:00;01;EM
1;AB;2026;230;2026-07-24 08:00:00;00;FC
1;AB;2026;230;2026-07-24 10:00:00;01;EM
1;AB;2026;230;2026-07-25 10:00:00;02;CE
1;AB;2026;230;2026-08-20 10:00:00;03;CO
1;AB;2022;167;2022-09-24 08:00:00;00;FC
1;AB;2022;167;2022-09-24 10:00:00;01;EM
1;AB;2022;167;2022-09-25 10:00:00;02;CE
1;AB;2022;167;2022-10-22 10:00:00;03;CO
1;AB;2022;168;2022-10-24 08:00:00;00;FC
1;AB;2022;168;2022-10-24 10:00:00;01;EM
1;AB;2022;168;2022-10-25 10:00:00;02;CE
1;AB;2022;168;2022-11-15 10:00:00;03;CO
1;AB;2022;169;2022-11-24 08:00:00;00;FC
1;AB;2022;169;2022-11-24 10:00:00;01;EM
1;AB;2022;169;2022-11-25 10:00:00;02;CE
1;AB;2022;169;2022-11-30 10:00:00;03;CO
1;AB;2022;170;2022-12-24 08:00:00;00;FC
1;AB;2022;170;2022-12-24 10:00:00;01;EM
1;AB;2022;170;2022-12-25 10:00:00;02;CE
1;AB;2022;170;2023-01-18 10:00:00;03;CO
1;AB;2023;223;2023-01-24 08:00:00;00;FC
1;AB;2023;223;2023-01-24 10:00:00;01;EM
1;AB;2023;223;2023-01-25 10:00:00;02;CE
1;AB;2023;223;2023-01-31 10:00:00;03;CO
1;AB;2023;224;2023-02-24 08:00:00;00;FC
1;AB;2023;224;2023-02-24 10:00:00;01;EM
1;AB;2023;224;2023-02-25 10:00:00;02;CE
1;AB;2023;224;2023-03-24 10:00:00;03;CO
1;AB;2023;225;2023-03-24 08:00:00;00;FC
1;AB;2023;225;2023-03-24 10:00:00;01;EM
1;AB;2023;225;2023-03-25 10:00:00;02;CE
1;AB;2023;225;2023-04-15 10:00:00;03;CO
1;AB;2023;226;2023-04-24 08:00:00;00;FC
1;AB;2023;226;2023-04-24 10:00:00;01;EM
1;AB;2023;226;2023-04-25 10:00:00;02;CE
1;AB;2023;226;2023-05-25 10:00:00;03;CO
1;AB;2023;227;2023-05-24 08:00:00;00;FC
1;AB;2023;227;2023-05-24 10:00:00;01;EM
1;AB;2023;227;2023-05-25 10:00:00;02;CE
1;AB;2023;227;2023-06-18 10:00:00;03;CO
1;AB;2023;228;2023-06-24 08:00:00;00;FC
1;AB;2023;228;2023-06-24 10:00:00;01;EM
1;AB;2023;228;2023-06-25 10:00:00;02;CE
1;AB;2023;228;2023-07-23 10:00:00;03;CO
1;AB;2023;229;2023-07-24 08:00:00;00;FC
1;AB;2023;229;2023-07-24 10:00:00;01;EM
1;AB;2023;229;2023-07-25 10:00:00;02;CE
1;AB;2023;229;2023-08-18 10:00:00;03;CO
1;AB;2023;230;2023-08-24 08:00:00;00;FC
1;AB;2023;230;2023-08-24 10:00:00;01;EM
1;AB;2023;230;2023-08-25 10:00:00;02;CE
1;AB;2023;230;2023-09-10 10:00:00;03;CO
1;AB;2023;231;2023-09-24 08:00:00;00;FC
1;AB;2023;231;2023-09-24 10:00:00;01;EM
1;AB;2023;231;2023-09-25 10:00:00;02;CE
1;AB;2023;231;2023-10-14 10:00:00;03;CO
1;AB;2023;232;2023-10-24 08:00:00;00;FC
1;AB;2023;232;2023-10-24 10:00:00;01;EM
1;AB;2023;232;2023-10-25 10:00:00;02;CE
1;AB;2023;232;2023-11-11 10:00:00;03;CO
1;AB;2023;233;2023-11-24 08:00:00;00;FC
1;AB;2023;233;2023-11-24 10:00:00;01;EM
1;AB;2023;233;2023-11-25 10:00:00;02;CE
1;AB;2023;233;2023-12-15 10:00:00;03;CO
1;AB;2023;234;2023-12-24 08:00:00;00;FC
1;AB;2023;234;2023-12-24 10:00:00;01;EM
1;AB;2023;234;2023-12-25 10:00:00;02;CE
1;AB;2023;234;2024-01-13 10:00:00;03;CO
1;AB;2024;279;2024-01-24 08:00:00;00;FC
1;AB;2024;279;2024-01-24 10:00:00;01;EM
1;AB;2024;279;2024-01-25 10:00:00;02;CE
1;AB;2024;279;2024-02-17 10:00:00;03;CO
1;AB;2024;280;2024-02-24 08:00:00;00;FC
1;AB;2024;280;2024-02-24 10:00:00;01;EM
1;AB;2024;280;2024-02-25 10:00:00;02;CE
1;AB;2024;280;2024-03-04 10:00:00;03;CO
1;AB;2024;281;2024-03-24 08:00:00;00;FC
1;AB;2024;281;2024-03-24 10:00:00;01;EM
1;AB;2024;281;2024-03-25 10:00:00;02;CE
1;AB;2024;281;2024-04-21 10:00:00;03;CO
1;AB;2024;282;2024-04-24 08:00:00;00;FC
1;AB;2024;282;2024-04-24 10:00:00;01;EM
1;AB;2024;282;2024-04-25 10:00:00;02;CE
1;AB;2024;282;2024-05-13 10:00:00;03;CO
1;AB;2024;283;2024-05-24 08:00:00;00;FC
1;AB;2024;283;2024-05-24 10:00:00;01;EM
1;AB;2024;283;2024-05-25 10:00:00;05;CN
1;AB;2024;284;2024-06-24 08:00:00;00;FC
1;AB;2024;284;2024-06-24 10:00:00;01;EM
1;AB;2024;284;2024-06-25 10:00:00;02;CE
1;AB;2024;284;2024-07-15 10:00:00;03;CO
1;AB;2024;285;2024-07-24 08:00:00;00;FC
1;AB;2024;285;2024-07-24 10:00:00;01;EM
1;AB;2024;285;2024-07-25 10:00:00;02;CE
1;AB;2024;285;2024-08-04 10:00:00;03;CO
1;AB;2024;286;2024-08-24 08:00:00;00;FC
1;AB;2024;286;2024-08-24 10:00:00;01;EM
1;AB;2024;286;2024-08-25 10:00:00;02;CE
1;AB;2024;286;2024-09-20 10:00:00;03;CO
1;AB;2024;287;2024-09-24 08:00:00;00;FC
1;AB;2024;287;2024-09-24 10:00:00;01;EM
1;AB;2024;287;2024-09-25 10:00:00;02;CE
1;AB;2024;287;2024-10-13 10:00:00;03;CO
1;AB;2024;288;2024-10-24 08:00:00;00;FC
1;AB;2024;288;2024-10-24 10:00:00;01;EM
1;AB;2024;288;2024-10-25 10:00:00;02;CE
1;AB;2024;288;2024-11-10 10:00:00;03;CO
1;AB;2024;289;2024-11-24 08:00:00;00;FC
1;AB;2024;289;2024-11-24 10:00:00;01;EM
1;AB;2024;289;2024-11-25 10:00:00;02;CE
1;AB;2024;289;2024-12-12 10:00:00;03;CO
1;AB;2024;290;2024-12-24 08:00:00;00;FC
1;AB;2024;290;2024-12-24 10:00:00;01;EM
1;AB;2024;290;2024-12-25 10:00:00;02;CE
1;AB;2024;290;2025-01-04 10:00:00;03;CO
1;AB;2025;333;2025-01-24 08:00:00;00;FC
1;AB;2025;333;2025-01-24 10:00:00;01;EM
1;AB;2025;333;2025-01-25 10:00:00;02;CE
1;AB;2025;333;2025-02-24 10:00:00;03;CO
1;AB;2025;334;2025-02-24 08:00:00;00;FC
1;AB;2025;334;2025-02-24 10:00:00;01;EM
1;AB;2025;334;2025-02-25 10:00:00;02;CE
1;AB;2025;334;2025-03-19 10:00:00;03;CO
1;AB;2025;335;2025-03-24 08:00:00;00;FC
1;AB;2025;335;2025-03-24 10:00:00;01;EM
1;AB;2025;335;2025-03-25 10:00:00;02;CE
1;AB;2025;335;2025-04-23 10:00:00;03;CO
1;AB;2025;336;2025-04-24 08:00:00;00;FC
1;AB;2025;336;2025-04-24 10:00:00;01;EM
1;AB;2025;336;2025-04-25 10:00:00;02;CE
1;AB;2025;336;2025-05-02 10:00:00;03;CO
1;AB;2025;337;2025-05-24 08:00:00;00;FC
1;AB;2025;337;2025-05-24 10:00:00;01;EM
1;AB;2025;337;2025-05-25 10:00:00;02;CE
1;AB;2025;337;2025-06-11 10:00:00;03;CO
1;AB;2025;338;2025-06-24 08:00:00;00;FC
1;AB;2025;338;2025-06-24 10:00:00;01;EM
1;AB;2025;338;2025-06-25 10:00:00;02;CE
1;AB;2025;338;2025-07-09 10:00:00;03;CO
1;AB;2025;339;2025-07-24 08:00:00;00;FC
1;AB;2025;339;2025-07-24 10:00:00;01;EM
1;AB;2025;339;2025-07-25 10:00:00;02;CE
1;AB;2025;339;2025-08-08 10:00:00;03;CO
1;AB;2025;340;2025-08-24 08:00:00;00;FC
1;AB;2025;340;2025-08-24 10:00:00;01;EM
1;AB;2025;341;2025-09-24 08:00:00;00;FC
1;AB;2025;341;2025-09-24 10:00:00;01;EM
1;AB;2025;341;2025-09-25 10:00:00;02;CE
1;AB;2025;341;2025-10-19 10:00:00;03;CO
1;AB;2025;342;2025-10-24 08:00:00;00;FC
1;AB;2025;342;2025-10-24 10:00:00;01;EM
1;AB;2025;342;2025-10-25 10:00:00;02;CE
1;AB;2025;342;2025-11-23 10:00:00;03;CO
1;AB;2025;343;2025-11-24 08:00:00;00;FC
1;AB;2025;343;2025-11-24 10:00:00;01;EM
1;AB;2025;343;2025-11-25 10:00:00;02;CE
1;AB;2025;343;2025-12-14 10:00:00;03;CO
1;AB;2025;344;2025-12-24 08:00:00;00;FC
1;AB;2025;344;2025-12-24 10:00:00;01;EM
1;AB;2025;344;2025-12-25 10:00:00;02;CE
1;AB;2025;344;2026-01-12 10:00:00;03;CO
1;AB;2026;231;2026-01-24 08:00:00;00;FC
1;AB;2026;231;2026-01-24 10:00:00;01;EM
1;AB;2026;231;2026-01-25 10:00:00;02;CE
1;AB;2026;231;2026-02-01 10:00:00;03;CO
1;AB;2026;232;2026-02-24 08:00:00;00;FC
1;AB;2026;232;2026-02-24 10:00:00;01;EM
1;AB;2026;232;2026-02-25 10:00:00;02;CE
1;AB;2026;232;2026-03-13 10:00:00;03;CO
1;AB;2026;233;2026-03-24 08:00:00;00;FC
1;AB;2026;233;2026-03-24 10:00:00;01;EM
1;AB;2026;233;2026-03-25 10:00:00;02;CE
1;AB;2026;233;2026-04-02 10:00:00;03;CO
1;AB;2026;234;2026-04-24 08:00:00;00;FC
1;AB;2026;234;2026-04-24 10:00:00;01;EM
1;AB;2026;234;2026-04-25 10:00:00;02;CE
1;AB;2026;234;2026-05-20 10:00:00;03;CO
1;AB;2026;235;2026-05-24 08:00:00;00;FC
1;AB;2026;235;2026-05-24 10:00:00;01;EM
1;AB;2026;235;2026-05-25 10:00:00;02;CE
1;AB;2026;235;2026-06-14 10:00:00;03;CO
1;AB;2026;236;2026-06-24 08:00:00;00;FC
1;AB;2026;236;2026-06-24 10:00:00;01;EM
1;AB;2026;236;2026-06-25 10:00:00;02;CE
1;AB;2026;236;2026-07-06 10:00:00;03;CO
1;AB;2026;237;2026-07-24 08:00:00;00;FC
1;AB;2026;237;2026-07-24 10:00:00;01;EM
1;AB;2026;237;2026-07-25 10:00:00;02;CE
1;AB;2026;237;2026-08-19 10:00:00;03;CO
1;AB;2023;235;2023-10-24 08:00:00;00;FC
1;AB;2023;235;2023-10-24 10:00:00;01;EM
1;AB;2023;235;2023-10-25 10:00:00;02;CE
1;AB;2023;235;2023-11-10 10:00:00;03;CO
1;AB;2023;236;2023-11-24 08:00:00;00;FC
1;AB;2023;236;2023-11-24 10:00:00;01;EM
1;AB;2023;236;2023-11-25 10:00:00;02;CE
1;AB;2023;236;2023-12-12 10:00:00;03;CO
1;AB;2023;237;2023-12-24 08:00:00;00;FC
1;AB;2023;237;2023-12-24 10:00:00;01;EM
1;AB;2023;237;2023-12-25 10:00:00;02;CE
1;AB;2023;237;2024-01-12 10:00:00;03;CO
1;AB;2024;291;2024-01-24 08:00:00;00;FC
1;AB;2024;291;2024-01-24 10:00:00;01;EM
1;AB;2024;291;2024-01-25 10:00:00;02;CE
1;AB;2024;291;2024-02-12 10:00:00;03;CO
1;AB;2024;292;2024-02-24 08:00:00;00;FC
1;AB;2024;292;2024-02-24 10:00:00;01;EM
1;AB;2024;292;2024-02-25 10:00:00;02;CE
1;AB;2024;292;2024-03-15 10:00:00;03;CO
1;AB;2024;293;2024-03-24 08:00:00;00;FC
1;AB;2024;293;2024-03-24 10:00:00;01;EM
1;AB;2024;293;2024-03-25 10:00:00;02;CE
1;AB;2024;293;2024-04-16 10:00:00;03;CO
1;AB;2024;294;2024-04-24 08:00:00;00;FC
1;AB;2024;294;2024-04-24 10:00:00;01;EM
1;AB;2024;294;2024-04-25 10:00:00;02;CE
1;AB;2024;294;2024-05-25 10:00:00;03;CO
1;AB;2024;295;2024-05-24 08:00:00;00;FC
1;AB;2024;295;2024-05-24 10:00:00;01;EM
1;AB;2024;295;2024-05-25 10:00:00;02;CE
1;AB;2024;295;2024-06-07 10:00:00;03;CO
1;AB;2024;296;2024-06-24 08:00:00;00;FC
1;AB;2024;296;2024-06-24 10:00:00;01;EM
1;AB;2024;296;2024-06-25 10:00:00;02;CE
1;AB;2024;296;2024-07-04 10:00:00;03;CO
1;AB;2024;297;2024-07-24 08:00:00;00;FC
1;AB;2024;297;2024-07-24 10:00:00;01;EM
1;AB;2024;297;2024-07-25 10:00:00;02;CE
1;AB;2024;297;2024-08-03 10:00:00;03;CO
1;AB;2024;298;2024-08-24 08:00:00;00;FC
1;AB;2024;298;2024-08-24 10:00:00;01;EM
1;AB;2024;298;2024-08-25 10:00:00;02;CE
1;AB;2024;298;2024-09-07 10:00:00;03;CO
1;AB;2024;299;2024-09-24 08:00:00;00;FC
1;AB;2024;299;2024-09-24 10:00:00;01;EM
1;AB;2024;299;2024-09-25 10:00:00;02;CE
1;AB;2024;299;2024-10-08 10:00:00;03;CO
1;AB;2024;300;2024-10-24 08:00:00;00;FC
1;AB;2024;300;2024-10-24 10:00:00;01;EM
1;AB;2024;300;2024-10-25 10:00:00;02;CE
1;AB;2024;300;2024-11-24 10:00:00;03;CO
1;AB;2024;301;2024-11-24 08:00:00;00;FC
1;AB;2024;301;2024-11-24 10:00:00;01;EM
1;AB;2024;301;2024-11-25 10:00:00;02;CE
1;AB;2024;301;2024-12-09 10:00:00;03;CO
1;AB;2024;302;2024-12-24 08:00:00;00;FC
1;AB;2024;302;2024-12-24 10:00:00;01;EM
1;AB;2024;302;2024-12-25 10:00:00;02;CE
1;AB;2024;302;2025-01-16 10:00:00;03;CO
1;AB;2025;345;2025-01-24 08:00:00;00;FC
1;AB;2025;345;2025-01-24 10:00:00;01;EM
1;AB;2025;345;2025-01-25 10:00:00;02;CE
1;AB;2025;345;2025-02-07 10:00:00;03;CO
1;AB;2025;346;2025-02-24 08:00:00;00;FC
1;AB;2025;346;2025-02-24 10:00:00;01;EM
1;AB;2025;346;2025-02-25 10:00:00;02;CE
1;AB;2025;346;2025-03-27 10:00:00;03;CO
1;AB;2025;347;2025-03-24 08:00:00;00;FC
1;AB;2025;347;2025-03-24 10:00:00;01;EM
1;AB;2025;347;2025-03-25 10:00:00;02;CE
1;AB;2025;347;2025-04-11 10:00:00;03;CO
1;AB;2025;348;2025-04-24 08:00:00;00;FC
1;AB;2025;348;2025-04-24 10:00:00;01;EM
1;AB;2025;348;2025-04-25 10:00:00;02;CE
1;AB;2025;348;2025-05-17 10:00:00;03;CO
1;AB;2025;349;2025-05-24 08:00:00;00;FC
1;AB;2025;349;2025-05-24 10:00:00;01;EM
1;AB;2025;349;2025-05-25 10:00:00;02;CE
1;AB;2025;349;2025-06-11 10:00:00;03;CO
1;AB;2025;350;2025-06-24 08:00:00;00;FC
1;AB;2025;350;2025-06-24 10:00:00;01;EM
1;AB;2025;350;2025-06-25 10:00:00;02;CE
1;AB;2025;350;2025-07-23 10:00:00;03;CO
1;AB;2025;351;2025-07-24 08:00:00;00;FC
1;AB;2025;351;2025-07-24 10:00:00;01;EM
1;AB;2025;351;2025-07-25 10:00:00;02;CE
1;AB;2025;351;2025-08-23 10:00:00;03;CO
1;AB;2025;352;2025-08-24 08:00:00;00;FC
1;AB;2025;352;2025-08-24 10:00:00;01;EM
1;AB;2025;352;2025-08-25 10:00:00;02;CE
1;AB;2025;352;2025-09-08 10:00:00;03;CO
1;AB;2025;353;2025-09-24 08:00:00;00;FC
1;AB;2025;353;2025-09-24 10:00:00;01;EM
1;AB;2025;353;2025-09-25 10:00:00;02;CE
1;AB;2025;353;2025-10-10 10:00:00;04;DV
1;AB;2025;353;2025-10-25 10:00:00;24;RC
1;AB;2025;354;2025-10-24 08:00:00;00;FC
1;AB;2025;354;2025-10-24 10:00:00;01;EM
1;AB;2025;354;2025-10-25 10:00:00;02;CE
1;AB;2025;354;2025-11-26 10:00:00;04;DV
1;AB;2025;355;2025-11-24 08:00:00;00;FC
1;AB;2025;355;2025-11-24 10:00:00;01;EM
1;AB;2025;355;2025-11-25 10:00:00;02;CE
1;AB;2025;355;2025-12-20 10:00:00;04;DV
1;AB;2025;355;2025-12-27 10:00:00;24;RC
1;AB;2025;356;2025-12-24 08:00:00;00;FC
1;AB;2025;356;2025-12-24 10:00:00;01;EM
1;AB;2025;356;2025-12-25 10:00:00;02;CE
1;AB;2025;356;2026-01-04 10:00:00;03;CO
1;AB;2026;238;2026-01-24 08:00:00;00;FC
1;AB;2026;238;2026-01-24 10:00:00;01;EM
1;AB;2026;238;2026-01-25 10:00:00;02;CE
1;AB;2026;238;2026-02-06 10:00:00;03;CO
1;AB;2026;239;2026-02-24 08:00:00;00;FC
1;AB;2026;239;2026-02-24 10:00:00;01;EM
1;AB;2026;239;2026-02-25 10:00:00;02;CE
1;AB;2026;239;2026-03-08 10:00:00;03;CO
1;AB;2026;240;2026-03-24 08:00:00;00;FC
1;AB;2026;240;2026-03-24 10:00:00;01;EM
1;AB;2026;240;2026-03-25 10:00:00;02;CE
1;AB;2026;240;2026-04-24 10:00:00;03;CO
1;AB;2026;241;2026-04-24 08:00:00;00;FC
1;AB;2026;241;2026-04-24 10:00:00;01;EM
1;AB;2026;241;2026-04-25 10:00:00;02;CE
1;AB;2026;241;2026-05-13 10:00:00;03;CO
1;AB;2026;242;2026-05-24 08:00:00;00;FC
1;AB;2026;242;2026-05-24 10:00:00;01;EM
1;AB;2026;242;2026-05-25 10:00:00;02;CE
1;AB;2026;242;2026-06-17 10:00:00;03;CO
1;AB;2026;243;2026-06-24 08:00:00;00;FC
1;AB;2026;243;2026-06-24 10:00:00;01;EM
1;AB;2026;243;2026-06-25 10:00:00;02;CE
1;AB;2026;243;2026-07-17 10:00:00;03;CO
1;AB;2026;244;2026-07-24 08:00:00;00;FC
1;AB;2026;244;2026-07-24 10:00:00;01;EM
1;AB;2026;244;2026-07-25 10:00:00;02;CE
1;AB;2026;244;2026-08-13 10:00:00;03;CO
1;AB;2024;303;2024-11-24 08:00:00;00;FC
1;AB;2024;303;2024-11-24 10:00:00;01;EM
1;AB;2024;303;2024-11-25 10:00:00;02;CE
1;AB;2024;303;2024-12-17 10:00:00;03;CO
1;AB;2024;304;2024-12-24 08:00:00;00;FC
1;AB;2024;304;2024-12-24 10:00:00;01;EM
1;AB;2024;304;2024-12-25 10:00:00;02;CE
1;AB;2024;304;2025-01-19 10:00:00;03;CO
1;AB;2025;357;2025-01-24 08:00:00;00;FC
1;AB;2025;357;2025-01-24 10:00:00;01;EM
1;AB;2025;357;2025-01-25 10:00:00;02;CE
1;AB;2025;357;2025-02-07 10:00:00;03;CO
1;AB;2025;358;2025-02-24 08:00:00;00;FC
1;AB;2025;358;2025-02-24 10:00:00;01;EM
1;AB;2025;358;2025-02-25 10:00:00;02;CE
1;AB;2025;358;2025-03-26 10:00:00;03;CO
1;AB;2025;359;2025-03-24 08:00:00;00;FC
1;AB;2025;359;2025-03-24 10:00:00;01;EM
1;AB;2025;359;2025-03-25 10:00:00;02;CE
1;AB;2025;359;2025-03-31 10:00:00;03;CO
1;AB;2025;360;2025-04-24 08:00:00;00;FC
1;AB;2025;360;2025-04-24 10:00:00;01;EM
1;AB;2025;360;2025-04-25 10:00:00;02;CE
1;AB;2025;360;2025-05-08 10:00:00;03;CO
1;AB;2025;361;2025-05-24 08:00:00;00;FC
1;AB;2025;361;2025-05-24 10:00:00;01;EM
1;AB;2025;361;2025-05-25 10:00:00;02;CE
1;AB;2025;361;2025-06-23 10:00:00;03;CO
1;AB;2025;362;2025-06-24 08:00:00;00;FC
1;AB;2025;362;2025-06-24 10:00:00;01;EM
1;AB;2025;362;2025-06-25 10:00:00;02;CE
1;AB;2025;362;2025-07-15 10:00:00;03;CO
1;AB;2025;363;2025-07-24 08:00:00;00;FC
1;AB;2025;363;2025-07-24 10:00:00;01;EM
1;AB;2025;363;2025-07-25 10:00:00;02;CE
1;AB;2025;363;2025-08-18 10:00:00;03;CO
1;AB;2025;364;2025-08-24 08:00:00;00;FC
1;AB;2025;364;2025-08-24 10:00:00;01;EM
1;AB;2025;364;2025-08-25 10:00:00;02;CE
1;AB;2025;364;2025-09-21 10:00:00;03;CO
1;AB;2025;365;2025-09-24 08:00:00;00;FC
1;AB;2025;365;2025-09-24 10:00:00;01;EM
1;AB;2025;365;2025-09-25 10:00:00;02;CE
1;AB;2025;365;2025-10-13 10:00:00;03;CO
1;AB;2025;366;2025-10-24 08:00:00;00;FC
1;AB;2025;366;2025-10-24 10:00:00;01;EM
1;AB;2025;366;2025-10-25 10:00:00;05;CN
1;AB;2025;367;2025-11-24 08:00:00;00;FC
1;AB;2025;367;2025-11-24 10:00:00;01;EM
1;AB;2025;368;2025-12-24 08:00:00;00;FC
1;AB;2025;368;2025-12-24 10:00:00;01;EM
1;AB;2025;368;2025-12-25 10:00:00;02;CE
1;AB;2025;368;2025-12-31 10:00:00;03;CO
1;AB;2026;245;2026-01-24 08:00:00;00;FC
1;AB;2026;245;2026-01-24 10:00:00;01;EM
1;AB;2026;245;2026-01-25 10:00:00;02;CE
1;AB;2026;245;2026-02-04 10:00:00;03;CO
1;AB;2026;246;2026-02-24 08:00:00;00;FC
1;AB;2026;246;2026-02-24 10:00:00;01;EM
1;AB;2026;246;2026-02-25 10:00:00;02;CE
1;AB;2026;246;2026-03-25 10:00:00;03;CO
1;AB;2026;247;2026-03-24 08:00:00;00;FC
1;AB;2026;247;2026-03-24 10:00:00;01;EM
1;AB;2026;248;2026-04-24 08:00:00;00;FC
1;AB;2026;248;2026-04-24 10:00:00;01;EM
1;AB;2026;248;2026-04-25 10:00:00;02;CE
1;AB;2026;248;2026-05-08 10:00:00;03;CO
1;AB;2026;249;2026-05-24 08:00:00;00;FC
1;AB;2026;249;2026-05-24 10:00:00;01;EM
1;AB;2026;249;2026-05-25 10:00:00;02;CE
1;AB;2026;249;2026-06-04 10:00:00;03;CO
1;AB;2026;250;2026-06-24 08:00:00;00;FC
1;AB;2026;250;2026-06-24 10:00:00;01;EM
1;AB;2026;250;2026-06-25 10:00:00;02;CE
1;AB;2026;250;2026-07-19 10:00:00;03;CO
1;AB;2026;251;2026-07-24 08:00:00;00;FC
1;AB;2026;251;2026-07-24 10:00:00;01;EM
1;AB;2026;251;2026-07-25 10:00:00;02;CE
1;AB;2026;251;2026-08-14 10:00:00;03;CO
1;AB;2025;369;2025-12-14 08:00:00;00;FC
1;AB;2025;369;2025-12-14 10:00:00;01;EM
1;AB;2025;369;2025-12-15 10:00:00;02;CE
1;AB;2025;369;2026-01-04 10:00:00;03;CO
1;AB;2026;252;2026-01-14 08:00:00;00;FC
1;AB;2026;252;2026-01-14 10:00:00;01;EM
1;AB;2026;252;2026-01-15 10:00:00;02;CE
1;AB;2026;252;2026-02-09 10:00:00;03;CO
1;AB;2026;253;2026-02-14 08:00:00;00;FC
1;AB;2026;253;2026-02-14 10:00:00;01;EM
1;AB;2026;253;2026-02-15 10:00:00;02;CE
1;AB;2026;253;2026-03-15 10:00:00;03;CO
1;AB;2026;254;2026-03-14 08:00:00;00;FC
1;AB;2026;254;2026-03-14 10:00:00;01;EM
1;AB;2026;254;2026-03-15 10:00:00;02;CE
1;AB;2026;254;2026-04-10 10:00:00;03;CO
1;AB;2026;255;2026-04-14 08:00:00;00;FC
1;AB;2026;255;2026-04-14 10:00:00;01;EM
1;AB;2026;255;2026-04-15 10:00:00;02;CE
1;AB;2026;255;2026-04-29 10:00:00;03;CO
1;AB;2026;256;2026-05-14 08:00:00;00;FC
1;AB;2026;256;2026-05-14 10:00:00;01;EM
1;AB;2026;256;2026-05-15 10:00:00;02;CE
1;AB;2026;256;2026-06-10 10:00:00;03;CO
1;AB;2026;257;2026-06-14 08:00:00;00;FC
1;AB;2026;257;2026-06-14 10:00:00;01;EM
1;AB;2026;257;2026-06-15 10:00:00;02;CE
1;AB;2026;257;2026-06-24 10:00:00;03;CO
1;AB;2026;258;2026-07-14 08:00:00;00;FC
1;AB;2026;258;2026-07-14 10:00:00;01;EM
1;AB;2026;258;2026-07-15 10:00:00;02;CE
1;AB;2026;258;2026-08-10 10:00:00;04;DV
1;AB;2026;258;2026-08-25 10:00:00;24;RC
1;AB;2020;40;2020-01-14 08:00:00;00;FC
1;AB;2020;40;2020-01-14 10:00:00;01;EM
1;AB;2020;40;2020-01-15 10:00:00;02;CE
1;AB;2020;40;2020-02-11 10:00:00;03;CO
1;AB;2020;41;2020-02-14 08:00:00;00;FC
1;AB;2020;41;2020-02-14 10:00:00;01;EM
1;AB;2020;41;2020-02-15 10:00:00;02;CE
1;AB;2020;41;2020-03-04 10:00:00;03;CO
1;AB;2020;42;2020-03-14 08:00:00;00;FC
1;AB;2020;42;2020-03-14 10:00:00;01;EM
1;AB;2020;42;2020-03-15 10:00:00;02;CE
1;AB;2020;42;2020-04-11 10:00:00;03;CO
1;AB;2020;43;2020-04-14 08:00:00;00;FC
1;AB;2020;43;2020-04-14 10:00:00;01;EM
1;AB;2020;43;2020-04-15 10:00:00;02;CE
1;AB;2020;43;2020-04-25 10:00:00;03;CO
1;AB;2020;44;2020-05-14 08:00:00;00;FC
1;AB;2020;44;2020-05-14 10:00:00;01;EM
1;AB;2020;44;2020-05-15 10:00:00;02;CE
1;AB;2020;44;2020-06-09 10:00:00;03;CO
1;AB;2020;45;2020-06-14 08:00:00;00;FC
1;AB;2020;45;2020-06-14 10:00:00;01;EM
1;AB;2020;45;2020-06-15 10:00:00;02;CE
1;AB;2020;45;2020-07-02 10:00:00;03;CO
1;AB;2020;46;2020-07-14 08:00:00;00;FC
1;AB;2020;46;2020-07-14 10:00:00;01;EM
1;AB;2020;46;2020-07-15 10:00:00;02;CE
1;AB;2020;46;2020-08-06 10:00:00;03;CO
1;AB;2020;47;2020-08-14 08:00:00;00;FC
1;AB;2020;47;2020-08-14 10:00:00;01;EM
1;AB;2020;47;2020-08-15 10:00:00;02;CE
1;AB;2020;47;2020-08-27 10:00:00;03;CO
1;AB;2020;48;2020-09-14 08:00:00;00;FC
1;AB;2020;48;2020-09-14 10:00:00;01;EM
1;AB;2020;48;2020-09-15 10:00:00;02;CE
1;AB;2020;48;2020-09-27 10:00:00;03;CO
1;AB;2020;49;2020-10-14 08:00:00;00;FC
1;AB;2020;49;2020-10-14 10:00:00;01;EM
1;AB;2020;49;2020-10-15 10:00:00;02;CE
1;AB;2020;49;2020-11-07 10:00:00;03;CO
1;AB;2020;50;2020-11-14 08:00:00;00;FC
1;AB;2020;50;2020-11-14 10:00:00;01;EM
1;AB;2020;50;2020-11-15 10:00:00;02;CE
1;AB;2020;50;2020-12-09 10:00:00;03;CO
1;AB;2020;51;2020-12-14 08:00:00;00;FC
1;AB;2020;51;2020-12-14 10:00:00;01;EM
1;AB;2020;51;2020-12-15 10:00:00;02;CE
1;AB;2020;51;2021-01-07 10:00:00;03;CO
1;AB;2021;105;2021-01-14 08:00:00;00;FC
1;AB;2021;105;2021-01-14 10:00:00;01;EM
1;AB;2021;105;2021-01-15 10:00:00;02;CE
1;AB;2021;105;2021-01-31 10:00:00;03;CO
1;AB;2021;106;2021-02-14 08:00:00;00;FC
1;AB;2021;106;2021-02-14 10:00:00;01;EM
1;AB;2021;106;2021-02-15 10:00:00;02;CE
1;AB;2021;106;2021-03-10 10:00:00;03;CO
1;AB;2021;107;2021-03-14 08:00:00;00;FC
1;AB;2021;107;2021-03-14 10:00:00;01;EM
1;AB;2021;107;2021-03-15 10:00:00;02;CE
1;AB;2021;107;2021-03-29 10:00:00;03;CO
1;AB;2021;108;2021-04-14 08:00:00;00;FC
1;AB;2021;108;2021-04-14 10:00:00;01;EM
1;AB;2021;108;2021-04-15 10:00:00;02;CE
1;AB;2021;108;2021-04-23 10:00:00;03;CO
1;AB;2021;109;2021-05-14 08:00:00;00;FC
1;AB;2021;109;2021-05-14 10:00:00;01;EM
1;AB;2021;109;2021-05-15 10:00:00;02;CE
1;AB;2021;109;2021-06-14 10:00:00;03;CO
1;AB;2021;110;2021-06-14 08:00:00;00;FC
1;AB;2021;110;2021-06-14 10:00:00;01;EM
1;AB;2021;110;2021-06-15 10:00:00;02;CE
1;AB;2021;110;2021-07-11 10:00:00;03;CO
1;AB;2021;111;2021-07-14 08:00:00;00;FC
1;AB;2021;111;2021-07-14 10:00:00;01;EM
1;AB;2021;111;2021-07-15 10:00:00;02;CE
1;AB;2021;111;2021-08-05 10:00:00;03;CO
1;AB;2021;112;2021-08-14 08:00:00;00;FC
1;AB;2021;112;2021-08-14 10:00:00;01;EM
1;AB;2021;112;2021-08-15 10:00:00;02;CE
1;AB;2021;112;2021-08-28 10:00:00;03;CO
1;AB;2021;113;2021-09-14 08:00:00;00;FC
1;AB;2021;113;2021-09-14 10:00:00;01;EM
1;AB;2021;113;2021-09-15 10:00:00;02;CE
1;AB;2021;113;2021-09-25 10:00:00;03;CO
1;AB;2021;114;2021-10-14 08:00:00;00;FC
1;AB;2021;114;2021-10-14 10:00:00;01;EM
1;AB;2021;114;2021-10-15 10:00:00;02;CE
1;AB;2021;114;2021-11-11 10:00:00;03;CO
1;AB;2021;115;2021-11-14 08:00:00;00;FC
1;AB;2021;115;2021-11-14 10:00:00;01;EM
1;AB;2021;115;2021-11-15 10:00:00;02;CE
1;AB;2021;115;2021-12-12 10:00:00;03;CO
1;AB;2021;116;2021-12-14 08:00:00;00;FC
1;AB;2021;116;2021-12-14 10:00:00;01;EM
1;AB;2021;116;2021-12-15 10:00:00;02;CE
1;AB;2021;116;2022-01-12 10:00:00;03;CO
1;AB;2022;171;2022-01-14 08:00:00;00;FC
1;AB;2022;171;2022-01-14 10:00:00;01;EM
1;AB;2022;171;2022-01-15 10:00:00;02;CE
1;AB;2022;171;2022-02-02 10:00:00;03;CO
1;AB;2022;172;2022-02-14 08:00:00;00;FC
1;AB;2022;172;2022-02-14 10:00:00;01;EM
1;AB;2022;172;2022-02-15 10:00:00;02;CE
1;AB;2022;172;2022-02-21 10:00:00;03;CO
1;AB;2022;173;2022-03-14 08:00:00;00;FC
1;AB;2022;173;2022-03-14 10:00:00;01;EM
1;AB;2022;173;2022-03-15 10:00:00;02;CE
1;AB;2022;173;2022-03-24 10:00:00;03;CO
1;AB;2022;174;2022-04-14 08:00:00;00;FC
1;AB;2022;174;2022-04-14 10:00:00;01;EM
1;AB;2022;174;2022-04-15 10:00:00;02;CE
1;AB;2022;174;2022-05-09 10:00:00;03;CO
1;AB;2022;175;2022-05-14 08:00:00;00;FC
1;AB;2022;175;2022-05-14 10:00:00;01;EM
1;AB;2022;175;2022-05-15 10:00:00;02;CE
1;AB;2022;175;2022-06-12 10:00:00;03;CO
1;AB;2022;176;2022-06-14 08:00:00;00;FC
1;AB;2022;176;2022-06-14 10:00:00;01;EM
1;AB;2022;176;2022-06-15 10:00:00;02;CE
1;AB;2022;176;2022-06-24 10:00:00;03;CO
1;AB;2022;177;2022-07-14 08:00:00;00;FC
1;AB;2022;177;2022-07-14 10:00:00;01;EM
1;AB;2022;177;2022-07-15 10:00:00;02;CE
1;AB;2022;177;2022-07-23 10:00:00;03;CO
1;AB;2022;178;2022-08-14 08:00:00;00;FC
1;AB;2022;178;2022-08-14 10:00:00;01;EM
1;AB;2022;178;2022-08-15 10:00:00;02;CE
1;AB;2022;178;2022-08-25 10:00:00;03;CO
1;AB;2022;179;2022-09-14 08:00:00;00;FC
1;AB;2022;179;2022-09-14 10:00:00;01;EM
1;AB;2022;179;2022-09-15 10:00:00;02;CE
1;AB;2022;179;2022-09-28 10:00:00;03;CO
1;AB;2022;180;2022-10-14 08:00:00;00;FC
1;AB;2022;180;2022-10-14 10:00:00;01;EM
1;AB;2022;180;2022-10-15 10:00:00;02;CE
1;AB;2022;180;2022-10-27 10:00:00;03;CO
1;AB;2022;181;2022-11-14 08:00:00;00;FC
1;AB;2022;181;2022-11-14 10:00:00;01;EM
1;AB;2022;181;2022-11-15 10:00:00;02;CE
1;AB;2022;181;2022-11-26 10:00:00;03;CO
1;AB;2022;182;2022-12-14 08:00:00;00;FC
1;AB;2022;182;2022-12-14 10:00:00;01;EM
1;AB;2022;182;2022-12-15 10:00:00;02;CE
1;AB;2022;182;2023-01-02 10:00:00;03;CO
1;AB;2023;238;2023-01-14 08:00:00;00;FC
1;AB;2023;238;2023-01-14 10:00:00;01;EM
1;AB;2023;238;2023-01-15 10:00:00;02;CE
1;AB;2023;238;2023-01-23 10:00:00;03;CO
1;AB;2023;239;2023-02-14 08:00:00;00;FC
1;AB;2023;239;2023-02-14 10:00:00;01;EM
1;AB;2023;239;2023-02-15 10:00:00;02;CE
1;AB;2023;239;2023-03-08 10:00:00;03;CO
1;AB;2023;240;2023-03-14 08:00:00;00;FC
1;AB;2023;240;2023-03-14 10:00:00;01;EM
1;AB;2023;240;2023-03-15 10:00:00;02;CE
1;AB;2023;240;2023-04-14 10:00:00;03;CO
1;AB;2023;241;2023-04-14 08:00:00;00;FC
1;AB;2023;241;2023-04-14 10:00:00;01;EM
1;AB;2023;241;2023-04-15 10:00:00;02;CE
1;AB;2023;241;2023-04-27 10:00:00;03;CO
1;AB;2023;242;2023-05-14 08:00:00;00;FC
1;AB;2023;242;2023-05-14 10:00:00;01;EM
1;AB;2023;242;2023-05-15 10:00:00;02;CE
1;AB;2023;242;2023-05-20 10:00:00;03;CO
1;AB;2023;243;2023-06-14 08:00:00;00;FC
1;AB;2023;243;2023-06-14 10:00:00;01;EM
1;AB;2023;243;2023-06-15 10:00:00;02;CE
1;AB;2023;243;2023-06-22 10:00:00;03;CO
1;AB;2023;244;2023-07-14 08:00:00;00;FC
1;AB;2023;244;2023-07-14 10:00:00;01;EM
1;AB;2023;244;2023-07-15 10:00:00;02;CE
1;AB;2023;244;2023-08-09 10:00:00;03;CO
1;AB;2023;245;2023-08-14 08:00:00;00;FC
1;AB;2023;245;2023-08-14 10:00:00;01;EM
1;AB;2023;245;2023-08-15 10:00:00;02;CE
1;AB;2023;245;2023-09-03 10:00:00;03;CO
1;AB;2023;246;2023-09-14 08:00:00;00;FC
1;AB;2023;246;2023-09-14 10:00:00;01;EM
1;AB;2023;246;2023-09-15 10:00:00;02;CE
1;AB;2023;246;2023-09-26 10:00:00;03;CO
1;AB;2023;247;2023-10-14 08:00:00;00;FC
1;AB;2023;247;2023-10-14 10:00:00;01;EM
1;AB;2023;247;2023-10-15 10:00:00;02;CE
1;AB;2023;247;2023-10-29 10:00:00;03;CO
1;AB;2023;248;2023-11-14 08:00:00;00;FC
1;AB;2023;248;2023-11-14 10:00:00;01;EM
1;AB;2023;248;2023-11-15 10:00:00;02;CE
1;AB;2023;248;2023-11-20 10:00:00;03;CO
1;AB;2023;249;2023-12-14 08:00:00;00;FC
1;AB;2023;249;2023-12-14 10:00:00;01;EM
1;AB;2023;249;2023-12-15 10:00:00;02;CE
1;AB;2023;249;2024-01-12 10:00:00;03;CO
1;AB;2024;305;2024-01-14 08:00:00;00;FC
1;AB;2024;305;2024-01-14 10:00:00;01;EM
1;AB;2024;305;2024-01-15 10:00:00;02;CE
1;AB;2024;305;2024-02-07 10:00:00;03;CO
1;AB;2024;306;2024-02-14 08:00:00;00;FC
1;AB;2024;306;2024-02-14 10:00:00;01;EM
1;AB;2024;306;2024-02-15 10:00:00;02;CE
1;AB;2024;306;2024-03-07 10:00:00;03;CO
1;AB;2024;307;2024-03-14 08:00:00;00;FC
1;AB;2024;307;2024-03-14 10:00:00;01;EM
1;AB;2024;307;2024-03-15 10:00:00;02;CE
1;AB;2024;307;2024-03-21 10:00:00;03;CO
1;AB;2024;308;2024-04-14 08:00:00;00;FC
1;AB;2024;308;2024-04-14 10:00:00;01;EM
1;AB;2024;308;2024-04-15 10:00:00;02;CE
1;AB;2024;308;2024-05-14 10:00:00;03;CO
1;AB;2024;309;2024-05-14 08:00:00;00;FC
1;AB;2024;309;2024-05-14 10:00:00;01;EM
1;AB;2024;309;2024-05-15 10:00:00;02;CE
1;AB;2024;309;2024-05-28 10:00:00;03;CO
1;AB;2024;310;2024-06-14 08:00:00;00;FC
1;AB;2024;310;2024-06-14 10:00:00;01;EM
1;AB;2024;310;2024-06-15 10:00:00;02;CE
1;AB;2024;310;2024-06-28 10:00:00;03;CO
1;AB;2024;311;2024-07-14 08:00:00;00;FC
1;AB;2024;311;2024-07-14 10:00:00;01;EM
1;AB;2024;311;2024-07-15 10:00:00;02;CE
1;AB;2024;311;2024-07-28 10:00:00;03;CO
1;AB;2024;312;2024-08-14 08:00:00;00;FC
1;AB;2024;312;2024-08-14 10:00:00;01;EM
1;AB;2024;312;2024-08-15 10:00:00;02;CE
1;AB;2024;312;2024-09-02 10:00:00;03;CO
1;AB;2024;313;2024-09-14 08:00:00;00;FC
1;AB;2024;313;2024-09-14 10:00:00;01;EM
1;AB;2024;313;2024-09-15 10:00:00;02;CE
1;AB;2024;313;2024-10-12 10:00:00;03;CO
1;AB;2024;314;2024-10-14 08:00:00;00;FC
1;AB;2024;314;2024-10-14 10:00:00;01;EM
1;AB;2024;314;2024-10-15 10:00:00;02;CE
1;AB;2024;314;2024-11-12 10:00:00;03;CO
1;AB;2024;315;2024-11-14 08:00:00;00;FC
1;AB;2024;315;2024-11-14 10:00:00;01;EM
1;AB;2024;315;2024-11-15 10:00:00;02;CE
1;AB;2024;315;2024-12-08 10:00:00;03;CO
1;AB;2024;316;2024-12-14 08:00:00;00;FC
1;AB;2024;316;2024-12-14 10:00:00;01;EM
1;AB;2024;316;2024-12-15 10:00:00;02;CE
1;AB;2024;316;2024-12-25 10:00:00;03;CO
1;AB;2025;370;2025-01-14 08:00:00;00;FC
1;AB;2025;370;2025-01-14 10:00:00;01;EM
1;AB;2025;370;2025-01-15 10:00:00;02;CE
1;AB;2025;370;2025-02-12 10:00:00;03;CO
1;AB;2025;371;2025-02-14 08:00:00;00;FC
1;AB;2025;371;2025-02-14 10:00:00;01;EM
1;AB;2025;371;2025-02-15 10:00:00;02;CE
1;AB;2025;371;2025-03-01 10:00:00;03;CO
1;AB;2025;372;2025-03-14 08:00:00;00;FC
1;AB;2025;372;2025-03-14 10:00:00;01;EM
1;AB;2025;372;2025-03-15 10:00:00;02;CE
1;AB;2025;372;2025-04-12 10:00:00;03;CO
1;AB;2025;373;2025-04-14 08:00:00;00;FC
1;AB;2025;373;2025-04-14 10:00:00;01;EM
1;AB;2025;373;2025-04-15 10:00:00;02;CE
1;AB;2025;373;2025-04-25 10:00:00;03;CO
1;AB;2025;374;2025-05-14 08:00:00;00;FC
1;AB;2025;374;2025-05-14 10:00:00;01;EM
1;AB;2025;374;2025-05-15 10:00:00;02;CE
1;AB;2025;374;2025-06-05 10:00:00;03;CO
1;AB;2025;375;2025-06-14 08:00:00;00;FC
1;AB;2025;375;2025-06-14 10:00:00;01;EM
1;AB;2025;375;2025-06-15 10:00:00;02;CE
1;AB;2025;375;2025-07-08 10:00:00;03;CO
1;AB;2025;376;2025-07-14 08:00:00;00;FC
1;AB;2025;376;2025-07-14 10:00:00;01;EM
1;AB;2025;376;2025-07-15 10:00:00;02;CE
1;AB;2025;376;2025-07-31 10:00:00;03;CO
1;AB;2025;377;2025-08-14 08:00:00;00;FC
1;AB;2025;377;2025-08-14 10:00:00;01;EM
1;AB;2025;377;2025-08-15 10:00:00;02;CE
1;AB;2025;377;2025-08-26 10:00:00;03;CO
1;AB;2025;378;2025-09-14 08:00:00;00;FC
1;AB;2025;378;2025-09-14 10:00:00;01;EM
1;AB;2025;378;2025-09-15 10:00:00;02;CE
1;AB;2025;378;2025-09-27 10:00:00;03;CO
1;AB;2025;379;2025-10-14 08:00:00;00;FC
1;AB;2025;379;2025-10-14 10:00:00;01;EM
1;AB;2025;379;2025-10-15 10:00:00;02;CE
1;AB;2025;379;2025-11-10 10:00:00;04;DV
1;AB;2025;379;2025-11-25 10:00:00;24;RC
1;AB;2025;380;2025-11-14 08:00:00;00;FC
1;AB;2025;380;2025-11-14 10:00:00;01;EM
1;AB;2025;381;2025-12-14 08:00:00;00;FC
1;AB;2025;381;2025-12-14 10:00:00;01;EM
1;AB;2025;381;2025-12-15 10:00:00;02;CE
1;AB;2025;381;2025-12-22 10:00:00;03;CO
1;AB;2026;259;2026-01-14 08:00:00;00;FC
1;AB;2026;259;2026-01-14 10:00:00;01;EM
1;AB;2026;259;2026-01-15 10:00:00;02;CE
1;AB;2026;259;2026-01-27 10:00:00;04;DV
1;AB;2026;259;2026-02-02 10:00:00;24;RC
1;AB;2026;260;2026-02-14 08:00:00;00;FC
1;AB;2026;260;2026-02-14 10:00:00;01;EM
1;AB;2026;260;2026-02-15 10:00:00;02;CE
1;AB;2026;260;2026-03-09 10:00:00;03;CO
1;AB;2026;261;2026-03-14 08:00:00;00;FC
1;AB;2026;261;2026-03-14 10:00:00;01;EM
1;AB;2026;261;2026-03-15 10:00:00;02;CE
1;AB;2026;261;2026-03-28 10:00:00;03;CO
1;AB;2026;262;2026-04-14 08:00:00;00;FC
1;AB;2026;262;2026-04-14 10:00:00;01;EM
1;AB;2026;263;2026-05-14 08:00:00;00;FC
1;AB;2026;263;2026-05-14 10:00:00;01;EM
1;AB;2026;263;2026-05-15 10:00:00;02;CE
1;AB;2026;263;2026-06-12 10:00:00;03;CO
1;AB;2026;264;2026-06-14 08:00:00;00;FC
1;AB;2026;264;2026-06-14 10:00:00;01;EM
1;AB;2026;264;2026-06-15 10:00:00;02;CE
1;AB;2026;264;2026-07-11 10:00:00;03;CO
1;AB;2026;265;2026-07-14 08:00:00;00;FC
1;AB;2026;265;2026-07-14 10:00:00;01;EM
1;AB;2026;265;2026-07-15 10:00:00;02;CE
1;AB;2026;265;2026-08-03 10:00:00;03;CO
1;AB;2021;117;2021-02-14 08:00:00;00;FC
1;AB;2021;117;2021-02-14 10:00:00;01;EM
1;AB;2021;117;2021-02-15 10:00:00;02;CE
1;AB;2021;117;2021-02-23 10:00:00;03;CO
1;AB;2021;118;2021-03-14 08:00:00;00;FC
1;AB;2021;118;2021-03-14 10:00:00;01;EM
1;AB;2021;118;2021-03-15 10:00:00;02;CE
1;AB;2021;118;2021-04-02 10:00:00;03;CO
1;AB;2021;119;2021-04-14 08:00:00;00;FC
1;AB;2021;119;2021-04-14 10:00:00;01;EM
1;AB;2021;119;2021-04-15 10:00:00;02;CE
1;AB;2021;119;2021-04-26 10:00:00;03;CO
1;AB;2021;120;2021-05-14 08:00:00;00;FC
1;AB;2021;120;2021-05-14 10:00:00;01;EM
1;AB;2021;120;2021-05-15 10:00:00;02;CE
1;AB;2021;120;2021-05-21 10:00:00;03;CO
1;AB;2021;121;2021-06-14 08:00:00;00;FC
1;AB;2021;121;2021-06-14 10:00:00;01;EM
1;AB;2021;121;2021-06-15 10:00:00;02;CE
1;AB;2021;121;2021-07-04 10:00:00;03;CO
1;AB;2021;122;2021-07-14 08:00:00;00;FC
1;AB;2021;122;2021-07-14 10:00:00;01;EM
1;AB;2021;122;2021-07-15 10:00:00;02;CE
1;AB;2021;122;2021-07-27 10:00:00;03;CO
1;AB;2021;123;2021-08-14 08:00:00;00;FC
1;AB;2021;123;2021-08-14 10:00:00;01;EM
1;AB;2021;123;2021-08-15 10:00:00;02;CE
1;AB;2021;123;2021-09-02 10:00:00;03;CO
1;AB;2021;124;2021-09-14 08:00:00;00;FC
1;AB;2021;124;2021-09-14 10:00:00;01;EM
1;AB;2021;124;2021-09-15 10:00:00;02;CE
1;AB;2021;124;2021-09-29 10:00:00;03;CO
1;AB;2021;125;2021-10-14 08:00:00;00;FC
1;AB;2021;125;2021-10-14 10:00:00;01;EM
1;AB;2021;125;2021-10-15 10:00:00;02;CE
1;AB;2021;125;2021-10-29 10:00:00;03;CO
1;AB;2021;126;2021-11-14 08:00:00;00;FC
1;AB;2021;126;2021-11-14 10:00:00;01;EM
1;AB;2021;126;2021-11-15 10:00:00;02;CE
1;AB;2021;126;2021-11-26 10:00:00;03;CO
1;AB;2021;127;2021-12-14 08:00:00;00;FC
1;AB;2021;127;2021-12-14 10:00:00;01;EM
1;AB;2021;127;2021-12-15 10:00:00;02;CE
1;AB;2021;127;2022-01-11 10:00:00;03;CO
1;AB;2022;183;2022-01-14 08:00:00;00;FC
1;AB;2022;183;2022-01-14 10:00:00;01;EM
1;AB;2022;183;2022-01-15 10:00:00;02;CE
1;AB;2022;183;2022-02-12 10:00:00;03;CO
1;AB;2022;184;2022-02-14 08:00:00;00;FC
1;AB;2022;184;2022-02-14 10:00:00;01;EM
1;AB;2022;184;2022-02-15 10:00:00;02;CE
1;AB;2022;184;2022-02-21 10:00:00;03;CO
1;AB;2022;185;2022-03-14 08:00:00;00;FC
1;AB;2022;185;2022-03-14 10:00:00;01;EM
1;AB;2022;185;2022-03-15 10:00:00;02;CE
1;AB;2022;185;2022-03-26 10:00:00;03;CO
1;AB;2022;186;2022-04-14 08:00:00;00;FC
1;AB;2022;186;2022-04-14 10:00:00;01;EM
1;AB;2022;186;2022-04-15 10:00:00;02;CE
1;AB;2022;186;2022-04-26 10:00:00;03;CO
1;AB;2022;187;2022-05-14 08:00:00;00;FC
1;AB;2022;187;2022-05-14 10:00:00;01;EM
1;AB;2022;187;2022-05-15 10:00:00;02;CE
1;AB;2022;187;2022-06-01 10:00:00;03;CO
1;AB;2022;188;2022-06-14 08:00:00;00;FC
1;AB;2022;188;2022-06-14 10:00:00;01;EM
1;AB;2022;188;2022-06-15 10:00:00;02;CE
1;AB;2022;188;2022-06-21 10:00:00;03;CO
1;AB;2022;189;2022-07-14 08:00:00;00;FC
1;AB;2022;189;2022-07-14 10:00:00;01;EM
1;AB;2022;189;2022-07-15 10:00:00;02;CE
1;AB;2022;189;2022-08-10 10:00:00;03;CO
1;AB;2022;190;2022-08-14 08:00:00;00;FC
1;AB;2022;190;2022-08-14 10:00:00;01;EM
1;AB;2022;190;2022-08-15 10:00:00;02;CE
1;AB;2022;190;2022-09-11 10:00:00;03;CO
1;AB;2022;191;2022-09-14 08:00:00;00;FC
1;AB;2022;191;2022-09-14 10:00:00;01;EM
1;AB;2022;191;2022-09-15 10:00:00;02;CE
1;AB;2022;191;2022-10-01 10:00:00;03;CO
1;AB;2022;192;2022-10-14 08:00:00;00;FC
1;AB;2022;192;2022-10-14 10:00:00;01;EM
1;AB;2022;192;2022-10-15 10:00:00;02;CE
1;AB;2022;192;2022-10-27 10:00:00;03;CO
1;AB;2022;193;2022-11-14 08:00:00;00;FC
1;AB;2022;193;2022-11-14 10:00:00;01;EM
1;AB;2022;193;2022-11-15 10:00:00;02;CE
1;AB;2022;193;2022-12-05 10:00:00;03;CO
1;AB;2022;194;2022-12-14 08:00:00;00;FC
1;AB;2022;194;2022-12-14 10:00:00;01;EM
1;AB;2022;194;2022-12-15 10:00:00;02;CE
1;AB;2022;194;2022-12-22 10:00:00;03;CO
1;AB;2023;250;2023-01-14 08:00:00;00;FC
1;AB;2023;250;2023-01-14 10:00:00;01;EM
1;AB;2023;250;2023-01-15 10:00:00;02;CE
1;AB;2023;250;2023-02-01 10:00:00;03;CO
1;AB;2023;251;2023-02-14 08:00:00;00;FC
1;AB;2023;251;2023-02-14 10:00:00;01;EM
1;AB;2023;251;2023-02-15 10:00:00;02;CE
1;AB;2023;251;2023-02-28 10:00:00;03;CO
1;AB;2023;252;2023-03-14 08:00:00;00;FC
1;AB;2023;252;2023-03-14 10:00:00;01;EM
1;AB;2023;252;2023-03-15 10:00:00;02;CE
1;AB;2023;252;2023-03-21 10:00:00;03;CO
1;AB;2023;253;2023-04-14 08:00:00;00;FC
1;AB;2023;253;2023-04-14 10:00:00;01;EM
1;AB;2023;253;2023-04-15 10:00:00;02;CE
1;AB;2023;253;2023-05-05 10:00:00;03;CO
1;AB;2023;254;2023-05-14 08:00:00;00;FC
1;AB;2023;254;2023-05-14 10:00:00;01;EM
1;AB;2023;254;2023-05-15 10:00:00;02;CE
1;AB;2023;254;2023-05-28 10:00:00;03;CO
1;AB;2023;255;2023-06-14 08:00:00;00;FC
1;AB;2023;255;2023-06-14 10:00:00;01;EM
1;AB;2023;255;2023-06-15 10:00:00;02;CE
1;AB;2023;255;2023-07-03 10:00:00;03;CO
1;AB;2023;256;2023-07-14 08:00:00;00;FC
1;AB;2023;256;2023-07-14 10:00:00;01;EM
1;AB;2023;256;2023-07-15 10:00:00;02;CE
1;AB;2023;256;2023-07-27 10:00:00;03;CO
1;AB;2023;257;2023-08-14 08:00:00;00;FC
1;AB;2023;257;2023-08-14 10:00:00;01;EM
1;AB;2023;257;2023-08-15 10:00:00;02;CE
1;AB;2023;257;2023-09-13 10:00:00;03;CO
1;AB;2023;258;2023-09-14 08:00:00;00;FC
1;AB;2023;258;2023-09-14 10:00:00;01;EM
1;AB;2023;258;2023-09-15 10:00:00;02;CE
1;AB;2023;258;2023-10-03 10:00:00;03;CO
1;AB;2023;259;2023-10-14 08:00:00;00;FC
1;AB;2023;259;2023-10-14 10:00:00;01;EM
1;AB;2023;259;2023-10-15 10:00:00;02;CE
1;AB;2023;259;2023-10-28 10:00:00;03;CO
1;AB;2023;260;2023-11-14 08:00:00;00;FC
1;AB;2023;260;2023-11-14 10:00:00;01;EM
1;AB;2023;260;2023-11-15 10:00:00;02;CE
1;AB;2023;260;2023-11-23 10:00:00;03;CO
1;AB;2023;261;2023-12-14 08:00:00;00;FC
1;AB;2023;261;2023-12-14 10:00:00;01;EM
1;AB;2023;261;2023-12-15 10:00:00;02;CE
1;AB;2023;261;2024-01-04 10:00:00;03;CO
1;AB;2024;317;2024-01-14 08:00:00;00;FC
1;AB;2024;317;2024-01-14 10:00:00;01;EM
1;AB;2024;317;2024-01-15 10:00:00;02;CE
1;AB;2024;317;2024-01-24 10:00:00;03;CO
1;AB;2024;318;2024-02-14 08:00:00;00;FC
1;AB;2024;318;2024-02-14 10:00:00;01;EM
1;AB;2024;318;2024-02-15 10:00:00;02;CE
1;AB;2024;318;2024-02-29 10:00:00;03;CO
1;AB;2024;319;2024-03-14 08:00:00;00;FC
1;AB;2024;319;2024-03-14 10:00:00;01;EM
1;AB;2024;319;2024-03-15 10:00:00;02;CE
1;AB;2024;319;2024-04-08 10:00:00;03;CO
1;AB;2024;320;2024-04-14 08:00:00;00;FC
1;AB;2024;320;2024-04-14 10:00:00;01;EM
1;AB;2024;320;2024-04-15 10:00:00;02;CE
1;AB;2024;320;2024-04-29 10:00:00;03;CO
1;AB;2024;321;2024-05-14 08:00:00;00;FC
1;AB;2024;321;2024-05-14 10:00:00;01;EM
1;AB;2024;321;2024-05-15 10:00:00;02;CE
1;AB;2024;321;2024-05-25 10:00:00;03;CO
1;AB;2024;322;2024-06-14 08:00:00;00;FC
1;AB;2024;322;2024-06-14 10:00:00;01;EM
1;AB;2024;322;2024-06-15 10:00:00;02;CE
1;AB;2024;322;2024-06-27 10:00:00;03;CO
1;AB;2024;323;2024-07-14 08:00:00;00;FC
1;AB;2024;323;2024-07-14 10:00:00;01;EM
1;AB;2024;323;2024-07-15 10:00:00;02;CE
1;AB;2024;323;2024-08-07 10:00:00;03;CO
1;AB;2024;324;2024-08-14 08:00:00;00;FC
1;AB;2024;324;2024-08-14 10:00:00;01;EM
1;AB;2024;324;2024-08-15 10:00:00;02;CE
1;AB;2024;324;2024-08-28 10:00:00;03;CO
1;AB;2024;325;2024-09-14 08:00:00;00;FC
1;AB;2024;325;2024-09-14 10:00:00;01;EM
1;AB;2024;325;2024-09-15 10:00:00;02;CE
1;AB;2024;325;2024-09-24 10:00:00;03;CO
1;AB;2024;326;2024-10-14 08:00:00;00;FC
1;AB;2024;326;2024-10-14 10:00:00;01;EM
1;AB;2024;326;2024-10-15 10:00:00;02;CE
1;AB;2024;326;2024-10-20 10:00:00;03;CO
1;AB;2024;327;2024-11-14 08:00:00;00;FC
1;AB;2024;327;2024-11-14 10:00:00;01;EM
1;AB;2024;327;2024-11-15 10:00:00;02;CE
1;AB;2024;327;2024-11-28 10:00:00;03;CO
1;AB;2024;328;2024-12-14 08:00:00;00;FC
1;AB;2024;328;2024-12-14 10:00:00;01;EM
1;AB;2024;328;2024-12-15 10:00:00;02;CE
1;AB;2024;328;2025-01-01 10:00:00;03;CO
1;AB;2025;382;2025-01-14 08:00:00;00;FC
1;AB;2025;382;2025-01-14 10:00:00;01;EM
1;AB;2025;382;2025-01-15 10:00:00;02;CE
1;AB;2025;382;2025-02-02 10:00:00;03;CO
1;AB;2025;383;2025-02-14 08:00:00;00;FC
1;AB;2025;383;2025-02-14 10:00:00;01;EM
1;AB;2025;383;2025-02-15 10:00:00;02;CE
1;AB;2025;383;2025-03-06 10:00:00;03;CO
1;AB;2025;384;2025-03-14 08:00:00;00;FC
1;AB;2025;384;2025-03-14 10:00:00;01;EM
1;AB;2025;384;2025-03-15 10:00:00;02;CE
1;AB;2025;384;2025-03-30 10:00:00;03;CO
1;AB;2025;385;2025-04-14 08:00:00;00;FC
1;AB;2025;385;2025-04-14 10:00:00;01;EM
1;AB;2025;385;2025-04-15 10:00:00;02;CE
1;AB;2025;385;2025-05-09 10:00:00;03;CO
1;AB;2025;386;2025-05-14 08:00:00;00;FC
1;AB;2025;386;2025-05-14 10:00:00;01;EM
1;AB;2025;386;2025-05-15 10:00:00;02;CE
1;AB;2025;386;2025-05-28 10:00:00;03;CO
1;AB;2025;387;2025-06-14 08:00:00;00;FC
1;AB;2025;387;2025-06-14 10:00:00;01;EM
1;AB;2025;387;2025-06-15 10:00:00;02;CE
1;AB;2025;387;2025-06-22 10:00:00;03;CO
1;AB;2025;388;2025-07-14 08:00:00;00;FC
1;AB;2025;388;2025-07-14 10:00:00;01;EM
1;AB;2025;388;2025-07-15 10:00:00;02;CE
1;AB;2025;388;2025-08-13 10:00:00;03;CO
1;AB;2025;389;2025-08-14 08:00:00;00;FC
1;AB;2025;389;2025-08-14 10:00:00;01;EM
1;AB;2025;390;2025-09-14 08:00:00;00;FC
1;AB;2025;390;2025-09-14 10:00:00;01;EM
1;AB;2025;390;2025-09-15 10:00:00;02;CE
1;AB;2025;390;2025-10-02 10:00:00;03;CO
1;AB;2025;391;2025-10-14 08:00:00;00;FC
1;AB;2025;391;2025-10-14 10:00:00;01;EM
1;AB;2025;391;2025-10-15 10:00:00;02;CE
1;AB;2025;391;2025-10-27 10:00:00;03;CO
1;AB;2025;392;2025-11-14 08:00:00;00;FC
1;AB;2025;392;2025-11-14 10:00:00;01;EM
1;AB;2025;393;2025-12-14 08:00:00;00;FC
1;AB;2025;393;2025-12-14 10:00:00;01;EM
1;AB;2025;393;2025-12-15 10:00:00;02;CE
1;AB;2025;393;2025-12-24 10:00:00;03;CO
1;AB;2026;266;2026-01-14 08:00:00;00;FC
1;AB;2026;266;2026-01-14 10:00:00;01;EM
1;AB;2026;266;2026-01-15 10:00:00;02;CE
1;AB;2026;266;2026-02-16 10:00:00;04;DV
1;AB;2026;267;2026-02-14 08:00:00;00;FC
1;AB;2026;267;2026-02-14 10:00:00;01;EM
1;AB;2026;267;2026-02-15 10:00:00;02;CE
1;AB;2026;267;2026-03-12 10:00:00;04;DV
1;AB;2026;268;2026-03-14 08:00:00;00;FC
1;AB;2026;268;2026-03-14 10:00:00;01;EM
1;AB;2026;268;2026-03-15 10:00:00;02;CE
1;AB;2026;268;2026-03-23 10:00:00;03;CO
1;AB;2026;269;2026-04-14 08:00:00;00;FC
1;AB;2026;269;2026-04-14 10:00:00;01;EM
1;AB;2026;269;2026-04-15 10:00:00;02;CE
1;AB;2026;269;2026-05-02 10:00:00;03;CO
1;AB;2026;270;2026-05-14 08:00:00;00;FC
1;AB;2026;270;2026-05-14 10:00:00;01;EM
1;AB;2026;270;2026-05-15 10:00:00;02;CE
1;AB;2026;270;2026-05-28 10:00:00;04;DV
1;AB;2026;270;2026-06-11 10:00:00;24;RC
1;AB;2026;271;2026-06-14 08:00:00;00;FC
1;AB;2026;271;2026-06-14 10:00:00;01;EM
1;AB;2026;271;2026-06-15 10:00:00;02;CE
1;AB;2026;271;2026-06-25 10:00:00;03;CO
1;AB;2026;272;2026-07-14 08:00:00;00;FC
1;AB;2026;272;2026-07-14 10:00:00;01;EM
1;AB;2022;195;2022-03-14 08:00:00;00;FC
1;AB;2022;195;2022-03-14 10:00:00;01;EM
1;AB;2022;195;2022-03-15 10:00:00;02;CE
1;AB;2022;195;2022-03-20 10:00:00;03;CO
1;AB;2022;196;2022-04-14 08:00:00;00;FC
1;AB;2022;196;2022-04-14 10:00:00;01;EM
1;AB;2022;196;2022-04-15 10:00:00;02;CE
1;AB;2022;196;2022-05-15 10:00:00;03;CO
1;AB;2022;197;2022-05-14 08:00:00;00;FC
1;AB;2022;197;2022-05-14 10:00:00;01;EM
1;AB;2022;197;2022-05-15 10:00:00;02;CE
1;AB;2022;197;2022-06-12 10:00:00;03;CO
1;AB;2022;198;2022-06-14 08:00:00;00;FC
1;AB;2022;198;2022-06-14 10:00:00;01;EM
1;AB;2022;198;2022-06-15 10:00:00;02;CE
1;AB;2022;198;2022-06-28 10:00:00;03;CO
1;AB;2022;199;2022-07-14 08:00:00;00;FC
1;AB;2022;199;2022-07-14 10:00:00;01;EM
1;AB;2022;199;2022-07-15 10:00:00;02;CE
1;AB;2022;199;2022-07-20 10:00:00;03;CO
1;AB;2022;200;2022-08-14 08:00:00;00;FC
1;AB;2022;200;2022-08-14 10:00:00;01;EM
1;AB;2022;200;2022-08-15 10:00:00;02;CE
1;AB;2022;200;2022-08-25 10:00:00;03;CO
1;AB;2022;201;2022-09-14 08:00:00;00;FC
1;AB;2022;201;2022-09-14 10:00:00;01;EM
1;AB;2022;201;2022-09-15 10:00:00;02;CE
1;AB;2022;201;2022-10-09 10:00:00;03;CO
1;AB;2022;202;2022-10-14 08:00:00;00;FC
1;AB;2022;202;2022-10-14 10:00:00;01;EM
1;AB;2022;202;2022-10-15 10:00:00;02;CE
1;AB;2022;202;2022-10-29 10:00:00;03;CO
1;AB;2022;203;2022-11-14 08:00:00;00;FC
1;AB;2022;203;2022-11-14 10:00:00;01;EM
1;AB;2022;203;2022-11-15 10:00:00;02;CE
1;AB;2022;203;2022-12-07 10:00:00;03;CO
1;AB;2022;204;2022-12-14 08:00:00;00;FC
1;AB;2022;204;2022-12-14 10:00:00;01;EM
1;AB;2022;204;2022-12-15 10:00:00;02;CE
1;AB;2022;204;2022-12-20 10:00:00;03;CO
1;AB;2023;262;2023-01-14 08:00:00;00;FC
1;AB;2023;262;2023-01-14 10:00:00;01;EM
1;AB;2023;262;2023-01-15 10:00:00;02;CE
1;AB;2023;262;2023-02-01 10:00:00;03;CO
1;AB;2023;263;2023-02-14 08:00:00;00;FC
1;AB;2023;263;2023-02-14 10:00:00;01;EM
1;AB;2023;263;2023-02-15 10:00:00;02;CE
1;AB;2023;263;2023-03-05 10:00:00;03;CO
1;AB;2023;264;2023-03-14 08:00:00;00;FC
1;AB;2023;264;2023-03-14 10:00:00;01;EM
1;AB;2023;264;2023-03-15 10:00:00;02;CE
1;AB;2023;264;2023-04-09 10:00:00;03;CO
1;AB;2023;265;2023-04-14 08:00:00;00;FC
1;AB;2023;265;2023-04-14 10:00:00;01;EM
1;AB;2023;265;2023-04-15 10:00:00;02;CE
1;AB;2023;265;2023-05-05 10:00:00;03;CO
1;AB;2023;266;2023-05-14 08:00:00;00;FC
1;AB;2023;266;2023-05-14 10:00:00;01;EM
1;AB;2023;266;2023-05-15 10:00:00;02;CE
1;AB;2023;266;2023-06-05 10:00:00;03;CO
1;AB;2023;267;2023-06-14 08:00:00;00;FC
1;AB;2023;267;2023-06-14 10:00:00;01;EM
1;AB;2023;267;2023-06-15 10:00:00;02;CE
1;AB;2023;267;2023-06-22 10:00:00;03;CO
1;AB;2023;268;2023-07-14 08:00:00;00;FC
1;AB;2023;268;2023-07-14 10:00:00;01;EM
1;AB;2023;268;2023-07-15 10:00:00;02;CE
1;AB;2023;268;2023-07-27 10:00:00;03;CO
1;AB;2023;269;2023-08-14 08:00:00;00;FC
1;AB;2023;269;2023-08-14 10:00:00;01;EM
1;AB;2023;269;2023-08-15 10:00:00;02;CE
1;AB;2023;269;2023-09-11 10:00:00;03;CO
1;AB;2023;270;2023-09-14 08:00:00;00;FC
1;AB;2023;270;2023-09-14 10:00:00;01;EM
1;AB;2023;270;2023-09-15 10:00:00;02;CE
1;AB;2023;270;2023-10-02 10:00:00;03;CO
1;AB;2023;271;2023-10-14 08:00:00;00;FC
1;AB;2023;271;2023-10-14 10:00:00;01;EM
1;AB;2023;271;2023-10-15 10:00:00;02;CE
1;AB;2023;271;2023-11-09 10:00:00;03;CO
1;AB;2023;272;2023-11-14 08:00:00;00;FC
1;AB;2023;272;2023-11-14 10:00:00;01;EM
1;AB;2023;272;2023-11-15 10:00:00;02;CE
1;AB;2023;272;2023-11-25 10:00:00;03;CO
1;AB;2023;273;2023-12-14 08:00:00;00;FC
1;AB;2023;273;2023-12-14 10:00:00;01;EM
1;AB;2023;273;2023-12-15 10:00:00;02;CE
1;AB;2023;273;2023-12-21 10:00:00;03;CO
1;AB;2024;329;2024-01-14 08:00:00;00;FC
1;AB;2024;329;2024-01-14 10:00:00;01;EM
1;AB;2024;329;2024-01-15 10:00:00;02;CE
1;AB;2024;329;2024-01-31 10:00:00;03;CO
1;AB;2024;330;2024-02-14 08:00:00;00;FC
1;AB;2024;330;2024-02-14 10:00:00;01;EM
1;AB;2024;330;2024-02-15 10:00:00;02;CE
1;AB;2024;330;2024-02-25 10:00:00;03;CO
1;AB;2024;331;2024-03-14 08:00:00;00;FC
1;AB;2024;331;2024-03-14 10:00:00;01;EM
1;AB;2024;331;2024-03-15 10:00:00;02;CE
1;AB;2024;331;2024-04-11 10:00:00;03;CO
1;AB;2024;332;2024-04-14 08:00:00;00;FC
1;AB;2024;332;2024-04-14 10:00:00;01;EM
1;AB;2024;332;2024-04-15 10:00:00;02;CE
1;AB;2024;332;2024-04-28 10:00:00;03;CO
1;AB;2024;333;2024-05-14 08:00:00;00;FC
1;AB;2024;333;2024-05-14 10:00:00;01;EM
1;AB;2024;333;2024-05-15 10:00:00;02;CE
1;AB;2024;333;2024-06-14 10:00:00;03;CO
1;AB;2024;334;2024-06-14 08:00:00;00;FC
1;AB;2024;334;2024-06-14 10:00:00;01;EM
1;AB;2024;334;2024-06-15 10:00:00;02;CE
1;AB;2024;334;2024-07-05 10:00:00;03;CO
1;AB;2024;335;2024-07-14 08:00:00;00;FC
1;AB;2024;335;2024-07-14 10:00:00;01;EM
1;AB;2024;335;2024-07-15 10:00:00;02;CE
1;AB;2024;335;2024-08-01 10:00:00;03;CO
1;AB;2024;336;2024-08-14 08:00:00;00;FC
1;AB;2024;336;2024-08-14 10:00:00;01;EM
1;AB;2024;336;2024-08-15 10:00:00;02;CE
1;AB;2024;336;2024-09-05 10:00:00;03;CO
1;AB;2024;337;2024-09-14 08:00:00;00;FC
1;AB;2024;337;2024-09-14 10:00:00;01;EM
1;AB;2024;337;2024-09-15 10:00:00;02;CE
1;AB;2024;337;2024-09-24 10:00:00;03;CO
1;AB;2024;338;2024-10-14 08:00:00;00;FC
1;AB;2024;338;2024-10-14 10:00:00;01;EM
1;AB;2024;338;2024-10-15 10:00:00;02;CE
1;AB;2024;338;2024-11-04 10:00:00;03;CO
1;AB;2024;339;2024-11-14 08:00:00;00;FC
1;AB;2024;339;2024-11-14 10:00:00;01;EM
1;AB;2024;339;2024-11-15 10:00:00;02;CE
1;AB;2024;339;2024-12-08 10:00:00;03;CO
1;AB;2024;340;2024-12-14 08:00:00;00;FC
1;AB;2024;340;2024-12-14 10:00:00;01;EM
1;AB;2024;340;2024-12-15 10:00:00;02;CE
1;AB;2024;340;2025-01-02 10:00:00;03;CO
1;AB;2025;394;2025-01-14 08:00:00;00;FC
1;AB;2025;394;2025-01-14 10:00:00;01;EM
1;AB;2025;394;2025-01-15 10:00:00;02;CE
1;AB;2025;394;2025-01-26 10:00:00;03;CO
1;AB;2025;395;2025-02-14 08:00:00;00;FC
1;AB;2025;395;2025-02-14 10:00:00;01;EM
1;AB;2025;395;2025-02-15 10:00:00;02;CE
1;AB;2025;395;2025-03-03 10:00:00;03;CO
1;AB;2025;396;2025-03-14 08:00:00;00;FC
1;AB;2025;396;2025-03-14 10:00:00;01;EM
1;AB;2025;396;2025-03-15 10:00:00;02;CE
1;AB;2025;396;2025-04-03 10:00:00;03;CO
1;AB;2025;397;2025-04-14 08:00:00;00;FC
1;AB;2025;397;2025-04-14 10:00:00;01;EM
1;AB;2025;397;2025-04-15 10:00:00;02;CE
1;AB;2025;397;2025-05-09 10:00:00;03;CO
1;AB;2025;398;2025-05-14 08:00:00;00;FC
1;AB;2025;398;2025-05-14 10:00:00;01;EM
1;AB;2025;398;2025-05-15 10:00:00;02;CE
1;AB;2025;398;2025-06-07 10:00:00;03;CO
1;AB;2025;399;2025-06-14 08:00:00;00;FC
1;AB;2025;399;2025-06-14 10:00:00;01;EM
1;AB;2025;399;2025-06-15 10:00:00;02;CE
1;AB;2025;399;2025-06-25 10:00:00;03;CO
1;AB;2025;400;2025-07-14 08:00:00;00;FC
1;AB;2025;400;2025-07-14 10:00:00;01;EM
1;AB;2025;400;2025-07-15 10:00:00;02;CE
1;AB;2025;400;2025-08-09 10:00:00;03;CO
1;AB;2025;401;2025-08-14 08:00:00;00;FC
1;AB;2025;401;2025-08-14 10:00:00;01;EM
1;AB;2025;401;2025-08-15 10:00:00;02;CE
1;AB;2025;401;2025-09-03 10:00:00;03;CO
1;AB;2025;402;2025-09-14 08:00:00;00;FC
1;AB;2025;402;2025-09-14 10:00:00;01;EM
1;AB;2025;402;2025-09-15 10:00:00;02;CE
1;AB;2025;402;2025-10-08 10:00:00;03;CO
1;AB;2025;403;2025-10-14 08:00:00;00;FC
1;AB;2025;403;2025-10-14 10:00:00;01;EM
1;AB;2025;403;2025-10-15 10:00:00;02;CE
1;AB;2025;403;2025-11-07 10:00:00;03;CO
1;AB;2025;404;2025-11-14 08:00:00;00;FC
1;AB;2025;404;2025-11-14 10:00:00;01;EM
1;AB;2025;404;2025-11-15 10:00:00;02;CE
1;AB;2025;404;2025-12-05 10:00:00;03;CO
1;AB;2025;405;2025-12-14 08:00:00;00;FC
1;AB;2025;405;2025-12-14 10:00:00;01;EM
1;AB;2025;405;2025-12-15 10:00:00;02;CE
1;AB;2025;405;2025-12-30 10:00:00;03;CO
1;AB;2026;273;2026-01-14 08:00:00;00;FC
1;AB;2026;273;2026-01-14 10:00:00;01;EM
1;AB;2026;273;2026-01-15 10:00:00;02;CE
1;AB;2026;273;2026-02-10 10:00:00;03;CO
1;AB;2026;274;2026-02-14 08:00:00;00;FC
1;AB;2026;274;2026-02-14 10:00:00;01;EM
1;AB;2026;274;2026-02-15 10:00:00;02;CE
1;AB;2026;274;2026-03-16 10:00:00;03;CO
1;AB;2026;275;2026-03-14 08:00:00;00;FC
1;AB;2026;275;2026-03-14 10:00:00;01;EM
1;AB;2026;275;2026-03-15 10:00:00;02;CE
1;AB;2026;275;2026-03-25 10:00:00;03;CO
1;AB;2026;276;2026-04-14 08:00:00;00;FC
1;AB;2026;276;2026-04-14 10:00:00;01;EM
1;AB;2026;276;2026-04-15 10:00:00;02;CE
1;AB;2026;276;2026-05-13 10:00:00;03;CO
1;AB;2026;277;2026-05-14 08:00:00;00;FC
1;AB;2026;277;2026-05-14 10:00:00;01;EM
1;AB;2026;277;2026-05-15 10:00:00;02;CE
1;AB;2026;277;2026-05-26 10:00:00;03;CO
1;AB;2026;278;2026-06-14 08:00:00;00;FC
1;AB;2026;278;2026-06-14 10:00:00;01;EM
1;AB;2026;278;2026-06-15 10:00:00;02;CE
1;AB;2026;278;2026-06-30 10:00:00;03;CO
1;AB;2026;279;2026-07-14 08:00:00;00;FC
1;AB;2026;279;2026-07-14 10:00:00;01;EM
1;AB;2026;279;2026-07-15 10:00:00;02;CE
1;AB;2026;279;2026-08-13 10:00:00;03;CO
1;AB;2023;274;2023-05-14 08:00:00;00;FC
1;AB;2023;274;2023-05-14 10:00:00;01;EM
1;AB;2023;274;2023-05-15 10:00:00;02;CE
1;AB;2023;274;2023-06-12 10:00:00;03;CO
1;AB;2023;275;2023-06-14 08:00:00;00;FC
1;AB;2023;275;2023-06-14 10:00:00;01;EM
1;AB;2023;275;2023-06-15 10:00:00;02;CE
1;AB;2023;275;2023-07-10 10:00:00;03;CO
1;AB;2023;276;2023-07-14 08:00:00;00;FC
1;AB;2023;276;2023-07-14 10:00:00;01;EM
1;AB;2023;276;2023-07-15 10:00:00;02;CE
1;AB;2023;276;2023-07-25 10:00:00;03;CO
1;AB;2023;277;2023-08-14 08:00:00;00;FC
1;AB;2023;277;2023-08-14 10:00:00;01;EM
1;AB;2023;277;2023-08-15 10:00:00;02;CE
1;AB;2023;277;2023-08-29 10:00:00;03;CO
1;AB;2023;278;2023-09-14 08:00:00;00;FC
1;AB;2023;278;2023-09-14 10:00:00;01;EM
1;AB;2023;278;2023-09-15 10:00:00;02;CE
1;AB;2023;278;2023-10-15 10:00:00;03;CO
1;AB;2023;279;2023-10-14 08:00:00;00;FC
1;AB;2023;279;2023-10-14 10:00:00;01;EM
1;AB;2023;279;2023-10-15 10:00:00;02;CE
1;AB;2023;279;2023-10-31 10:00:00;03;CO
1;AB;2023;280;2023-11-14 08:00:00;00;FC
1;AB;2023;280;2023-11-14 10:00:00;01;EM
1;AB;2023;280;2023-11-15 10:00:00;02;CE
1;AB;2023;280;2023-12-04 10:00:00;03;CO
1;AB;2023;281;2023-12-14 08:00:00;00;FC
1;AB;2023;281;2023-12-14 10:00:00;01;EM
1;AB;2023;281;2023-12-15 10:00:00;02;CE
1;AB;2023;281;2024-01-09 10:00:00;03;CO
1;AB;2024;341;2024-01-14 08:00:00;00;FC
1;AB;2024;341;2024-01-14 10:00:00;01;EM
1;AB;2024;341;2024-01-15 10:00:00;02;CE
1;AB;2024;341;2024-01-23 10:00:00;03;CO
1;AB;2024;342;2024-02-14 08:00:00;00;FC
1;AB;2024;342;2024-02-14 10:00:00;01;EM
1;AB;2024;342;2024-02-15 10:00:00;02;CE
1;AB;2024;342;2024-02-21 10:00:00;03;CO
1;AB;2024;343;2024-03-14 08:00:00;00;FC
1;AB;2024;343;2024-03-14 10:00:00;01;EM
1;AB;2024;343;2024-03-15 10:00:00;02;CE
1;AB;2024;343;2024-04-13 10:00:00;03;CO
1;AB;2024;344;2024-04-14 08:00:00;00;FC
1;AB;2024;344;2024-04-14 10:00:00;01;EM
1;AB;2024;344;2024-04-15 10:00:00;02;CE
1;AB;2024;344;2024-05-09 10:00:00;03;CO
1;AB;2024;345;2024-05-14 08:00:00;00;FC
1;AB;2024;345;2024-05-14 10:00:00;01;EM
1;AB;2024;345;2024-05-15 10:00:00;02;CE
1;AB;2024;345;2024-05-26 10:00:00;03;CO
1;AB;2024;346;2024-06-14 08:00:00;00;FC
1;AB;2024;346;2024-06-14 10:00:00;01;EM
1;AB;2024;346;2024-06-15 10:00:00;02;CE
1;AB;2024;346;2024-06-21 10:00:00;03;CO
1;AB;2024;347;2024-07-14 08:00:00;00;FC
1;AB;2024;347;2024-07-14 10:00:00;01;EM
1;AB;2024;347;2024-07-15 10:00:00;02;CE
1;AB;2024;347;2024-07-21 10:00:00;03;CO
1;AB;2024;348;2024-08-14 08:00:00;00;FC
1;AB;2024;348;2024-08-14 10:00:00;01;EM
1;AB;2024;348;2024-08-15 10:00:00;02;CE
1;AB;2024;348;2024-08-26 10:00:00;03;CO
1;AB;2024;349;2024-09-14 08:00:00;00;FC
1;AB;2024;349;2024-09-14 10:00:00;01;EM
1;AB;2024;349;2024-09-15 10:00:00;02;CE
1;AB;2024;349;2024-09-28 10:00:00;03;CO
1;AB;2024;350;2024-10-14 08:00:00;00;FC
1;AB;2024;350;2024-10-14 10:00:00;01;EM
1;AB;2024;350;2024-10-15 10:00:00;02;CE
1;AB;2024;350;2024-10-26 10:00:00;03;CO
1;AB;2024;351;2024-11-14 08:00:00;00;FC
1;AB;2024;351;2024-11-14 10:00:00;01;EM
1;AB;2024;351;2024-11-15 10:00:00;02;CE
1;AB;2024;351;2024-12-04 10:00:00;03;CO
1;AB;2024;352;2024-12-14 08:00:00;00;FC
1;AB;2024;352;2024-12-14 10:00:00;01;EM
1;AB;2024;352;2024-12-15 10:00:00;02;CE
1;AB;2024;352;2024-12-29 10:00:00;03;CO
1;AB;2025;406;2025-01-14 08:00:00;00;FC
1;AB;2025;406;2025-01-14 10:00:00;01;EM
1;AB;2025;406;2025-01-15 10:00:00;02;CE
1;AB;2025;406;2025-01-29 10:00:00;03;CO
1;AB;2025;407;2025-02-14 08:00:00;00;FC
1;AB;2025;407;2025-02-14 10:00:00;01;EM
1;AB;2025;407;2025-02-15 10:00:00;02;CE
1;AB;2025;407;2025-02-23 10:00:00;03;CO
1;AB;2025;408;2025-03-14 08:00:00;00;FC
1;AB;2025;408;2025-03-14 10:00:00;01;EM
1;AB;2025;408;2025-03-15 10:00:00;02;CE
1;AB;2025;408;2025-03-21 10:00:00;03;CO
1;AB;2025;409;2025-04-14 08:00:00;00;FC
1;AB;2025;409;2025-04-14 10:00:00;01;EM
1;AB;2025;409;2025-04-15 10:00:00;02;CE
1;AB;2025;409;2025-05-01 10:00:00;03;CO
1;AB;2025;410;2025-05-14 08:00:00;00;FC
1;AB;2025;410;2025-05-14 10:00:00;01;EM
1;AB;2025;410;2025-05-15 10:00:00;02;CE
1;AB;2025;410;2025-06-05 10:00:00;03;CO
1;AB;2025;411;2025-06-14 08:00:00;00;FC
1;AB;2025;411;2025-06-14 10:00:00;01;EM
1;AB;2025;411;2025-06-15 10:00:00;02;CE
1;AB;2025;411;2025-07-11 10:00:00;03;CO
1;AB;2025;412;2025-07-14 08:00:00;00;FC
1;AB;2025;412;2025-07-14 10:00:00;01;EM
1;AB;2025;412;2025-07-15 10:00:00;02;CE
1;AB;2025;412;2025-07-26 10:00:00;03;CO
1;AB;2025;413;2025-08-14 08:00:00;00;FC
1;AB;2025;413;2025-08-14 10:00:00;01;EM
1;AB;2025;413;2025-08-15 10:00:00;02;CE
1;AB;2025;413;2025-08-23 10:00:00;03;CO
1;AB;2025;414;2025-09-14 08:00:00;00;FC
1;AB;2025;414;2025-09-14 10:00:00;01;EM
1;AB;2025;414;2025-09-15 10:00:00;02;CE
1;AB;2025;414;2025-10-04 10:00:00;04;DV
1;AB;2025;415;2025-10-14 08:00:00;00;FC
1;AB;2025;415;2025-10-14 10:00:00;01;EM
1;AB;2025;415;2025-10-15 10:00:00;02;CE
1;AB;2025;415;2025-11-10 10:00:00;03;CO
1;AB;2025;416;2025-11-14 08:00:00;00;FC
1;AB;2025;416;2025-11-14 10:00:00;01;EM
1;AB;2025;417;2025-12-14 08:00:00;00;FC
1;AB;2025;417;2025-12-14 10:00:00;01;EM
1;AB;2025;417;2025-12-15 10:00:00;02;CE
1;AB;2025;417;2025-12-30 10:00:00;03;CO
1;AB;2026;280;2026-01-14 08:00:00;00;FC
1;AB;2026;280;2026-01-14 10:00:00;01;EM
1;AB;2026;280;2026-01-15 10:00:00;02;CE
1;AB;2026;280;2026-01-22 10:00:00;03;CO
1;AB;2026;281;2026-02-14 08:00:00;00;FC
1;AB;2026;281;2026-02-14 10:00:00;01;EM
1;AB;2026;281;2026-02-15 10:00:00;02;CE
1;AB;2026;281;2026-03-27 10:00:00;04;DV
1;AB;2026;282;2026-03-14 08:00:00;00;FC
1;AB;2026;282;2026-03-14 10:00:00;01;EM
1;AB;2026;282;2026-03-15 10:00:00;02;CE
1;AB;2026;282;2026-03-20 10:00:00;03;CO
1;AB;2026;283;2026-04-14 08:00:00;00;FC
1;AB;2026;283;2026-04-14 10:00:00;01;EM
1;AB;2026;283;2026-04-15 10:00:00;02;CE
1;AB;2026;283;2026-04-29 10:00:00;04;DV
1;AB;2026;284;2026-05-14 08:00:00;00;FC
1;AB;2026;284;2026-05-14 10:00:00;01;EM
1;AB;2026;284;2026-05-15 10:00:00;02;CE
1;AB;2026;284;2026-05-29 10:00:00;03;CO
1;AB;2026;285;2026-06-14 08:00:00;00;FC
1;AB;2026;285;2026-06-14 10:00:00;01;EM
1;AB;2026;285;2026-06-15 10:00:00;02;CE
1;AB;2026;285;2026-07-08 10:00:00;03;CO
1;AB;2026;286;2026-07-14 08:00:00;00;FC
1;AB;2026;286;2026-07-14 10:00:00;01;EM
1;AB;2024;353;2024-05-24 08:00:00;00;FC
1;AB;2024;353;2024-05-24 10:00:00;01;EM
1;AB;2024;353;2024-05-25 10:00:00;02;CE
1;AB;2024;353;2024-06-16 10:00:00;03;CO
1;AB;2024;354;2024-06-24 08:00:00;00;FC
1;AB;2024;354;2024-06-24 10:00:00;01;EM
1;AB;2024;354;2024-06-25 10:00:00;02;CE
1;AB;2024;354;2024-07-16 10:00:00;03;CO
1;AB;2024;355;2024-07-24 08:00:00;00;FC
1;AB;2024;355;2024-07-24 10:00:00;01;EM
1;AB;2024;355;2024-07-25 10:00:00;02;CE
1;AB;2024;355;2024-08-10 10:00:00;03;CO
1;AB;2024;356;2024-08-24 08:00:00;00;FC
1;AB;2024;356;2024-08-24 10:00:00;01;EM
1;AB;2024;356;2024-08-25 10:00:00;02;CE
1;AB;2024;356;2024-09-03 10:00:00;03;CO
1;AB;2024;357;2024-09-24 08:00:00;00;FC
1;AB;2024;357;2024-09-24 10:00:00;01;EM
1;AB;2024;357;2024-09-25 10:00:00;02;CE
1;AB;2024;357;2024-10-10 10:00:00;03;CO
1;AB;2024;358;2024-10-24 08:00:00;00;FC
1;AB;2024;358;2024-10-24 10:00:00;01;EM
1;AB;2024;358;2024-10-25 10:00:00;02;CE
1;AB;2024;358;2024-11-06 10:00:00;03;CO
1;AB;2024;359;2024-11-24 08:00:00;00;FC
1;AB;2024;359;2024-11-24 10:00:00;01;EM
1;AB;2024;359;2024-11-25 10:00:00;02;CE
1;AB;2024;359;2024-12-03 10:00:00;03;CO
1;AB;2024;360;2024-12-24 08:00:00;00;FC
1;AB;2024;360;2024-12-24 10:00:00;01;EM
1;AB;2024;360;2024-12-25 10:00:00;02;CE
1;AB;2024;360;2025-01-16 10:00:00;03;CO
1;AB;2025;418;2025-01-24 08:00:00;00;FC
1;AB;2025;418;2025-01-24 10:00:00;01;EM
1;AB;2025;418;2025-01-25 10:00:00;02;CE
1;AB;2025;418;2025-02-10 10:00:00;03;CO
1;AB;2025;419;2025-02-24 08:00:00;00;FC
1;AB;2025;419;2025-02-24 10:00:00;01;EM
1;AB;2025;419;2025-02-25 10:00:00;02;CE
1;AB;2025;419;2025-03-10 10:00:00;03;CO
1;AB;2025;420;2025-03-24 08:00:00;00;FC
1;AB;2025;420;2025-03-24 10:00:00;01;EM
1;AB;2025;420;2025-03-25 10:00:00;02;CE
1;AB;2025;420;2025-04-02 10:00:00;03;CO
1;AB;2025;421;2025-04-24 08:00:00;00;FC
1;AB;2025;421;2025-04-24 10:00:00;01;EM
1;AB;2025;421;2025-04-25 10:00:00;02;CE
1;AB;2025;421;2025-05-14 10:00:00;03;CO
1;AB;2025;422;2025-05-24 08:00:00;00;FC
1;AB;2025;422;2025-05-24 10:00:00;01;EM
1;AB;2025;422;2025-05-25 10:00:00;02;CE
1;AB;2025;422;2025-06-20 10:00:00;03;CO
1;AB;2025;423;2025-06-24 08:00:00;00;FC
1;AB;2025;423;2025-06-24 10:00:00;01;EM
1;AB;2025;423;2025-06-25 10:00:00;02;CE
1;AB;2025;423;2025-07-22 10:00:00;03;CO
1;AB;2025;424;2025-07-24 08:00:00;00;FC
1;AB;2025;424;2025-07-24 10:00:00;01;EM
1;AB;2025;424;2025-07-25 10:00:00;02;CE
1;AB;2025;424;2025-08-12 10:00:00;03;CO
1;AB;2025;425;2025-08-24 08:00:00;00;FC
1;AB;2025;425;2025-08-24 10:00:00;01;EM
1;AB;2025;426;2025-09-24 08:00:00;00;FC
1;AB;2025;426;2025-09-24 10:00:00;01;EM
1;AB;2025;426;2025-09-25 10:00:00;02;CE
1;AB;2025;426;2025-10-06 10:00:00;03;CO
1;AB;2025;427;2025-10-24 08:00:00;00;FC
1;AB;2025;427;2025-10-24 10:00:00;01;EM
1;AB;2025;427;2025-10-25 10:00:00;02;CE
1;AB;2025;427;2025-11-05 10:00:00;03;CO
1;AB;2025;428;2025-11-24 08:00:00;00;FC
1;AB;2025;428;2025-11-24 10:00:00;01;EM
1;AB;2025;428;2025-11-25 10:00:00;02;CE
1;AB;2025;428;2025-12-04 10:00:00;03;CO
1;AB;2025;429;2025-12-24 08:00:00;00;FC
1;AB;2025;429;2025-12-24 10:00:00;01;EM
1;AB;2025;429;2025-12-25 10:00:00;02;CE
1;AB;2025;429;2026-01-08 10:00:00;20;AJ
1;AB;2026;287;2026-01-24 08:00:00;00;FC
1;AB;2026;287;2026-01-24 10:00:00;01;EM
1;AB;2026;287;2026-01-25 10:00:00;02;CE
1;AB;2026;287;2026-02-19 10:00:00;03;CO
1;AB;2026;288;2026-02-24 08:00:00;00;FC
1;AB;2026;288;2026-02-24 10:00:00;01;EM
1;AB;2026;288;2026-02-25 10:00:00;02;CE
1;AB;2026;288;2026-03-02 10:00:00;03;CO
1;AB;2026;289;2026-03-24 08:00:00;00;FC
1;AB;2026;289;2026-03-24 10:00:00;01;EM
1;AB;2026;289;2026-03-25 10:00:00;05;CN
1;AB;2026;290;2026-04-24 08:00:00;00;FC
1;AB;2026;290;2026-04-24 10:00:00;01;EM
1;AB;2026;290;2026-04-25 10:00:00;02;CE
1;AB;2026;290;2026-05-16 10:00:00;03;CO
1;AB;2026;291;2026-05-24 08:00:00;00;FC
1;AB;2026;291;2026-05-24 10:00:00;01;EM
1;AB;2026;291;2026-05-25 10:00:00;02;CE
1;AB;2026;291;2026-06-13 10:00:00;03;CO
1;AB;2026;292;2026-06-24 08:00:00;00;FC
1;AB;2026;292;2026-06-24 10:00:00;01;EM
1;AB;2026;292;2026-06-25 10:00:00;02;CE
1;AB;2026;292;2026-07-16 10:00:00;03;CO
1;AB;2026;293;2026-07-24 08:00:00;00;FC
1;AB;2026;293;2026-07-24 10:00:00;01;EM
1;AB;2026;293;2026-07-25 10:00:00;02;CE
1;AB;2026;293;2026-07-31 10:00:00;03;CO
1;AB;2025;430;2025-06-24 08:00:00;00;FC
1;AB;2025;430;2025-06-24 10:00:00;01;EM
1;AB;2025;430;2025-06-25 10:00:00;02;CE
1;AB;2025;430;2025-07-09 10:00:00;03;CO
1;AB;2025;431;2025-07-24 08:00:00;00;FC
1;AB;2025;431;2025-07-24 10:00:00;01;EM
1;AB;2025;431;2025-07-25 10:00:00;02;CE
1;AB;2025;431;2025-08-16 10:00:00;03;CO
1;AB;2025;432;2025-08-24 08:00:00;00;FC
1;AB;2025;432;2025-08-24 10:00:00;01;EM
1;AB;2025;433;2025-09-24 08:00:00;00;FC
1;AB;2025;433;2025-09-24 10:00:00;01;EM
1;AB;2025;434;2025-10-24 08:00:00;00;FC
1;AB;2025;434;2025-10-24 10:00:00;01;EM
1;AB;2025;434;2025-10-25 10:00:00;02;CE
1;AB;2025;434;2025-11-12 10:00:00;03;CO
1;AB;2025;435;2025-11-24 08:00:00;00;FC
1;AB;2025;435;2025-11-24 10:00:00;01;EM
1;AB;2025;435;2025-11-25 10:00:00;02;CE
1;AB;2025;435;2025-12-12 10:00:00;03;CO
1;AB;2025;436;2025-12-24 08:00:00;00;FC
1;AB;2025;436;2025-12-24 10:00:00;01;EM
1;AB;2025;436;2025-12-25 10:00:00;05;CN
1;AB;2026;294;2026-01-24 08:00:00;00;FC
1;AB;2026;294;2026-01-24 10:00:00;01;EM
1;AB;2026;294;2026-01-25 10:00:00;02;CE
1;AB;2026;294;2026-02-24 10:00:00;03;CO
1;AB;2026;295;2026-02-24 08:00:00;00;FC
1;AB;2026;295;2026-02-24 10:00:00;01;EM
1;AB;2026;295;2026-02-25 10:00:00;02;CE
1;AB;2026;295;2026-03-17 10:00:00;03;CO
1;AB;2026;296;2026-03-24 08:00:00;00;FC
1;AB;2026;296;2026-03-24 10:00:00;01;EM
1;AB;2026;296;2026-03-25 10:00:00;02;CE
1;AB;2026;296;2026-04-04 10:00:00;03;CO
1;AB;2026;297;2026-04-24 08:00:00;00;FC
1;AB;2026;297;2026-04-24 10:00:00;01;EM
1;AB;2026;297;2026-04-25 10:00:00;02;CE
1;AB;2026;297;2026-05-06 10:00:00;03;CO
1;AB;2026;298;2026-05-24 08:00:00;00;FC
1;AB;2026;298;2026-05-24 10:00:00;01;EM
1;AB;2026;298;2026-05-25 10:00:00;02;CE
1;AB;2026;298;2026-06-09 10:00:00;03;CO
1;AB;2026;299;2026-06-24 08:00:00;00;FC
1;AB;2026;299;2026-06-24 10:00:00;01;EM
1;AB;2026;299;2026-06-25 10:00:00;02;CE
1;AB;2026;299;2026-07-06 10:00:00;03;CO
1;AB;2026;300;2026-07-24 08:00:00;00;FC
1;AB;2026;300;2026-07-24 10:00:00;01;EM
1;AB;2026;300;2026-07-25 10:00:00;02;CE
1;AB;2026;300;2026-08-17 10:00:00;03;CO
1;AB;2020;52;2020-07-24 08:00:00;00;FC
1;AB;2020;52;2020-07-24 10:00:00;01;EM
1;AB;2020;52;2020-07-25 10:00:00;02;CE
1;AB;2020;52;2020-08-12 10:00:00;03;CO
1;AB;2020;53;2020-08-24 08:00:00;00;FC
1;AB;2020;53;2020-08-24 10:00:00;01;EM
1;AB;2020;53;2020-08-25 10:00:00;02;CE
1;AB;2020;53;2020-09-09 10:00:00;03;CO
1;AB;2020;54;2020-09-24 08:00:00;00;FC
1;AB;2020;54;2020-09-24 10:00:00;01;EM
1;AB;2020;54;2020-09-25 10:00:00;02;CE
1;AB;2020;54;2020-10-03 10:00:00;03;CO
1;AB;2020;55;2020-10-24 08:00:00;00;FC
1;AB;2020;55;2020-10-24 10:00:00;01;EM
1;AB;2020;55;2020-10-25 10:00:00;02;CE
1;AB;2020;55;2020-11-10 10:00:00;03;CO
1;AB;2020;56;2020-11-24 08:00:00;00;FC
1;AB;2020;56;2020-11-24 10:00:00;01;EM
1;AB;2020;56;2020-11-25 10:00:00;02;CE
1;AB;2020;56;2020-12-19 10:00:00;03;CO
1;AB;2020;57;2020-12-24 08:00:00;00;FC
1;AB;2020;57;2020-12-24 10:00:00;01;EM
1;AB;2020;57;2020-12-25 10:00:00;02;CE
1;AB;2020;57;2021-01-15 10:00:00;03;CO
1;AB;2021;128;2021-01-24 08:00:00;00;FC
1;AB;2021;128;2021-01-24 10:00:00;01;EM
1;AB;2021;128;2021-01-25 10:00:00;02;CE
1;AB;2021;128;2021-02-05 10:00:00;03;CO
1;AB;2021;129;2021-02-24 08:00:00;00;FC
1;AB;2021;129;2021-02-24 10:00:00;01;EM
1;AB;2021;129;2021-02-25 10:00:00;02;CE
1;AB;2021;129;2021-03-13 10:00:00;03;CO
1;AB;2021;130;2021-03-24 08:00:00;00;FC
1;AB;2021;130;2021-03-24 10:00:00;01;EM
1;AB;2021;130;2021-03-25 10:00:00;02;CE
1;AB;2021;130;2021-04-05 10:00:00;03;CO
1;AB;2021;131;2021-04-24 08:00:00;00;FC
1;AB;2021;131;2021-04-24 10:00:00;01;EM
1;AB;2021;131;2021-04-25 10:00:00;02;CE
1;AB;2021;131;2021-05-07 10:00:00;03;CO
1;AB;2021;132;2021-05-24 08:00:00;00;FC
1;AB;2021;132;2021-05-24 10:00:00;01;EM
1;AB;2021;132;2021-05-25 10:00:00;02;CE
1;AB;2021;132;2021-06-11 10:00:00;03;CO
1;AB;2021;133;2021-06-24 08:00:00;00;FC
1;AB;2021;133;2021-06-24 10:00:00;01;EM
1;AB;2021;133;2021-06-25 10:00:00;02;CE
1;AB;2021;133;2021-07-24 10:00:00;03;CO
1;AB;2021;134;2021-07-24 08:00:00;00;FC
1;AB;2021;134;2021-07-24 10:00:00;01;EM
1;AB;2021;134;2021-07-25 10:00:00;02;CE
1;AB;2021;134;2021-08-04 10:00:00;03;CO
1;AB;2021;135;2021-08-24 08:00:00;00;FC
1;AB;2021;135;2021-08-24 10:00:00;01;EM
1;AB;2021;135;2021-08-25 10:00:00;02;CE
1;AB;2021;135;2021-09-06 10:00:00;03;CO
1;AB;2021;136;2021-09-24 08:00:00;00;FC
1;AB;2021;136;2021-09-24 10:00:00;01;EM
1;AB;2021;136;2021-09-25 10:00:00;02;CE
1;AB;2021;136;2021-10-17 10:00:00;03;CO
1;AB;2021;137;2021-10-24 08:00:00;00;FC
1;AB;2021;137;2021-10-24 10:00:00;01;EM
1;AB;2021;137;2021-10-25 10:00:00;02;CE
1;AB;2021;137;2021-11-13 10:00:00;03;CO
1;AB;2021;138;2021-11-24 08:00:00;00;FC
1;AB;2021;138;2021-11-24 10:00:00;01;EM
1;AB;2021;138;2021-11-25 10:00:00;02;CE
1;AB;2021;138;2021-12-23 10:00:00;03;CO
1;AB;2021;139;2021-12-24 08:00:00;00;FC
1;AB;2021;139;2021-12-24 10:00:00;01;EM
1;AB;2021;139;2021-12-25 10:00:00;02;CE
1;AB;2021;139;2022-01-01 10:00:00;03;CO
1;AB;2022;205;2022-01-24 08:00:00;00;FC
1;AB;2022;205;2022-01-24 10:00:00;01;EM
1;AB;2022;205;2022-01-25 10:00:00;02;CE
1;AB;2022;205;2022-02-02 10:00:00;03;CO
1;AB;2022;206;2022-02-24 08:00:00;00;FC
1;AB;2022;206;2022-02-24 10:00:00;01;EM
1;AB;2022;206;2022-02-25 10:00:00;02;CE
1;AB;2022;206;2022-03-05 10:00:00;03;CO
1;AB;2022;207;2022-03-24 08:00:00;00;FC
1;AB;2022;207;2022-03-24 10:00:00;01;EM
1;AB;2022;207;2022-03-25 10:00:00;02;CE
1;AB;2022;207;2022-04-21 10:00:00;03;CO
1;AB;2022;208;2022-04-24 08:00:00;00;FC
1;AB;2022;208;2022-04-24 10:00:00;01;EM
1;AB;2022;208;2022-04-25 10:00:00;02;CE
1;AB;2022;208;2022-05-15 10:00:00;03;CO
1;AB;2022;209;2022-05-24 08:00:00;00;FC
1;AB;2022;209;2022-05-24 10:00:00;01;EM
1;AB;2022;209;2022-05-25 10:00:00;02;CE
1;AB;2022;209;2022-06-11 10:00:00;03;CO
1;AB;2022;210;2022-06-24 08:00:00;00;FC
1;AB;2022;210;2022-06-24 10:00:00;01;EM
1;AB;2022;210;2022-06-25 10:00:00;02;CE
1;AB;2022;210;2022-07-18 10:00:00;03;CO
1;AB;2022;211;2022-07-24 08:00:00;00;FC
1;AB;2022;211;2022-07-24 10:00:00;01;EM
1;AB;2022;211;2022-07-25 10:00:00;02;CE
1;AB;2022;211;2022-08-16 10:00:00;03;CO
1;AB;2022;212;2022-08-24 08:00:00;00;FC
1;AB;2022;212;2022-08-24 10:00:00;01;EM
1;AB;2022;212;2022-08-25 10:00:00;05;CN
1;AB;2022;213;2022-09-24 08:00:00;00;FC
1;AB;2022;213;2022-09-24 10:00:00;01;EM
1;AB;2022;213;2022-09-25 10:00:00;02;CE
1;AB;2022;213;2022-10-05 10:00:00;03;CO
1;AB;2022;214;2022-10-24 08:00:00;00;FC
1;AB;2022;214;2022-10-24 10:00:00;01;EM
1;AB;2022;214;2022-10-25 10:00:00;02;CE
1;AB;2022;214;2022-11-02 10:00:00;03;CO
1;AB;2022;215;2022-11-24 08:00:00;00;FC
1;AB;2022;215;2022-11-24 10:00:00;01;EM
1;AB;2022;215;2022-11-25 10:00:00;02;CE
1;AB;2022;215;2022-12-14 10:00:00;03;CO
1;AB;2022;216;2022-12-24 08:00:00;00;FC
1;AB;2022;216;2022-12-24 10:00:00;01;EM
1;AB;2022;216;2022-12-25 10:00:00;02;CE
1;AB;2022;216;2023-01-11 10:00:00;03;CO
1;AB;2023;282;2023-01-24 08:00:00;00;FC
1;AB;2023;282;2023-01-24 10:00:00;01;EM
1;AB;2023;282;2023-01-25 10:00:00;02;CE
1;AB;2023;282;2023-01-31 10:00:00;03;CO
1;AB;2023;283;2023-02-24 08:00:00;00;FC
1;AB;2023;283;2023-02-24 10:00:00;01;EM
1;AB;2023;283;2023-02-25 10:00:00;02;CE
1;AB;2023;283;2023-03-08 10:00:00;03;CO
1;AB;2023;284;2023-03-24 08:00:00;00;FC
1;AB;2023;284;2023-03-24 10:00:00;01;EM
1;AB;2023;284;2023-03-25 10:00:00;02;CE
1;AB;2023;284;2023-04-14 10:00:00;03;CO
1;AB;2023;285;2023-04-24 08:00:00;00;FC
1;AB;2023;285;2023-04-24 10:00:00;01;EM
1;AB;2023;285;2023-04-25 10:00:00;02;CE
1;AB;2023;285;2023-05-13 10:00:00;03;CO
1;AB;2023;286;2023-05-24 08:00:00;00;FC
1;AB;2023;286;2023-05-24 10:00:00;01;EM
1;AB;2023;286;2023-05-25 10:00:00;02;CE
1;AB;2023;286;2023-06-16 10:00:00;03;CO
1;AB;2023;287;2023-06-24 08:00:00;00;FC
1;AB;2023;287;2023-06-24 10:00:00;01;EM
1;AB;2023;287;2023-06-25 10:00:00;02;CE
1;AB;2023;287;2023-07-22 10:00:00;03;CO
1;AB;2023;288;2023-07-24 08:00:00;00;FC
1;AB;2023;288;2023-07-24 10:00:00;01;EM
1;AB;2023;288;2023-07-25 10:00:00;02;CE
1;AB;2023;288;2023-08-05 10:00:00;03;CO
1;AB;2023;289;2023-08-24 08:00:00;00;FC
1;AB;2023;289;2023-08-24 10:00:00;01;EM
1;AB;2023;289;2023-08-25 10:00:00;02;CE
1;AB;2023;289;2023-09-11 10:00:00;03;CO
1;AB;2023;290;2023-09-24 08:00:00;00;FC
1;AB;2023;290;2023-09-24 10:00:00;01;EM
1;AB;2023;290;2023-09-25 10:00:00;02;CE
1;AB;2023;290;2023-10-19 10:00:00;03;CO
1;AB;2023;291;2023-10-24 08:00:00;00;FC
1;AB;2023;291;2023-10-24 10:00:00;01;EM
1;AB;2023;291;2023-10-25 10:00:00;02;CE
1;AB;2023;291;2023-11-01 10:00:00;03;CO
1;AB;2023;292;2023-11-24 08:00:00;00;FC
1;AB;2023;292;2023-11-24 10:00:00;01;EM
1;AB;2023;292;2023-11-25 10:00:00;02;CE
1;AB;2023;292;2023-12-06 10:00:00;03;CO
1;AB;2023;293;2023-12-24 08:00:00;00;FC
1;AB;2023;293;2023-12-24 10:00:00;01;EM
1;AB;2023;293;2023-12-25 10:00:00;02;CE
1;AB;2023;293;2024-01-20 10:00:00;03;CO
1;AB;2024;361;2024-01-24 08:00:00;00;FC
1;AB;2024;361;2024-01-24 10:00:00;01;EM
1;AB;2024;361;2024-01-25 10:00:00;02;CE
1;AB;2024;361;2024-02-24 10:00:00;03;CO
1;AB;2024;362;2024-02-24 08:00:00;00;FC
1;AB;2024;362;2024-02-24 10:00:00;01;EM
1;AB;2024;362;2024-02-25 10:00:00;02;CE
1;AB;2024;362;2024-03-20 10:00:00;03;CO
1;AB;2024;363;2024-03-24 08:00:00;00;FC
1;AB;2024;363;2024-03-24 10:00:00;01;EM
1;AB;2024;363;2024-03-25 10:00:00;02;CE
1;AB;2024;363;2024-03-31 10:00:00;03;CO
1;AB;2024;364;2024-04-24 08:00:00;00;FC
1;AB;2024;364;2024-04-24 10:00:00;01;EM
1;AB;2024;364;2024-04-25 10:00:00;02;CE
1;AB;2024;364;2024-05-15 10:00:00;03;CO
1;AB;2024;365;2024-05-24 08:00:00;00;FC
1;AB;2024;365;2024-05-24 10:00:00;01;EM
1;AB;2024;365;2024-05-25 10:00:00;02;CE
1;AB;2024;365;2024-06-08 10:00:00;03;CO
1;AB;2024;366;2024-06-24 08:00:00;00;FC
1;AB;2024;366;2024-06-24 10:00:00;01;EM
1;AB;2024;366;2024-06-25 10:00:00;02;CE
1;AB;2024;366;2024-07-14 10:00:00;03;CO
1;AB;2024;367;2024-07-24 08:00:00;00;FC
1;AB;2024;367;2024-07-24 10:00:00;01;EM
1;AB;2024;367;2024-07-25 10:00:00;02;CE
1;AB;2024;367;2024-08-14 10:00:00;03;CO
1;AB;2024;368;2024-08-24 08:00:00;00;FC
1;AB;2024;368;2024-08-24 10:00:00;01;EM
1;AB;2024;368;2024-08-25 10:00:00;02;CE
1;AB;2024;368;2024-09-13 10:00:00;03;CO
1;AB;2024;369;2024-09-24 08:00:00;00;FC
1;AB;2024;369;2024-09-24 10:00:00;01;EM
1;AB;2024;369;2024-09-25 10:00:00;02;CE
1;AB;2024;369;2024-10-01 10:00:00;03;CO
1;AB;2024;370;2024-10-24 08:00:00;00;FC
1;AB;2024;370;2024-10-24 10:00:00;01;EM
1;AB;2024;370;2024-10-25 10:00:00;02;CE
1;AB;2024;370;2024-10-30 10:00:00;03;CO
1;AB;2024;371;2024-11-24 08:00:00;00;FC
1;AB;2024;371;2024-11-24 10:00:00;01;EM
1;AB;2024;371;2024-11-25 10:00:00;02;CE
1;AB;2024;371;2024-12-04 10:00:00;03;CO
1;AB;2024;372;2024-12-24 08:00:00;00;FC
1;AB;2024;372;2024-12-24 10:00:00;01;EM
1;AB;2024;372;2024-12-25 10:00:00;02;CE
1;AB;2024;372;2025-01-20 10:00:00;03;CO
1;AB;2025;437;2025-01-24 08:00:00;00;FC
1;AB;2025;437;2025-01-24 10:00:00;01;EM
1;AB;2025;437;2025-01-25 10:00:00;02;CE
1;AB;2025;437;2025-02-22 10:00:00;03;CO
1;AB;2025;438;2025-02-24 08:00:00;00;FC
1;AB;2025;438;2025-02-24 10:00:00;01;EM
1;AB;2025;438;2025-02-25 10:00:00;02;CE
1;AB;2025;438;2025-03-02 10:00:00;03;CO
1;AB;2025;439;2025-03-24 08:00:00;00;FC
1;AB;2025;439;2025-03-24 10:00:00;01;EM
1;AB;2025;439;2025-03-25 10:00:00;02;CE
1;AB;2025;439;2025-04-03 10:00:00;03;CO
1;AB;2025;440;2025-04-24 08:00:00;00;FC
1;AB;2025;440;2025-04-24 10:00:00;01;EM
1;AB;2025;440;2025-04-25 10:00:00;02;CE
1;AB;2025;440;2025-05-14 10:00:00;03;CO
1;AB;2025;441;2025-05-24 08:00:00;00;FC
1;AB;2025;441;2025-05-24 10:00:00;01;EM
1;AB;2025;441;2025-05-25 10:00:00;02;CE
1;AB;2025;441;2025-06-18 10:00:00;03;CO
1;AB;2025;442;2025-06-24 08:00:00;00;FC
1;AB;2025;442;2025-06-24 10:00:00;01;EM
1;AB;2025;442;2025-06-25 10:00:00;02;CE
1;AB;2025;442;2025-07-12 10:00:00;03;CO
1;AB;2025;443;2025-07-24 08:00:00;00;FC
1;AB;2025;443;2025-07-24 10:00:00;01;EM
1;AB;2025;443;2025-07-25 10:00:00;02;CE
1;AB;2025;443;2025-08-06 10:00:00;03;CO
1;AB;2025;444;2025-08-24 08:00:00;00;FC
1;AB;2025;444;2025-08-24 10:00:00;01;EM
1;AB;2025;444;2025-08-25 10:00:00;02;CE
1;AB;2025;444;2025-09-10 10:00:00;03;CO
1;AB;2025;445;2025-09-24 08:00:00;00;FC
1;AB;2025;445;2025-09-24 10:00:00;01;EM
1;AB;2025;445;2025-09-25 10:00:00;02;CE
1;AB;2025;445;2025-10-20 10:00:00;03;CO
1;AB;2025;446;2025-10-24 08:00:00;00;FC
1;AB;2025;446;2025-10-24 10:00:00;01;EM
1;AB;2025;446;2025-10-25 10:00:00;02;CE
1;AB;2025;446;2025-11-24 10:00:00;03;CO
1;AB;2025;447;2025-11-24 08:00:00;00;FC
1;AB;2025;447;2025-11-24 10:00:00;01;EM
1;AB;2025;447;2025-11-25 10:00:00;02;CE
1;AB;2025;447;2025-12-10 10:00:00;03;CO
1;AB;2025;448;2025-12-24 08:00:00;00;FC
1;AB;2025;448;2025-12-24 10:00:00;01;EM
1;AB;2025;448;2025-12-25 10:00:00;02;CE
1;AB;2025;448;2025-12-31 10:00:00;03;CO
1;AB;2026;301;2026-01-24 08:00:00;00;FC
1;AB;2026;301;2026-01-24 10:00:00;01;EM
1;AB;2026;301;2026-01-25 10:00:00;02;CE
1;AB;2026;301;2026-02-18 10:00:00;03;CO
1;AB;2026;302;2026-02-24 08:00:00;00;FC
1;AB;2026;302;2026-02-24 10:00:00;01;EM
1;AB;2026;302;2026-02-25 10:00:00;02;CE
1;AB;2026;302;2026-03-26 10:00:00;03;CO
1;AB;2026;303;2026-03-24 08:00:00;00;FC
1;AB;2026;303;2026-03-24 10:00:00;01;EM
1;AB;2026;303;2026-03-25 10:00:00;02;CE
1;AB;2026;303;2026-03-30 10:00:00;03;CO
1;AB;2026;304;2026-04-24 08:00:00;00;FC
1;AB;2026;304;2026-04-24 10:00:00;01;EM
1;AB;2026;304;2026-04-25 10:00:00;02;CE
1;AB;2026;304;2026-05-08 10:00:00;04;DV
1;AB;2026;304;2026-05-23 10:00:00;24;RC
1;AB;2026;305;2026-05-24 08:00:00;00;FC
1;AB;2026;305;2026-05-24 10:00:00;01;EM
1;AB;2026;305;2026-05-25 10:00:00;02;CE
1;AB;2026;305;2026-06-11 10:00:00;03;CO
1;AB;2026;306;2026-06-24 08:00:00;00;FC
1;AB;2026;306;2026-06-24 10:00:00;01;EM
1;AB;2026;306;2026-06-25 10:00:00;02;CE
1;AB;2026;306;2026-06-30 10:00:00;03;CO
1;AB;2026;307;2026-07-24 08:00:00;00;FC
1;AB;2026;307;2026-07-24 10:00:00;01;EM
1;AB;2026;307;2026-07-25 10:00:00;02;CE
1;AB;2026;307;2026-08-03 10:00:00;03;CO
1;AB;2021;140;2021-08-24 08:00:00;00;FC
1;AB;2021;140;2021-08-24 10:00:00;01;EM
1;AB;2021;140;2021-08-25 10:00:00;02;CE
1;AB;2021;140;2021-09-03 10:00:00;03;CO
1;AB;2021;141;2021-09-24 08:00:00;00;FC
1;AB;2021;141;2021-09-24 10:00:00;01;EM
1;AB;2021;141;2021-09-25 10:00:00;02;CE
1;AB;2021;141;2021-10-22 10:00:00;03;CO
1;AB;2021;142;2021-10-24 08:00:00;00;FC
1;AB;2021;142;2021-10-24 10:00:00;01;EM
1;AB;2021;142;2021-10-25 10:00:00;02;CE
1;AB;2021;142;2021-11-16 10:00:00;03;CO
1;AB;2021;143;2021-11-24 08:00:00;00;FC
1;AB;2021;143;2021-11-24 10:00:00;01;EM
1;AB;2021;143;2021-11-25 10:00:00;02;CE
1;AB;2021;143;2021-12-25 10:00:00;03;CO
1;AB;2021;144;2021-12-24 08:00:00;00;FC
1;AB;2021;144;2021-12-24 10:00:00;01;EM
1;AB;2021;144;2021-12-25 10:00:00;02;CE
1;AB;2021;144;2022-01-17 10:00:00;03;CO
1;AB;2022;217;2022-01-24 08:00:00;00;FC
1;AB;2022;217;2022-01-24 10:00:00;01;EM
1;AB;2022;217;2022-01-25 10:00:00;02;CE
1;AB;2022;217;2022-02-09 10:00:00;03;CO
1;AB;2022;218;2022-02-24 08:00:00;00;FC
1;AB;2022;218;2022-02-24 10:00:00;01;EM
1;AB;2022;218;2022-02-25 10:00:00;02;CE
1;AB;2022;218;2022-03-16 10:00:00;03;CO
1;AB;2022;219;2022-03-24 08:00:00;00;FC
1;AB;2022;219;2022-03-24 10:00:00;01;EM
1;AB;2022;219;2022-03-25 10:00:00;02;CE
1;AB;2022;219;2022-04-08 10:00:00;03;CO
1;AB;2022;220;2022-04-24 08:00:00;00;FC
1;AB;2022;220;2022-04-24 10:00:00;01;EM
1;AB;2022;220;2022-04-25 10:00:00;02;CE
1;AB;2022;220;2022-05-09 10:00:00;03;CO
1;AB;2022;221;2022-05-24 08:00:00;00;FC
1;AB;2022;221;2022-05-24 10:00:00;01;EM
1;AB;2022;221;2022-05-25 10:00:00;02;CE
1;AB;2022;221;2022-06-01 10:00:00;03;CO
1;AB;2022;222;2022-06-24 08:00:00;00;FC
1;AB;2022;222;2022-06-24 10:00:00;01;EM
1;AB;2022;222;2022-06-25 10:00:00;02;CE
1;AB;2022;222;2022-07-25 10:00:00;03;CO
1;AB;2022;223;2022-07-24 08:00:00;00;FC
1;AB;2022;223;2022-07-24 10:00:00;01;EM
1;AB;2022;223;2022-07-25 10:00:00;02;CE
1;AB;2022;223;2022-08-24 10:00:00;03;CO
1;AB;2022;224;2022-08-24 08:00:00;00;FC
1;AB;2022;224;2022-08-24 10:00:00;01;EM
1;AB;2022;224;2022-08-25 10:00:00;02;CE
1;AB;2022;224;2022-09-12 10:00:00;03;CO
1;AB;2022;225;2022-09-24 08:00:00;00;FC
1;AB;2022;225;2022-09-24 10:00:00;01;EM
1;AB;2022;225;2022-09-25 10:00:00;02;CE
1;AB;2022;225;2022-10-20 10:00:00;03;CO
1;AB;2022;226;2022-10-24 08:00:00;00;FC
1;AB;2022;226;2022-10-24 10:00:00;01;EM
1;AB;2022;226;2022-10-25 10:00:00;02;CE
1;AB;2022;226;2022-11-13 10:00:00;03;CO
1;AB;2022;227;2022-11-24 08:00:00;00;FC
1;AB;2022;227;2022-11-24 10:00:00;01;EM
1;AB;2022;227;2022-11-25 10:00:00;02;CE
1;AB;2022;227;2022-12-17 10:00:00;03;CO
1;AB;2022;228;2022-12-24 08:00:00;00;FC
1;AB;2022;228;2022-12-24 10:00:00;01;EM
1;AB;2022;228;2022-12-25 10:00:00;02;CE
1;AB;2022;228;2023-01-10 10:00:00;03;CO
1;AB;2023;294;2023-01-24 08:00:00;00;FC
1;AB;2023;294;2023-01-24 10:00:00;01;EM
1;AB;2023;294;2023-01-25 10:00:00;02;CE
1;AB;2023;294;2023-02-08 10:00:00;03;CO
1;AB;2023;295;2023-02-24 08:00:00;00;FC
1;AB;2023;295;2023-02-24 10:00:00;01;EM
1;AB;2023;295;2023-02-25 10:00:00;02;CE
1;AB;2023;295;2023-03-17 10:00:00;03;CO
1;AB;2023;296;2023-03-24 08:00:00;00;FC
1;AB;2023;296;2023-03-24 10:00:00;01;EM
1;AB;2023;296;2023-03-25 10:00:00;02;CE
1;AB;2023;296;2023-04-07 10:00:00;03;CO
1;AB;2023;297;2023-04-24 08:00:00;00;FC
1;AB;2023;297;2023-04-24 10:00:00;01;EM
1;AB;2023;297;2023-04-25 10:00:00;02;CE
1;AB;2023;297;2023-04-30 10:00:00;03;CO
1;AB;2023;298;2023-05-24 08:00:00;00;FC
1;AB;2023;298;2023-05-24 10:00:00;01;EM
1;AB;2023;298;2023-05-25 10:00:00;02;CE
1;AB;2023;298;2023-06-19 10:00:00;03;CO
1;AB;2023;299;2023-06-24 08:00:00;00;FC
1;AB;2023;299;2023-06-24 10:00:00;01;EM
1;AB;2023;299;2023-06-25 10:00:00;02;CE
1;AB;2023;299;2023-07-18 10:00:00;03;CO
1;AB;2023;300;2023-07-24 08:00:00;00;FC
1;AB;2023;300;2023-07-24 10:00:00;01;EM
1;AB;2023;300;2023-07-25 10:00:00;02;CE
1;AB;2023;300;2023-08-22 10:00:00;03;CO
1;AB;2023;301;2023-08-24 08:00:00;00;FC
1;AB;2023;301;2023-08-24 10:00:00;01;EM
1;AB;2023;301;2023-08-25 10:00:00;02;CE
1;AB;2023;301;2023-09-24 10:00:00;03;CO
1;AB;2023;302;2023-09-24 08:00:00;00;FC
1;AB;2023;302;2023-09-24 10:00:00;01;EM
1;AB;2023;302;2023-09-25 10:00:00;02;CE
1;AB;2023;302;2023-10-15 10:00:00;03;CO
1;AB;2023;303;2023-10-24 08:00:00;00;FC
1;AB;2023;303;2023-10-24 10:00:00;01;EM
1;AB;2023;303;2023-10-25 10:00:00;02;CE
1;AB;2023;303;2023-11-24 10:00:00;03;CO
1;AB;2023;304;2023-11-24 08:00:00;00;FC
1;AB;2023;304;2023-11-24 10:00:00;01;EM
1;AB;2023;304;2023-11-25 10:00:00;02;CE
1;AB;2023;304;2023-12-16 10:00:00;03;CO
1;AB;2023;305;2023-12-24 08:00:00;00;FC
1;AB;2023;305;2023-12-24 10:00:00;01;EM
1;AB;2023;305;2023-12-25 10:00:00;02;CE
1;AB;2023;305;2024-01-24 10:00:00;03;CO
1;AB;2024;373;2024-01-24 08:00:00;00;FC
1;AB;2024;373;2024-01-24 10:00:00;01;EM
1;AB;2024;373;2024-01-25 10:00:00;02;CE
1;AB;2024;373;2024-02-08 10:00:00;03;CO
1;AB;2024;374;2024-02-24 08:00:00;00;FC
1;AB;2024;374;2024-02-24 10:00:00;01;EM
1;AB;2024;374;2024-02-25 10:00:00;02;CE
1;AB;2024;374;2024-03-01 10:00:00;03;CO
1;AB;2024;375;2024-03-24 08:00:00;00;FC
1;AB;2024;375;2024-03-24 10:00:00;01;EM
1;AB;2024;375;2024-03-25 10:00:00;02;CE
1;AB;2024;375;2024-04-24 10:00:00;03;CO
1;AB;2024;376;2024-04-24 08:00:00;00;FC
1;AB;2024;376;2024-04-24 10:00:00;01;EM
1;AB;2024;376;2024-04-25 10:00:00;02;CE
1;AB;2024;376;2024-05-14 10:00:00;03;CO
1;AB;2024;377;2024-05-24 08:00:00;00;FC
1;AB;2024;377;2024-05-24 10:00:00;01;EM
1;AB;2024;377;2024-05-25 10:00:00;02;CE
1;AB;2024;377;2024-05-30 10:00:00;03;CO
1;AB;2024;378;2024-06-24 08:00:00;00;FC
1;AB;2024;378;2024-06-24 10:00:00;01;EM
1;AB;2024;378;2024-06-25 10:00:00;02;CE
1;AB;2024;378;2024-07-22 10:00:00;03;CO
1;AB;2024;379;2024-07-24 08:00:00;00;FC
1;AB;2024;379;2024-07-24 10:00:00;01;EM
1;AB;2024;379;2024-07-25 10:00:00;02;CE
1;AB;2024;379;2024-08-20 10:00:00;03;CO
1;AB;2024;380;2024-08-24 08:00:00;00;FC
1;AB;2024;380;2024-08-24 10:00:00;01;EM
1;AB;2024;380;2024-08-25 10:00:00;02;CE
1;AB;2024;380;2024-09-02 10:00:00;03;CO
1;AB;2024;381;2024-09-24 08:00:00;00;FC
1;AB;2024;381;2024-09-24 10:00:00;01;EM
1;AB;2024;381;2024-09-25 10:00:00;02;CE
1;AB;2024;381;2024-10-06 10:00:00;03;CO
1;AB;2024;382;2024-10-24 08:00:00;00;FC
1;AB;2024;382;2024-10-24 10:00:00;01;EM
1;AB;2024;382;2024-10-25 10:00:00;02;CE
1;AB;2024;382;2024-11-18 10:00:00;03;CO
1;AB;2024;383;2024-11-24 08:00:00;00;FC
1;AB;2024;383;2024-11-24 10:00:00;01;EM
1;AB;2024;383;2024-11-25 10:00:00;02;CE
1;AB;2024;383;2024-12-19 10:00:00;03;CO
1;AB;2024;384;2024-12-24 08:00:00;00;FC
1;AB;2024;384;2024-12-24 10:00:00;01;EM
1;AB;2024;384;2024-12-25 10:00:00;02;CE
1;AB;2024;384;2025-01-04 10:00:00;03;CO
1;AB;2025;449;2025-01-24 08:00:00;00;FC
1;AB;2025;449;2025-01-24 10:00:00;01;EM
1;AB;2025;449;2025-01-25 10:00:00;02;CE
1;AB;2025;449;2025-02-01 10:00:00;03;CO
1;AB;2025;450;2025-02-24 08:00:00;00;FC
1;AB;2025;450;2025-02-24 10:00:00;01;EM
1;AB;2025;450;2025-02-25 10:00:00;02;CE
1;AB;2025;450;2025-03-27 10:00:00;03;CO
1;AB;2025;451;2025-03-24 08:00:00;00;FC
1;AB;2025;451;2025-03-24 10:00:00;01;EM
1;AB;2025;451;2025-03-25 10:00:00;02;CE
1;AB;2025;451;2025-03-31 10:00:00;03;CO
1;AB;2025;452;2025-04-24 08:00:00;00;FC
1;AB;2025;452;2025-04-24 10:00:00;01;EM
1;AB;2025;452;2025-04-25 10:00:00;02;CE
1;AB;2025;452;2025-05-16 10:00:00;03;CO
1;AB;2025;453;2025-05-24 08:00:00;00;FC
1;AB;2025;453;2025-05-24 10:00:00;01;EM
1;AB;2025;453;2025-05-25 10:00:00;02;CE
1;AB;2025;453;2025-06-13 10:00:00;03;CO
1;AB;2025;454;2025-06-24 08:00:00;00;FC
1;AB;2025;454;2025-06-24 10:00:00;01;EM
1;AB;2025;454;2025-06-25 10:00:00;02;CE
1;AB;2025;454;2025-07-22 10:00:00;03;CO
1;AB;2025;455;2025-07-24 08:00:00;00;FC
1;AB;2025;455;2025-07-24 10:00:00;01;EM
1;AB;2025;455;2025-07-25 10:00:00;02;CE
1;AB;2025;455;2025-08-07 10:00:00;03;CO
1;AB;2025;456;2025-08-24 08:00:00;00;FC
1;AB;2025;456;2025-08-24 10:00:00;01;EM
1;AB;2025;456;2025-08-25 10:00:00;02;CE
1;AB;2025;456;2025-09-20 10:00:00;03;CO
1;AB;2025;457;2025-09-24 08:00:00;00;FC
1;AB;2025;457;2025-09-24 10:00:00;01;EM
1;AB;2025;458;2025-10-24 08:00:00;00;FC
1;AB;2025;458;2025-10-24 10:00:00;01;EM
1;AB;2025;458;2025-10-25 10:00:00;02;CE
1;AB;2025;458;2025-11-21 10:00:00;03;CO
1;AB;2025;459;2025-11-24 08:00:00;00;FC
1;AB;2025;459;2025-11-24 10:00:00;01;EM
1;AB;2025;459;2025-11-25 10:00:00;02;CE
1;AB;2025;459;2025-12-04 10:00:00;03;CO
1;AB;2025;460;2025-12-24 08:00:00;00;FC
1;AB;2025;460;2025-12-24 10:00:00;01;EM
1;AB;2025;460;2025-12-25 10:00:00;02;CE
1;AB;2025;460;2026-01-01 10:00:00;03;CO
1;AB;2026;308;2026-01-24 08:00:00;00;FC
1;AB;2026;308;2026-01-24 10:00:00;01;EM
1;AB;2026;308;2026-01-25 10:00:00;02;CE
1;AB;2026;308;2026-02-12 10:00:00;03;CO
1;AB;2026;309;2026-02-24 08:00:00;00;FC
1;AB;2026;309;2026-02-24 10:00:00;01;EM
1;AB;2026;309;2026-02-25 10:00:00;02;CE
1;AB;2026;309;2026-03-18 10:00:00;03;CO
1;AB;2026;310;2026-03-24 08:00:00;00;FC
1;AB;2026;310;2026-03-24 10:00:00;01;EM
1;AB;2026;310;2026-03-25 10:00:00;02;CE
1;AB;2026;310;2026-04-21 10:00:00;03;CO
1;AB;2026;311;2026-04-24 08:00:00;00;FC
1;AB;2026;311;2026-04-24 10:00:00;01;EM
1;AB;2026;311;2026-04-25 10:00:00;05;CN
1;AB;2026;312;2026-05-24 08:00:00;00;FC
1;AB;2026;312;2026-05-24 10:00:00;01;EM
1;AB;2026;312;2026-05-25 10:00:00;02;CE
1;AB;2026;312;2026-06-06 10:00:00;03;CO
1;AB;2026;313;2026-06-24 08:00:00;00;FC
1;AB;2026;313;2026-06-24 10:00:00;01;EM
1;AB;2026;313;2026-06-25 10:00:00;02;CE
1;AB;2026;313;2026-07-19 10:00:00;03;CO
1;AB;2026;314;2026-07-24 08:00:00;00;FC
1;AB;2026;314;2026-07-24 10:00:00;01;EM
1;AB;2026;314;2026-07-25 10:00:00;02;CE
1;AB;2026;314;2026-08-24 10:00:00;03;CO
1;AB;2022;229;2022-09-24 08:00:00;00;FC
1;AB;2022;229;2022-09-24 10:00:00;01;EM
1;AB;2022;229;2022-09-25 10:00:00;02;CE
1;AB;2022;229;2022-10-07 10:00:00;03;CO
1;AB;2022;230;2022-10-24 08:00:00;00;FC
1;AB;2022;230;2022-10-24 10:00:00;01;EM
1;AB;2022;230;2022-10-25 10:00:00;02;CE
1;AB;2022;230;2022-11-18 10:00:00;03;CO
1;AB;2022;231;2022-11-24 08:00:00;00;FC
1;AB;2022;231;2022-11-24 10:00:00;01;EM
1;AB;2022;231;2022-11-25 10:00:00;02;CE
1;AB;2022;231;2022-12-04 10:00:00;03;CO
1;AB;2022;232;2022-12-24 08:00:00;00;FC
1;AB;2022;232;2022-12-24 10:00:00;01;EM
1;AB;2022;232;2022-12-25 10:00:00;02;CE
1;AB;2022;232;2023-01-18 10:00:00;03;CO
1;AB;2023;306;2023-01-24 08:00:00;00;FC
1;AB;2023;306;2023-01-24 10:00:00;01;EM
1;AB;2023;306;2023-01-25 10:00:00;02;CE
1;AB;2023;306;2023-02-02 10:00:00;03;CO
1;AB;2023;307;2023-02-24 08:00:00;00;FC
1;AB;2023;307;2023-02-24 10:00:00;01;EM
1;AB;2023;307;2023-02-25 10:00:00;02;CE
1;AB;2023;307;2023-03-03 10:00:00;03;CO
1;AB;2023;308;2023-03-24 08:00:00;00;FC
1;AB;2023;308;2023-03-24 10:00:00;01;EM
1;AB;2023;308;2023-03-25 10:00:00;02;CE
1;AB;2023;308;2023-04-09 10:00:00;03;CO
1;AB;2023;309;2023-04-24 08:00:00;00;FC
1;AB;2023;309;2023-04-24 10:00:00;01;EM
1;AB;2023;309;2023-04-25 10:00:00;02;CE
1;AB;2023;309;2023-05-14 10:00:00;03;CO
1;AB;2023;310;2023-05-24 08:00:00;00;FC
1;AB;2023;310;2023-05-24 10:00:00;01;EM
1;AB;2023;310;2023-05-25 10:00:00;02;CE
1;AB;2023;310;2023-06-08 10:00:00;03;CO
1;AB;2023;311;2023-06-24 08:00:00;00;FC
1;AB;2023;311;2023-06-24 10:00:00;01;EM
1;AB;2023;311;2023-06-25 10:00:00;02;CE
1;AB;2023;311;2023-07-09 10:00:00;03;CO
1;AB;2023;312;2023-07-24 08:00:00;00;FC
1;AB;2023;312;2023-07-24 10:00:00;01;EM
1;AB;2023;312;2023-07-25 10:00:00;02;CE
1;AB;2023;312;2023-08-21 10:00:00;03;CO
1;AB;2023;313;2023-08-24 08:00:00;00;FC
1;AB;2023;313;2023-08-24 10:00:00;01;EM
1;AB;2023;313;2023-08-25 10:00:00;02;CE
1;AB;2023;313;2023-09-06 10:00:00;03;CO
1;AB;2023;314;2023-09-24 08:00:00;00;FC
1;AB;2023;314;2023-09-24 10:00:00;01;EM
1;AB;2023;314;2023-09-25 10:00:00;02;CE
1;AB;2023;314;2023-10-03 10:00:00;03;CO
1;AB;2023;315;2023-10-24 08:00:00;00;FC
1;AB;2023;315;2023-10-24 10:00:00;01;EM
1;AB;2023;315;2023-10-25 10:00:00;02;CE
1;AB;2023;315;2023-11-13 10:00:00;03;CO
1;AB;2023;316;2023-11-24 08:00:00;00;FC
1;AB;2023;316;2023-11-24 10:00:00;01;EM
1;AB;2023;316;2023-11-25 10:00:00;02;CE
1;AB;2023;316;2023-12-15 10:00:00;03;CO
1;AB;2023;317;2023-12-24 08:00:00;00;FC
1;AB;2023;317;2023-12-24 10:00:00;01;EM
1;AB;2023;317;2023-12-25 10:00:00;02;CE
1;AB;2023;317;2024-01-14 10:00:00;03;CO
1;AB;2024;385;2024-01-24 08:00:00;00;FC
1;AB;2024;385;2024-01-24 10:00:00;01;EM
1;AB;2024;385;2024-01-25 10:00:00;02;CE
1;AB;2024;385;2024-02-05 10:00:00;03;CO
1;AB;2024;386;2024-02-24 08:00:00;00;FC
1;AB;2024;386;2024-02-24 10:00:00;01;EM
1;AB;2024;386;2024-02-25 10:00:00;02;CE
1;AB;2024;386;2024-03-10 10:00:00;03;CO
1;AB;2024;387;2024-03-24 08:00:00;00;FC
1;AB;2024;387;2024-03-24 10:00:00;01;EM
1;AB;2024;387;2024-03-25 10:00:00;02;CE
1;AB;2024;387;2024-04-13 10:00:00;03;CO
1;AB;2024;388;2024-04-24 08:00:00;00;FC
1;AB;2024;388;2024-04-24 10:00:00;01;EM
1;AB;2024;388;2024-04-25 10:00:00;02;CE
1;AB;2024;388;2024-05-24 10:00:00;03;CO
1;AB;2024;389;2024-05-24 08:00:00;00;FC
1;AB;2024;389;2024-05-24 10:00:00;01;EM
1;AB;2024;389;2024-05-25 10:00:00;02;CE
1;AB;2024;389;2024-06-10 10:00:00;03;CO
1;AB;2024;390;2024-06-24 08:00:00;00;FC
1;AB;2024;390;2024-06-24 10:00:00;01;EM
1;AB;2024;390;2024-06-25 10:00:00;02;CE
1;AB;2024;390;2024-07-11 10:00:00;03;CO
1;AB;2024;391;2024-07-24 08:00:00;00;FC
1;AB;2024;391;2024-07-24 10:00:00;01;EM
1;AB;2024;391;2024-07-25 10:00:00;02;CE
1;AB;2024;391;2024-08-07 10:00:00;03;CO
1;AB;2024;392;2024-08-24 08:00:00;00;FC
1;AB;2024;392;2024-08-24 10:00:00;01;EM
1;AB;2024;392;2024-08-25 10:00:00;02;CE
1;AB;2024;392;2024-08-30 10:00:00;03;CO
1;AB;2024;393;2024-09-24 08:00:00;00;FC
1;AB;2024;393;2024-09-24 10:00:00;01;EM
1;AB;2024;393;2024-09-25 10:00:00;02;CE
1;AB;2024;393;2024-10-06 10:00:00;03;CO
1;AB;2024;394;2024-10-24 08:00:00;00;FC
1;AB;2024;394;2024-10-24 10:00:00;01;EM
1;AB;2024;394;2024-10-25 10:00:00;02;CE
1;AB;2024;394;2024-11-17 10:00:00;03;CO
1;AB;2024;395;2024-11-24 08:00:00;00;FC
1;AB;2024;395;2024-11-24 10:00:00;01;EM
1;AB;2024;395;2024-11-25 10:00:00;02;CE
1;AB;2024;395;2024-12-08 10:00:00;03;CO
1;AB;2024;396;2024-12-24 08:00:00;00;FC
1;AB;2024;396;2024-12-24 10:00:00;01;EM
1;AB;2024;396;2024-12-25 10:00:00;02;CE
1;AB;2024;396;2025-01-18 10:00:00;03;CO
1;AB;2025;461;2025-01-24 08:00:00;00;FC
1;AB;2025;461;2025-01-24 10:00:00;01;EM
1;AB;2025;461;2025-01-25 10:00:00;02;CE
1;AB;2025;461;2025-02-06 10:00:00;03;CO
1;AB;2025;462;2025-02-24 08:00:00;00;FC
1;AB;2025;462;2025-02-24 10:00:00;01;EM
1;AB;2025;462;2025-02-25 10:00:00;02;CE
1;AB;2025;462;2025-03-15 10:00:00;03;CO
1;AB;2025;463;2025-03-24 08:00:00;00;FC
1;AB;2025;463;2025-03-24 10:00:00;01;EM
1;AB;2025;463;2025-03-25 10:00:00;02;CE
1;AB;2025;463;2025-04-17 10:00:00;03;CO
1;AB;2025;464;2025-04-24 08:00:00;00;FC
1;AB;2025;464;2025-04-24 10:00:00;01;EM
1;AB;2025;464;2025-04-25 10:00:00;02;CE
1;AB;2025;464;2025-05-19 10:00:00;03;CO
1;AB;2025;465;2025-05-24 08:00:00;00;FC
1;AB;2025;465;2025-05-24 10:00:00;01;EM
1;AB;2025;465;2025-05-25 10:00:00;02;CE
1;AB;2025;465;2025-06-08 10:00:00;03;CO
1;AB;2025;466;2025-06-24 08:00:00;00;FC
1;AB;2025;466;2025-06-24 10:00:00;01;EM
1;AB;2025;466;2025-06-25 10:00:00;02;CE
1;AB;2025;466;2025-07-20 10:00:00;03;CO
1;AB;2025;467;2025-07-24 08:00:00;00;FC
1;AB;2025;467;2025-07-24 10:00:00;01;EM
1;AB;2025;467;2025-07-25 10:00:00;02;CE
1;AB;2025;467;2025-08-08 10:00:00;03;CO
1;AB;2025;468;2025-08-24 08:00:00;00;FC
1;AB;2025;468;2025-08-24 10:00:00;01;EM
1;AB;2025;468;2025-08-25 10:00:00;02;CE
1;AB;2025;468;2025-09-01 10:00:00;03;CO
1;AB;2025;469;2025-09-24 08:00:00;00;FC
1;AB;2025;469;2025-09-24 10:00:00;01;EM
1;AB;2025;469;2025-09-25 10:00:00;02;CE
1;AB;2025;469;2025-10-03 10:00:00;03;CO
1;AB;2025;470;2025-10-24 08:00:00;00;FC
1;AB;2025;470;2025-10-24 10:00:00;01;EM
1;AB;2025;470;2025-10-25 10:00:00;02;CE
1;AB;2025;470;2025-11-11 10:00:00;03;CO
1;AB;2025;471;2025-11-24 08:00:00;00;FC
1;AB;2025;471;2025-11-24 10:00:00;01;EM
1;AB;2025;472;2025-12-24 08:00:00;00;FC
1;AB;2025;472;2025-12-24 10:00:00;01;EM
1;AB;2025;472;2025-12-25 10:00:00;02;CE
1;AB;2025;472;2026-01-14 10:00:00;03;CO
1;AB;2026;315;2026-01-24 08:00:00;00;FC
1;AB;2026;315;2026-01-24 10:00:00;01;EM
1;AB;2026;315;2026-01-25 10:00:00;02;CE
1;AB;2026;315;2026-02-15 10:00:00;03;CO
1;AB;2026;316;2026-02-24 08:00:00;00;FC
1;AB;2026;316;2026-02-24 10:00:00;01;EM
1;AB;2026;316;2026-02-25 10:00:00;02;CE
1;AB;2026;316;2026-03-06 10:00:00;03;CO
1;AB;2026;317;2026-03-24 08:00:00;00;FC
1;AB;2026;317;2026-03-24 10:00:00;01;EM
1;AB;2026;317;2026-03-25 10:00:00;02;CE
1;AB;2026;317;2026-04-22 10:00:00;03;CO
1;AB;2026;318;2026-04-24 08:00:00;00;FC
1;AB;2026;318;2026-04-24 10:00:00;01;EM
1;AB;2026;318;2026-04-25 10:00:00;02;CE
1;AB;2026;318;2026-05-24 10:00:00;03;CO
1;AB;2026;319;2026-05-24 08:00:00;00;FC
1;AB;2026;319;2026-05-24 10:00:00;01;EM
1;AB;2026;320;2026-06-24 08:00:00;00;FC
1;AB;2026;320;2026-06-24 10:00:00;01;EM
1;AB;2026;320;2026-06-25 10:00:00;02;CE
1;AB;2026;320;2026-06-30 10:00:00;03;CO
1;AB;2026;321;2026-07-24 08:00:00;00;FC
1;AB;2026;321;2026-07-24 10:00:00;01;EM
1;AB;2026;321;2026-07-25 10:00:00;02;CE
1;AB;2026;321;2026-08-21 10:00:00;03;CO
1;AB;2023;318;2023-11-04 08:00:00;00;FC
1;AB;2023;318;2023-11-04 10:00:00;01;EM
1;AB;2023;318;2023-11-05 10:00:00;02;CE
1;AB;2023;318;2023-11-28 10:00:00;03;CO
1;AB;2023;319;2023-12-04 08:00:00;00;FC
1;AB;2023;319;2023-12-04 10:00:00;01;EM
1;AB;2023;319;2023-12-05 10:00:00;02;CE
1;AB;2023;319;2023-12-13 10:00:00;03;CO
1;AB;2024;397;2024-01-04 08:00:00;00;FC
1;AB;2024;397;2024-01-04 10:00:00;01;EM
1;AB;2024;397;2024-01-05 10:00:00;02;CE
1;AB;2024;397;2024-01-19 10:00:00;03;CO
1;AB;2024;398;2024-02-04 08:00:00;00;FC
1;AB;2024;398;2024-02-04 10:00:00;01;EM
1;AB;2024;398;2024-02-05 10:00:00;02;CE
1;AB;2024;398;2024-02-12 10:00:00;03;CO
1;AB;2024;399;2024-03-04 08:00:00;00;FC
1;AB;2024;399;2024-03-04 10:00:00;01;EM
1;AB;2024;399;2024-03-05 10:00:00;02;CE
1;AB;2024;399;2024-04-04 10:00:00;03;CO
1;AB;2024;400;2024-04-04 08:00:00;00;FC
1;AB;2024;400;2024-04-04 10:00:00;01;EM
1;AB;2024;400;2024-04-05 10:00:00;02;CE
1;AB;2024;400;2024-04-18 10:00:00;03;CO
1;AB;2024;401;2024-05-04 08:00:00;00;FC
1;AB;2024;401;2024-05-04 10:00:00;01;EM
1;AB;2024;401;2024-05-05 10:00:00;02;CE
1;AB;2024;401;2024-05-29 10:00:00;03;CO
1;AB;2024;402;2024-06-04 08:00:00;00;FC
1;AB;2024;402;2024-06-04 10:00:00;01;EM
1;AB;2024;402;2024-06-05 10:00:00;02;CE
1;AB;2024;402;2024-07-01 10:00:00;03;CO
1;AB;2024;403;2024-07-04 08:00:00;00;FC
1;AB;2024;403;2024-07-04 10:00:00;01;EM
1;AB;2024;403;2024-07-05 10:00:00;02;CE
1;AB;2024;403;2024-07-11 10:00:00;03;CO
1;AB;2024;404;2024-08-04 08:00:00;00;FC
1;AB;2024;404;2024-08-04 10:00:00;01;EM
1;AB;2024;404;2024-08-05 10:00:00;02;CE
1;AB;2024;404;2024-08-16 10:00:00;03;CO
1;AB;2024;405;2024-09-04 08:00:00;00;FC
1;AB;2024;405;2024-09-04 10:00:00;01;EM
1;AB;2024;405;2024-09-05 10:00:00;02;CE
1;AB;2024;405;2024-09-28 10:00:00;03;CO
1;AB;2024;406;2024-10-04 08:00:00;00;FC
1;AB;2024;406;2024-10-04 10:00:00;01;EM
1;AB;2024;406;2024-10-05 10:00:00;02;CE
1;AB;2024;406;2024-10-18 10:00:00;03;CO
1;AB;2024;407;2024-11-04 08:00:00;00;FC
1;AB;2024;407;2024-11-04 10:00:00;01;EM
1;AB;2024;407;2024-11-05 10:00:00;02;CE
1;AB;2024;407;2024-11-19 10:00:00;03;CO
1;AB;2024;408;2024-12-04 08:00:00;00;FC
1;AB;2024;408;2024-12-04 10:00:00;01;EM
1;AB;2024;408;2024-12-05 10:00:00;02;CE
1;AB;2024;408;2024-12-16 10:00:00;03;CO
1;AB;2025;473;2025-01-04 08:00:00;00;FC
1;AB;2025;473;2025-01-04 10:00:00;01;EM
1;AB;2025;473;2025-01-05 10:00:00;02;CE
1;AB;2025;473;2025-01-23 10:00:00;03;CO
1;AB;2025;474;2025-02-04 08:00:00;00;FC
1;AB;2025;474;2025-02-04 10:00:00;01;EM
1;AB;2025;474;2025-02-05 10:00:00;02;CE
1;AB;2025;474;2025-03-01 10:00:00;03;CO
1;AB;2025;475;2025-03-04 08:00:00;00;FC
1;AB;2025;475;2025-03-04 10:00:00;01;EM
1;AB;2025;475;2025-03-05 10:00:00;02;CE
1;AB;2025;475;2025-03-16 10:00:00;03;CO
1;AB;2025;476;2025-04-04 08:00:00;00;FC
1;AB;2025;476;2025-04-04 10:00:00;01;EM
1;AB;2025;476;2025-04-05 10:00:00;02;CE
1;AB;2025;476;2025-04-13 10:00:00;03;CO
1;AB;2025;477;2025-05-04 08:00:00;00;FC
1;AB;2025;477;2025-05-04 10:00:00;01;EM
1;AB;2025;477;2025-05-05 10:00:00;02;CE
1;AB;2025;477;2025-05-20 10:00:00;03;CO
1;AB;2025;478;2025-06-04 08:00:00;00;FC
1;AB;2025;478;2025-06-04 10:00:00;01;EM
1;AB;2025;478;2025-06-05 10:00:00;02;CE
1;AB;2025;478;2025-07-03 10:00:00;03;CO
1;AB;2025;479;2025-07-04 08:00:00;00;FC
1;AB;2025;479;2025-07-04 10:00:00;01;EM
1;AB;2025;479;2025-07-05 10:00:00;02;CE
1;AB;2025;479;2025-07-19 10:00:00;03;CO
1;AB;2025;480;2025-08-04 08:00:00;00;FC
1;AB;2025;480;2025-08-04 10:00:00;01;EM
1;AB;2025;480;2025-08-05 10:00:00;02;CE
1;AB;2025;480;2025-08-16 10:00:00;03;CO
1;AB;2025;481;2025-09-04 08:00:00;00;FC
1;AB;2025;481;2025-09-04 10:00:00;01;EM
1;AB;2025;481;2025-09-05 10:00:00;02;CE
1;AB;2025;481;2025-09-23 10:00:00;03;CO
1;AB;2025;482;2025-10-04 08:00:00;00;FC
1;AB;2025;482;2025-10-04 10:00:00;01;EM
1;AB;2025;482;2025-10-05 10:00:00;02;CE
1;AB;2025;482;2025-10-21 10:00:00;03;CO
1;AB;2025;483;2025-11-04 08:00:00;00;FC
1;AB;2025;483;2025-11-04 10:00:00;01;EM
1;AB;2025;483;2025-11-05 10:00:00;02;CE
1;AB;2025;483;2025-11-26 10:00:00;03;CO
1;AB;2025;484;2025-12-04 08:00:00;00;FC
1;AB;2025;484;2025-12-04 10:00:00;01;EM
1;AB;2025;484;2025-12-05 10:00:00;02;CE
1;AB;2025;484;2025-12-26 10:00:00;03;CO
1;AB;2026;322;2026-01-04 08:00:00;00;FC
1;AB;2026;322;2026-01-04 10:00:00;01;EM
1;AB;2026;322;2026-01-05 10:00:00;02;CE
1;AB;2026;322;2026-01-14 10:00:00;03;CO
1;AB;2026;323;2026-02-04 08:00:00;00;FC
1;AB;2026;323;2026-02-04 10:00:00;01;EM
1;AB;2026;323;2026-02-05 10:00:00;02;CE
1;AB;2026;323;2026-02-24 10:00:00;20;AJ
1;AB;2026;324;2026-03-04 08:00:00;00;FC
1;AB;2026;324;2026-03-04 10:00:00;01;EM
1;AB;2026;324;2026-03-05 10:00:00;02;CE
1;AB;2026;324;2026-03-13 10:00:00;03;CO
1;AB;2026;325;2026-04-04 08:00:00;00;FC
1;AB;2026;325;2026-04-04 10:00:00;01;EM
1;AB;2026;325;2026-04-05 10:00:00;02;CE
1;AB;2026;325;2026-05-01 10:00:00;03;CO
1;AB;2026;326;2026-05-04 08:00:00;00;FC
1;AB;2026;326;2026-05-04 10:00:00;01;EM
1;AB;2026;326;2026-05-05 10:00:00;02;CE
1;AB;2026;326;2026-05-17 10:00:00;03;CO
1;AB;2026;327;2026-06-04 08:00:00;00;FC
1;AB;2026;327;2026-06-04 10:00:00;01;EM
1;AB;2026;327;2026-06-05 10:00:00;02;CE
1;AB;2026;327;2026-06-11 10:00:00;03;CO
1;AB;2026;328;2026-07-04 08:00:00;00;FC
1;AB;2026;328;2026-07-04 10:00:00;01;EM
1;AB;2026;328;2026-07-05 10:00:00;02;CE
1;AB;2026;328;2026-07-28 10:00:00;03;CO
1;AB;2026;329;2026-08-04 08:00:00;00;FC
1;AB;2026;329;2026-08-04 10:00:00;01;EM
1;AB;2026;329;2026-08-05 10:00:00;02;CE
1;AB;2026;329;2026-08-23 10:00:00;03;CO
1;AB;2024;409;2024-12-04 08:00:00;00;FC
1;AB;2024;409;2024-12-04 10:00:00;01;EM
1;AB;2024;409;2024-12-05 10:00:00;02;CE
1;AB;2024;409;2024-12-14 10:00:00;03;CO
1;AB;2025;485;2025-01-04 08:00:00;00;FC
1;AB;2025;485;2025-01-04 10:00:00;01;EM
1;AB;2025;485;2025-01-05 10:00:00;02;CE
1;AB;2025;485;2025-02-01 10:00:00;03;CO
1;AB;2025;486;2025-02-04 08:00:00;00;FC
1;AB;2025;486;2025-02-04 10:00:00;01;EM
1;AB;2025;486;2025-02-05 10:00:00;02;CE
1;AB;2025;486;2025-03-06 10:00:00;03;CO
1;AB;2025;487;2025-03-04 08:00:00;00;FC
1;AB;2025;487;2025-03-04 10:00:00;01;EM
1;AB;2025;487;2025-03-05 10:00:00;02;CE
1;AB;2025;487;2025-03-10 10:00:00;03;CO
1;AB;2025;488;2025-04-04 08:00:00;00;FC
1;AB;2025;488;2025-04-04 10:00:00;01;EM
1;AB;2025;488;2025-04-05 10:00:00;02;CE
1;AB;2025;488;2025-04-18 10:00:00;03;CO
1;AB;2025;489;2025-05-04 08:00:00;00;FC
1;AB;2025;489;2025-05-04 10:00:00;01;EM
1;AB;2025;489;2025-05-05 10:00:00;02;CE
1;AB;2025;489;2025-05-31 10:00:00;03;CO
1;AB;2025;490;2025-06-04 08:00:00;00;FC
1;AB;2025;490;2025-06-04 10:00:00;01;EM
1;AB;2025;490;2025-06-05 10:00:00;02;CE
1;AB;2025;490;2025-06-19 10:00:00;03;CO
1;AB;2025;491;2025-07-04 08:00:00;00;FC
1;AB;2025;491;2025-07-04 10:00:00;01;EM
1;AB;2025;491;2025-07-05 10:00:00;02;CE
1;AB;2025;491;2025-08-02 10:00:00;03;CO
1;AB;2025;492;2025-08-04 08:00:00;00;FC
1;AB;2025;492;2025-08-04 10:00:00;01;EM
1;AB;2025;492;2025-08-05 10:00:00;02;CE
1;AB;2025;492;2025-08-20 10:00:00;03;CO
1;AB;2025;493;2025-09-04 08:00:00;00;FC
1;AB;2025;493;2025-09-04 10:00:00;01;EM
1;AB;2025;494;2025-10-04 08:00:00;00;FC
1;AB;2025;494;2025-10-04 10:00:00;01;EM
1;AB;2025;494;2025-10-05 10:00:00;02;CE
1;AB;2025;494;2025-10-25 10:00:00;03;CO
1;AB;2025;495;2025-11-04 08:00:00;00;FC
1;AB;2025;495;2025-11-04 10:00:00;01;EM
1;AB;2025;495;2025-11-05 10:00:00;02;CE
1;AB;2025;495;2025-12-02 10:00:00;03;CO
1;AB;2025;496;2025-12-04 08:00:00;00;FC
1;AB;2025;496;2025-12-04 10:00:00;01;EM
1;AB;2025;496;2025-12-05 10:00:00;02;CE
1;AB;2025;496;2025-12-12 10:00:00;03;CO
1;AB;2026;330;2026-01-04 08:00:00;00;FC
1;AB;2026;330;2026-01-04 10:00:00;01;EM
1;AB;2026;330;2026-01-05 10:00:00;02;CE
1;AB;2026;330;2026-01-30 10:00:00;03;CO
1;AB;2026;331;2026-02-04 08:00:00;00;FC
1;AB;2026;331;2026-02-04 10:00:00;01;EM
1;AB;2026;332;2026-03-04 08:00:00;00;FC
1;AB;2026;332;2026-03-04 10:00:00;01;EM
1;AB;2026;332;2026-03-05 10:00:00;02;CE
1;AB;2026;332;2026-03-15 10:00:00;03;CO
1;AB;2026;333;2026-04-04 08:00:00;00;FC
1;AB;2026;333;2026-04-04 10:00:00;01;EM
1;AB;2026;333;2026-04-05 10:00:00;02;CE
1;AB;2026;333;2026-04-26 10:00:00;03;CO
1;AB;2026;334;2026-05-04 08:00:00;00;FC
1;AB;2026;334;2026-05-04 10:00:00;01;EM
1;AB;2026;334;2026-05-05 10:00:00;02;CE
1;AB;2026;334;2026-05-23 10:00:00;04;DV
1;AB;2026;334;2026-06-02 10:00:00;24;RC
1;AB;2026;335;2026-06-04 08:00:00;00;FC
1;AB;2026;335;2026-06-04 10:00:00;01;EM
1;AB;2026;335;2026-06-05 10:00:00;02;CE
1;AB;2026;335;2026-07-03 10:00:00;03;CO
1;AB;2026;336;2026-07-04 08:00:00;00;FC
1;AB;2026;336;2026-07-04 10:00:00;01;EM
1;AB;2026;336;2026-07-05 10:00:00;02;CE
1;AB;2026;336;2026-07-30 10:00:00;03;CO
1;AB;2026;337;2026-08-04 08:00:00;00;FC
1;AB;2026;337;2026-08-04 10:00:00;01;EM
1;AB;2026;337;2026-08-05 10:00:00;02;CE
1;AB;2026;337;2026-09-01 10:00:00;03;CO
1;AB;2026;338;2026-01-04 08:00:00;00;FC
1;AB;2026;338;2026-01-04 10:00:00;01;EM
1;AB;2026;338;2026-01-05 10:00:00;02;CE
1;AB;2026;338;2026-02-01 10:00:00;03;CO
1;AB;2026;339;2026-02-04 08:00:00;00;FC
1;AB;2026;339;2026-02-04 10:00:00;01;EM
1;AB;2026;339;2026-02-05 10:00:00;02;CE
1;AB;2026;339;2026-02-24 10:00:00;03;CO
1;AB;2026;340;2026-03-04 08:00:00;00;FC
1;AB;2026;340;2026-03-04 10:00:00;01;EM
1;AB;2026;340;2026-03-05 10:00:00;02;CE
1;AB;2026;340;2026-03-19 10:00:00;03;CO
1;AB;2026;341;2026-04-04 08:00:00;00;FC
1;AB;2026;341;2026-04-04 10:00:00;01;EM
1;AB;2026;341;2026-04-05 10:00:00;02;CE
1;AB;2026;341;2026-05-05 10:00:00;03;CO
1;AB;2026;342;2026-05-04 08:00:00;00;FC
1;AB;2026;342;2026-05-04 10:00:00;01;EM
1;AB;2026;342;2026-05-05 10:00:00;02;CE
1;AB;2026;342;2026-05-11 10:00:00;03;CO
1;AB;2026;343;2026-06-04 08:00:00;00;FC
1;AB;2026;343;2026-06-04 10:00:00;01;EM
1;AB;2026;343;2026-06-05 10:00:00;02;CE
1;AB;2026;343;2026-06-21 10:00:00;20;AJ
1;AB;2026;344;2026-07-04 08:00:00;00;FC
1;AB;2026;344;2026-07-04 10:00:00;01;EM
1;AB;2026;344;2026-07-05 10:00:00;02;CE
1;AB;2026;344;2026-07-10 10:00:00;03;CO
1;AB;2026;345;2026-08-04 08:00:00;00;FC
1;AB;2026;345;2026-08-04 10:00:00;01;EM
1;AB;2026;345;2026-08-05 10:00:00;02;CE
1;AB;2026;345;2026-08-14 10:00:00;03;CO
1;AB;2020;58;2020-02-04 08:00:00;00;FC
1;AB;2020;58;2020-02-04 10:00:00;01;EM
1;AB;2020;58;2020-02-05 10:00:00;02;CE
1;AB;2020;58;2020-03-01 10:00:00;03;CO
1;AB;2020;59;2020-03-04 08:00:00;00;FC
1;AB;2020;59;2020-03-04 10:00:00;01;EM
1;AB;2020;59;2020-03-05 10:00:00;02;CE
1;AB;2020;59;2020-03-22 10:00:00;03;CO
1;AB;2020;60;2020-04-04 08:00:00;00;FC
1;AB;2020;60;2020-04-04 10:00:00;01;EM
1;AB;2020;60;2020-04-05 10:00:00;02;CE
1;AB;2020;60;2020-04-15 10:00:00;03;CO
1;AB;2020;61;2020-05-04 08:00:00;00;FC
1;AB;2020;61;2020-05-04 10:00:00;01;EM
1;AB;2020;61;2020-05-05 10:00:00;02;CE
1;AB;2020;61;2020-06-01 10:00:00;03;CO
1;AB;2020;62;2020-06-04 08:00:00;00;FC
1;AB;2020;62;2020-06-04 10:00:00;01;EM
1;AB;2020;62;2020-06-05 10:00:00;02;CE
1;AB;2020;62;2020-06-21 10:00:00;03;CO
1;AB;2020;63;2020-07-04 08:00:00;00;FC
1;AB;2020;63;2020-07-04 10:00:00;01;EM
1;AB;2020;63;2020-07-05 10:00:00;02;CE
1;AB;2020;63;2020-08-01 10:00:00;03;CO
1;AB;2020;64;2020-08-04 08:00:00;00;FC
1;AB;2020;64;2020-08-04 10:00:00;01;EM
1;AB;2020;64;2020-08-05 10:00:00;02;CE
1;AB;2020;64;2020-08-15 10:00:00;03;CO
1;AB;2020;65;2020-09-04 08:00:00;00;FC
1;AB;2020;65;2020-09-04 10:00:00;01;EM
1;AB;2020;65;2020-09-05 10:00:00;02;CE
1;AB;2020;65;2020-09-14 10:00:00;03;CO
1;AB;2020;66;2020-10-04 08:00:00;00;FC
1;AB;2020;66;2020-10-04 10:00:00;01;EM
1;AB;2020;66;2020-10-05 10:00:00;02;CE
1;AB;2020;66;2020-10-10 10:00:00;03;CO
1;AB;2020;67;2020-11-04 08:00:00;00;FC
1;AB;2020;67;2020-11-04 10:00:00;01;EM
1;AB;2020;67;2020-11-05 10:00:00;02;CE
1;AB;2020;67;2020-11-24 10:00:00;03;CO
1;AB;2020;68;2020-12-04 08:00:00;00;FC
1;AB;2020;68;2020-12-04 10:00:00;01;EM
1;AB;2020;68;2020-12-05 10:00:00;02;CE
1;AB;2020;68;2020-12-18 10:00:00;03;CO
1;AB;2021;145;2021-01-04 08:00:00;00;FC
1;AB;2021;145;2021-01-04 10:00:00;01;EM
1;AB;2021;145;2021-01-05 10:00:00;02;CE
1;AB;2021;145;2021-01-29 10:00:00;03;CO
1;AB;2021;146;2021-02-04 08:00:00;00;FC
1;AB;2021;146;2021-02-04 10:00:00;01;EM
1;AB;2021;146;2021-02-05 10:00:00;02;CE
1;AB;2021;146;2021-02-13 10:00:00;03;CO
1;AB;2021;147;2021-03-04 08:00:00;00;FC
1;AB;2021;147;2021-03-04 10:00:00;01;EM
1;AB;2021;147;2021-03-05 10:00:00;02;CE
1;AB;2021;147;2021-03-14 10:00:00;03;CO
1;AB;2021;148;2021-04-04 08:00:00;00;FC
1;AB;2021;148;2021-04-04 10:00:00;01;EM
1;AB;2021;148;2021-04-05 10:00:00;02;CE
1;AB;2021;148;2021-04-29 10:00:00;03;CO
1;AB;2021;149;2021-05-04 08:00:00;00;FC
1;AB;2021;149;2021-05-04 10:00:00;01;EM
1;AB;2021;149;2021-05-05 10:00:00;02;CE
1;AB;2021;149;2021-05-27 10:00:00;03;CO
1;AB;2021;150;2021-06-04 08:00:00;00;FC
1;AB;2021;150;2021-06-04 10:00:00;01;EM
1;AB;2021;150;2021-06-05 10:00:00;02;CE
1;AB;2021;150;2021-07-05 10:00:00;03;CO
1;AB;2021;151;2021-07-04 08:00:00;00;FC
1;AB;2021;151;2021-07-04 10:00:00;01;EM
1;AB;2021;151;2021-07-05 10:00:00;02;CE
1;AB;2021;151;2021-07-29 10:00:00;03;CO
1;AB;2021;152;2021-08-04 08:00:00;00;FC
1;AB;2021;152;2021-08-04 10:00:00;01;EM
1;AB;2021;152;2021-08-05 10:00:00;02;CE
1;AB;2021;152;2021-08-12 10:00:00;03;CO
1;AB;2021;153;2021-09-04 08:00:00;00;FC
1;AB;2021;153;2021-09-04 10:00:00;01;EM
1;AB;2021;153;2021-09-05 10:00:00;02;CE
1;AB;2021;153;2021-09-23 10:00:00;03;CO
1;AB;2021;154;2021-10-04 08:00:00;00;FC
1;AB;2021;154;2021-10-04 10:00:00;01;EM
1;AB;2021;154;2021-10-05 10:00:00;02;CE
1;AB;2021;154;2021-10-19 10:00:00;03;CO
1;AB;2021;155;2021-11-04 08:00:00;00;FC
1;AB;2021;155;2021-11-04 10:00:00;01;EM
1;AB;2021;155;2021-11-05 10:00:00;02;CE
1;AB;2021;155;2021-12-02 10:00:00;03;CO
1;AB;2021;156;2021-12-04 08:00:00;00;FC
1;AB;2021;156;2021-12-04 10:00:00;01;EM
1;AB;2021;156;2021-12-05 10:00:00;02;CE
1;AB;2021;156;2021-12-24 10:00:00;03;CO
1;AB;2022;233;2022-01-04 08:00:00;00;FC
1;AB;2022;233;2022-01-04 10:00:00;01;EM
1;AB;2022;233;2022-01-05 10:00:00;02;CE
1;AB;2022;233;2022-01-23 10:00:00;03;CO
1;AB;2022;234;2022-02-04 08:00:00;00;FC
1;AB;2022;234;2022-02-04 10:00:00;01;EM
1;AB;2022;234;2022-02-05 10:00:00;02;CE
1;AB;2022;234;2022-02-11 10:00:00;03;CO
1;AB;2022;235;2022-03-04 08:00:00;00;FC
1;AB;2022;235;2022-03-04 10:00:00;01;EM
1;AB;2022;235;2022-03-05 10:00:00;02;CE
1;AB;2022;235;2022-03-29 10:00:00;03;CO
1;AB;2022;236;2022-04-04 08:00:00;00;FC
1;AB;2022;236;2022-04-04 10:00:00;01;EM
1;AB;2022;236;2022-04-05 10:00:00;02;CE
1;AB;2022;236;2022-05-03 10:00:00;03;CO
1;AB;2022;237;2022-05-04 08:00:00;00;FC
1;AB;2022;237;2022-05-04 10:00:00;01;EM
1;AB;2022;237;2022-05-05 10:00:00;02;CE
1;AB;2022;237;2022-05-15 10:00:00;03;CO
1;AB;2022;238;2022-06-04 08:00:00;00;FC
1;AB;2022;238;2022-06-04 10:00:00;01;EM
1;AB;2022;238;2022-06-05 10:00:00;02;CE
1;AB;2022;238;2022-06-26 10:00:00;03;CO
1;AB;2022;239;2022-07-04 08:00:00;00;FC
1;AB;2022;239;2022-07-04 10:00:00;01;EM
1;AB;2022;239;2022-07-05 10:00:00;02;CE
1;AB;2022;239;2022-08-04 10:00:00;03;CO
1;AB;2022;240;2022-08-04 08:00:00;00;FC
1;AB;2022;240;2022-08-04 10:00:00;01;EM
1;AB;2022;240;2022-08-05 10:00:00;02;CE
1;AB;2022;240;2022-08-11 10:00:00;03;CO
1;AB;2022;241;2022-09-04 08:00:00;00;FC
1;AB;2022;241;2022-09-04 10:00:00;01;EM
1;AB;2022;241;2022-09-05 10:00:00;02;CE
1;AB;2022;241;2022-10-04 10:00:00;03;CO
1;AB;2022;242;2022-10-04 08:00:00;00;FC
1;AB;2022;242;2022-10-04 10:00:00;01;EM
1;AB;2022;242;2022-10-05 10:00:00;02;CE
1;AB;2022;242;2022-11-02 10:00:00;03;CO
1;AB;2022;243;2022-11-04 08:00:00;00;FC
1;AB;2022;243;2022-11-04 10:00:00;01;EM
1;AB;2022;243;2022-11-05 10:00:00;02;CE
1;AB;2022;243;2022-11-17 10:00:00;03;CO
1;AB;2022;244;2022-12-04 08:00:00;00;FC
1;AB;2022;244;2022-12-04 10:00:00;01;EM
1;AB;2022;244;2022-12-05 10:00:00;02;CE
1;AB;2022;244;2022-12-25 10:00:00;03;CO
1;AB;2023;320;2023-01-04 08:00:00;00;FC
1;AB;2023;320;2023-01-04 10:00:00;01;EM
1;AB;2023;320;2023-01-05 10:00:00;02;CE
1;AB;2023;320;2023-01-23 10:00:00;03;CO
1;AB;2023;321;2023-02-04 08:00:00;00;FC
1;AB;2023;321;2023-02-04 10:00:00;01;EM
1;AB;2023;321;2023-02-05 10:00:00;02;CE
1;AB;2023;321;2023-03-07 10:00:00;03;CO
1;AB;2023;322;2023-03-04 08:00:00;00;FC
1;AB;2023;322;2023-03-04 10:00:00;01;EM
1;AB;2023;322;2023-03-05 10:00:00;02;CE
1;AB;2023;322;2023-03-10 10:00:00;03;CO
1;AB;2023;323;2023-04-04 08:00:00;00;FC
1;AB;2023;323;2023-04-04 10:00:00;01;EM
1;AB;2023;323;2023-04-05 10:00:00;02;CE
1;AB;2023;323;2023-04-26 10:00:00;03;CO
1;AB;2023;324;2023-05-04 08:00:00;00;FC
1;AB;2023;324;2023-05-04 10:00:00;01;EM
1;AB;2023;324;2023-05-05 10:00:00;02;CE
1;AB;2023;324;2023-05-19 10:00:00;03;CO
1;AB;2023;325;2023-06-04 08:00:00;00;FC
1;AB;2023;325;2023-06-04 10:00:00;01;EM
1;AB;2023;325;2023-06-05 10:00:00;02;CE
1;AB;2023;325;2023-06-20 10:00:00;03;CO
1;AB;2023;326;2023-07-04 08:00:00;00;FC
1;AB;2023;326;2023-07-04 10:00:00;01;EM
1;AB;2023;326;2023-07-05 10:00:00;02;CE
1;AB;2023;326;2023-07-26 10:00:00;03;CO
1;AB;2023;327;2023-08-04 08:00:00;00;FC
1;AB;2023;327;2023-08-04 10:00:00;01;EM
1;AB;2023;327;2023-08-05 10:00:00;02;CE
1;AB;2023;327;2023-09-01 10:00:00;03;CO
1;AB;2023;328;2023-09-04 08:00:00;00;FC
1;AB;2023;328;2023-09-04 10:00:00;01;EM
1;AB;2023;328;2023-09-05 10:00:00;02;CE
1;AB;2023;328;2023-10-04 10:00:00;03;CO
1;AB;2023;329;2023-10-04 08:00:00;00;FC
1;AB;2023;329;2023-10-04 10:00:00;01;EM
1;AB;2023;329;2023-10-05 10:00:00;02;CE
1;AB;2023;329;2023-10-13 10:00:00;03;CO
1;AB;2023;330;2023-11-04 08:00:00;00;FC
1;AB;2023;330;2023-11-04 10:00:00;01;EM
1;AB;2023;330;2023-11-05 10:00:00;02;CE
1;AB;2023;330;2023-11-18 10:00:00;03;CO
1;AB;2023;331;2023-12-04 08:00:00;00;FC
1;AB;2023;331;2023-12-04 10:00:00;01;EM
1;AB;2023;331;2023-12-05 10:00:00;02;CE
1;AB;2023;331;2023-12-23 10:00:00;03;CO
1;AB;2024;410;2024-01-04 08:00:00;00;FC
1;AB;2024;410;2024-01-04 10:00:00;01;EM
1;AB;2024;410;2024-01-05 10:00:00;02;CE
1;AB;2024;410;2024-01-23 10:00:00;03;CO
1;AB;2024;411;2024-02-04 08:00:00;00;FC
1;AB;2024;411;2024-02-04 10:00:00;01;EM
1;AB;2024;411;2024-02-05 10:00:00;02;CE
1;AB;2024;411;2024-03-01 10:00:00;03;CO
1;AB;2024;412;2024-03-04 08:00:00;00;FC
1;AB;2024;412;2024-03-04 10:00:00;01;EM
1;AB;2024;412;2024-03-05 10:00:00;02;CE
1;AB;2024;412;2024-03-14 10:00:00;03;CO
1;AB;2024;413;2024-04-04 08:00:00;00;FC
1;AB;2024;413;2024-04-04 10:00:00;01;EM
1;AB;2024;413;2024-04-05 10:00:00;02;CE
1;AB;2024;413;2024-04-30 10:00:00;03;CO
1;AB;2024;414;2024-05-04 08:00:00;00;FC
1;AB;2024;414;2024-05-04 10:00:00;01;EM
1;AB;2024;414;2024-05-05 10:00:00;02;CE
1;AB;2024;414;2024-05-20 10:00:00;03;CO
1;AB;2024;415;2024-06-04 08:00:00;00;FC
1;AB;2024;415;2024-06-04 10:00:00;01;EM
1;AB;2024;415;2024-06-05 10:00:00;02;CE
1;AB;2024;415;2024-06-29 10:00:00;03;CO
1;AB;2024;416;2024-07-04 08:00:00;00;FC
1;AB;2024;416;2024-07-04 10:00:00;01;EM
1;AB;2024;416;2024-07-05 10:00:00;02;CE
1;AB;2024;416;2024-07-30 10:00:00;03;CO
1;AB;2024;417;2024-08-04 08:00:00;00;FC
1;AB;2024;417;2024-08-04 10:00:00;01;EM
1;AB;2024;417;2024-08-05 10:00:00;02;CE
1;AB;2024;417;2024-08-28 10:00:00;03;CO
1;AB;2024;418;2024-09-04 08:00:00;00;FC
1;AB;2024;418;2024-09-04 10:00:00;01;EM
1;AB;2024;418;2024-09-05 10:00:00;02;CE
1;AB;2024;418;2024-09-24 10:00:00;03;CO
1;AB;2024;419;2024-10-04 08:00:00;00;FC
1;AB;2024;419;2024-10-04 10:00:00;01;EM
1;AB;2024;419;2024-10-05 10:00:00;02;CE
1;AB;2024;419;2024-10-23 10:00:00;03;CO
1;AB;2024;420;2024-11-04 08:00:00;00;FC
1;AB;2024;420;2024-11-04 10:00:00;01;EM
1;AB;2024;420;2024-11-05 10:00:00;02;CE
1;AB;2024;420;2024-11-10 10:00:00;03;CO
1;AB;2024;421;2024-12-04 08:00:00;00;FC
1;AB;2024;421;2024-12-04 10:00:00;01;EM
1;AB;2024;421;2024-12-05 10:00:00;02;CE
1;AB;2024;421;2024-12-13 10:00:00;03;CO
1;AB;2025;497;2025-01-04 08:00:00;00;FC
1;AB;2025;497;2025-01-04 10:00:00;01;EM
1;AB;2025;497;2025-01-05 10:00:00;02;CE
1;AB;2025;497;2025-01-18 10:00:00;03;CO
1;AB;2025;498;2025-02-04 08:00:00;00;FC
1;AB;2025;498;2025-02-04 10:00:00;01;EM
1;AB;2025;498;2025-02-05 10:00:00;02;CE
1;AB;2025;498;2025-03-05 10:00:00;03;CO
1;AB;2025;499;2025-03-04 08:00:00;00;FC
1;AB;2025;499;2025-03-04 10:00:00;01;EM
1;AB;2025;499;2025-03-05 10:00:00;02;CE
1;AB;2025;499;2025-03-31 10:00:00;03;CO
1;AB;2025;500;2025-04-04 08:00:00;00;FC
1;AB;2025;500;2025-04-04 10:00:00;01;EM
1;AB;2025;500;2025-04-05 10:00:00;02;CE
1;AB;2025;500;2025-05-02 10:00:00;03;CO
1;AB;2025;501;2025-05-04 08:00:00;00;FC
1;AB;2025;501;2025-05-04 10:00:00;01;EM
1;AB;2025;501;2025-05-05 10:00:00;02;CE
1;AB;2025;501;2025-06-01 10:00:00;03;CO
1;AB;2025;502;2025-06-04 08:00:00;00;FC
1;AB;2025;502;2025-06-04 10:00:00;01;EM
1;AB;2025;502;2025-06-05 10:00:00;02;CE
1;AB;2025;502;2025-07-05 10:00:00;03;CO
1;AB;2025;503;2025-07-04 08:00:00;00;FC
1;AB;2025;503;2025-07-04 10:00:00;01;EM
1;AB;2025;503;2025-07-05 10:00:00;02;CE
1;AB;2025;503;2025-07-29 10:00:00;03;CO
1;AB;2025;504;2025-08-04 08:00:00;00;FC
1;AB;2025;504;2025-08-04 10:00:00;01;EM
1;AB;2025;504;2025-08-05 10:00:00;02;CE
1;AB;2025;504;2025-08-20 10:00:00;03;CO
1;AB;2025;505;2025-09-04 08:00:00;00;FC
1;AB;2025;505;2025-09-04 10:00:00;01;EM
1;AB;2025;505;2025-09-05 10:00:00;02;CE
1;AB;2025;505;2025-09-29 10:00:00;03;CO
1;AB;2025;506;2025-10-04 08:00:00;00;FC
1;AB;2025;506;2025-10-04 10:00:00;01;EM
1;AB;2025;506;2025-10-05 10:00:00;02;CE
1;AB;2025;506;2025-10-19 10:00:00;03;CO
1;AB;2025;507;2025-11-04 08:00:00;00;FC
1;AB;2025;507;2025-11-04 10:00:00;01;EM
1;AB;2025;507;2025-11-05 10:00:00;02;CE
1;AB;2025;507;2025-11-21 10:00:00;03;CO
1;AB;2025;508;2025-12-04 08:00:00;00;FC
1;AB;2025;508;2025-12-04 10:00:00;01;EM
1;AB;2025;508;2025-12-05 10:00:00;02;CE
1;AB;2025;508;2025-12-19 10:00:00;03;CO
1;AB;2026;346;2026-01-04 08:00:00;00;FC
1;AB;2026;346;2026-01-04 10:00:00;01;EM
1;AB;2026;346;2026-01-05 10:00:00;02;CE
1;AB;2026;346;2026-01-22 10:00:00;03;CO
1;AB;2026;347;2026-02-04 08:00:00;00;FC
1;AB;2026;347;2026-02-04 10:00:00;01;EM
1;AB;2026;348;2026-03-04 08:00:00;00;FC
1;AB;2026;348;2026-03-04 10:00:00;01;EM
1;AB;2026;348;2026-03-05 10:00:00;02;CE
1;AB;2026;348;2026-03-16 10:00:00;03;CO
1;AB;2026;349;2026-04-04 08:00:00;00;FC
1;AB;2026;349;2026-04-04 10:00:00;01;EM
1;AB;2026;349;2026-04-05 10:00:00;02;CE
1;AB;2026;349;2026-04-27 10:00:00;03;CO
1;AB;2026;350;2026-05-04 08:00:00;00;FC
1;AB;2026;350;2026-05-04 10:00:00;01;EM
1;AB;2026;350;2026-05-05 10:00:00;02;CE
1;AB;2026;350;2026-05-19 10:00:00;03;CO
1;AB;2026;351;2026-06-04 08:00:00;00;FC
1;AB;2026;351;2026-06-04 10:00:00;01;EM
1;AB;2026;351;2026-06-05 10:00:00;02;CE
1;AB;2026;351;2026-06-22 10:00:00;03;CO
1;AB;2026;352;2026-07-04 08:00:00;00;FC
1;AB;2026;352;2026-07-04 10:00:00;01;EM
1;AB;2026;352;2026-07-05 10:00:00;02;CE
1;AB;2026;352;2026-07-24 10:00:00;03;CO
1;AB;2026;353;2026-08-04 08:00:00;00;FC
1;AB;2026;353;2026-08-04 10:00:00;01;EM
1;AB;2026;353;2026-08-05 10:00:00;02;CE
1;AB;2026;353;2026-08-22 10:00:00;03;CO
1;AB;2021;157;2021-03-14 08:00:00;00;FC
1;AB;2021;157;2021-03-14 10:00:00;01;EM
1;AB;2021;157;2021-03-15 10:00:00;02;CE
1;AB;2021;157;2021-04-12 10:00:00;03;CO
1;AB;2021;158;2021-04-14 08:00:00;00;FC
1;AB;2021;158;2021-04-14 10:00:00;01;EM
1;AB;2021;158;2021-04-15 10:00:00;02;CE
1;AB;2021;158;2021-04-27 10:00:00;03;CO
1;AB;2021;159;2021-05-14 08:00:00;00;FC
1;AB;2021;159;2021-05-14 10:00:00;01;EM
1;AB;2021;159;2021-05-15 10:00:00;02;CE
1;AB;2021;159;2021-06-01 10:00:00;03;CO
1;AB;2021;160;2021-06-14 08:00:00;00;FC
1;AB;2021;160;2021-06-14 10:00:00;01;EM
1;AB;2021;160;2021-06-15 10:00:00;05;CN
1;AB;2021;161;2021-07-14 08:00:00;00;FC
1;AB;2021;161;2021-07-14 10:00:00;01;EM
1;AB;2021;161;2021-07-15 10:00:00;02;CE
1;AB;2021;161;2021-08-06 10:00:00;03;CO
1;AB;2021;162;2021-08-14 08:00:00;00;FC
1;AB;2021;162;2021-08-14 10:00:00;01;EM
1;AB;2021;162;2021-08-15 10:00:00;02;CE
1;AB;2021;162;2021-08-21 10:00:00;03;CO
1;AB;2021;163;2021-09-14 08:00:00;00;FC
1;AB;2021;163;2021-09-14 10:00:00;01;EM
1;AB;2021;163;2021-09-15 10:00:00;02;CE
1;AB;2021;163;2021-09-27 10:00:00;03;CO
1;AB;2021;164;2021-10-14 08:00:00;00;FC
1;AB;2021;164;2021-10-14 10:00:00;01;EM
1;AB;2021;164;2021-10-15 10:00:00;02;CE
1;AB;2021;164;2021-10-20 10:00:00;03;CO
1;AB;2021;165;2021-11-14 08:00:00;00;FC
1;AB;2021;165;2021-11-14 10:00:00;01;EM
1;AB;2021;165;2021-11-15 10:00:00;02;CE
1;AB;2021;165;2021-11-25 10:00:00;03;CO
1;AB;2021;166;2021-12-14 08:00:00;00;FC
1;AB;2021;166;2021-12-14 10:00:00;01;EM
1;AB;2021;166;2021-12-15 10:00:00;02;CE
1;AB;2021;166;2021-12-26 10:00:00;03;CO
1;AB;2022;245;2022-01-14 08:00:00;00;FC
1;AB;2022;245;2022-01-14 10:00:00;01;EM
1;AB;2022;245;2022-01-15 10:00:00;02;CE
1;AB;2022;245;2022-02-03 10:00:00;03;CO
1;AB;2022;246;2022-02-14 08:00:00;00;FC
1;AB;2022;246;2022-02-14 10:00:00;01;EM
1;AB;2022;246;2022-02-15 10:00:00;02;CE
1;AB;2022;246;2022-03-06 10:00:00;03;CO
1;AB;2022;247;2022-03-14 08:00:00;00;FC
1;AB;2022;247;2022-03-14 10:00:00;01;EM
1;AB;2022;247;2022-03-15 10:00:00;02;CE
1;AB;2022;247;2022-03-29 10:00:00;03;CO
1;AB;2022;248;2022-04-14 08:00:00;00;FC
1;AB;2022;248;2022-04-14 10:00:00;01;EM
1;AB;2022;248;2022-04-15 10:00:00;02;CE
1;AB;2022;248;2022-04-27 10:00:00;03;CO
1;AB;2022;249;2022-05-14 08:00:00;00;FC
1;AB;2022;249;2022-05-14 10:00:00;01;EM
1;AB;2022;249;2022-05-15 10:00:00;02;CE
1;AB;2022;249;2022-06-05 10:00:00;03;CO
1;AB;2022;250;2022-06-14 08:00:00;00;FC
1;AB;2022;250;2022-06-14 10:00:00;01;EM
1;AB;2022;250;2022-06-15 10:00:00;02;CE
1;AB;2022;250;2022-07-02 10:00:00;03;CO
1;AB;2022;251;2022-07-14 08:00:00;00;FC
1;AB;2022;251;2022-07-14 10:00:00;01;EM
1;AB;2022;251;2022-07-15 10:00:00;02;CE
1;AB;2022;251;2022-07-27 10:00:00;03;CO
1;AB;2022;252;2022-08-14 08:00:00;00;FC
1;AB;2022;252;2022-08-14 10:00:00;01;EM
1;AB;2022;252;2022-08-15 10:00:00;02;CE
1;AB;2022;252;2022-08-30 10:00:00;03;CO
1;AB;2022;253;2022-09-14 08:00:00;00;FC
1;AB;2022;253;2022-09-14 10:00:00;01;EM
1;AB;2022;253;2022-09-15 10:00:00;02;CE
1;AB;2022;253;2022-10-07 10:00:00;03;CO
1;AB;2022;254;2022-10-14 08:00:00;00;FC
1;AB;2022;254;2022-10-14 10:00:00;01;EM
1;AB;2022;254;2022-10-15 10:00:00;02;CE
1;AB;2022;254;2022-11-12 10:00:00;03;CO
1;AB;2022;255;2022-11-14 08:00:00;00;FC
1;AB;2022;255;2022-11-14 10:00:00;01;EM
1;AB;2022;255;2022-11-15 10:00:00;02;CE
1;AB;2022;255;2022-11-20 10:00:00;03;CO
1;AB;2022;256;2022-12-14 08:00:00;00;FC
1;AB;2022;256;2022-12-14 10:00:00;01;EM
1;AB;2022;256;2022-12-15 10:00:00;02;CE
1;AB;2022;256;2022-12-30 10:00:00;03;CO
1;AB;2023;332;2023-01-14 08:00:00;00;FC
1;AB;2023;332;2023-01-14 10:00:00;01;EM
1;AB;2023;332;2023-01-15 10:00:00;02;CE
1;AB;2023;332;2023-02-12 10:00:00;03;CO
1;AB;2023;333;2023-02-14 08:00:00;00;FC
1;AB;2023;333;2023-02-14 10:00:00;01;EM
1;AB;2023;333;2023-02-15 10:00:00;02;CE
1;AB;2023;333;2023-03-15 10:00:00;03;CO
1;AB;2023;334;2023-03-14 08:00:00;00;FC
1;AB;2023;334;2023-03-14 10:00:00;01;EM
1;AB;2023;334;2023-03-15 10:00:00;02;CE
1;AB;2023;334;2023-04-06 10:00:00;03;CO
1;AB;2023;335;2023-04-14 08:00:00;00;FC
1;AB;2023;335;2023-04-14 10:00:00;01;EM
1;AB;2023;335;2023-04-15 10:00:00;02;CE
1;AB;2023;335;2023-05-02 10:00:00;03;CO
1;AB;2023;336;2023-05-14 08:00:00;00;FC
1;AB;2023;336;2023-05-14 10:00:00;01;EM
1;AB;2023;336;2023-05-15 10:00:00;02;CE
1;AB;2023;336;2023-05-24 10:00:00;03;CO
1;AB;2023;337;2023-06-14 08:00:00;00;FC
1;AB;2023;337;2023-06-14 10:00:00;01;EM
1;AB;2023;337;2023-06-15 10:00:00;02;CE
1;AB;2023;337;2023-06-29 10:00:00;03;CO
1;AB;2023;338;2023-07-14 08:00:00;00;FC
1;AB;2023;338;2023-07-14 10:00:00;01;EM
1;AB;2023;338;2023-07-15 10:00:00;02;CE
1;AB;2023;338;2023-08-09 10:00:00;03;CO
1;AB;2023;339;2023-08-14 08:00:00;00;FC
1;AB;2023;339;2023-08-14 10:00:00;01;EM
1;AB;2023;339;2023-08-15 10:00:00;02;CE
1;AB;2023;339;2023-08-23 10:00:00;03;CO
1;AB;2023;340;2023-09-14 08:00:00;00;FC
1;AB;2023;340;2023-09-14 10:00:00;01;EM
1;AB;2023;340;2023-09-15 10:00:00;02;CE
1;AB;2023;340;2023-09-28 10:00:00;03;CO
1;AB;2023;341;2023-10-14 08:00:00;00;FC
1;AB;2023;341;2023-10-14 10:00:00;01;EM
1;AB;2023;341;2023-10-15 10:00:00;02;CE
1;AB;2023;341;2023-11-05 10:00:00;03;CO
1;AB;2023;342;2023-11-14 08:00:00;00;FC
1;AB;2023;342;2023-11-14 10:00:00;01;EM
1;AB;2023;342;2023-11-15 10:00:00;02;CE
1;AB;2023;342;2023-11-22 10:00:00;03;CO
1;AB;2023;343;2023-12-14 08:00:00;00;FC
1;AB;2023;343;2023-12-14 10:00:00;01;EM
1;AB;2023;343;2023-12-15 10:00:00;02;CE
1;AB;2023;343;2024-01-05 10:00:00;03;CO
1;AB;2024;422;2024-01-14 08:00:00;00;FC
1;AB;2024;422;2024-01-14 10:00:00;01;EM
1;AB;2024;422;2024-01-15 10:00:00;02;CE
1;AB;2024;422;2024-02-07 10:00:00;03;CO
1;AB;2024;423;2024-02-14 08:00:00;00;FC
1;AB;2024;423;2024-02-14 10:00:00;01;EM
1;AB;2024;423;2024-02-15 10:00:00;02;CE
1;AB;2024;423;2024-03-16 10:00:00;03;CO
1;AB;2024;424;2024-03-14 08:00:00;00;FC
1;AB;2024;424;2024-03-14 10:00:00;01;EM
1;AB;2024;424;2024-03-15 10:00:00;02;CE
1;AB;2024;424;2024-03-21 10:00:00;03;CO
1;AB;2024;425;2024-04-14 08:00:00;00;FC
1;AB;2024;425;2024-04-14 10:00:00;01;EM
1;AB;2024;425;2024-04-15 10:00:00;02;CE
1;AB;2024;425;2024-05-07 10:00:00;03;CO
1;AB;2024;426;2024-05-14 08:00:00;00;FC
1;AB;2024;426;2024-05-14 10:00:00;01;EM
1;AB;2024;426;2024-05-15 10:00:00;02;CE
1;AB;2024;426;2024-05-21 10:00:00;03;CO
1;AB;2024;427;2024-06-14 08:00:00;00;FC
1;AB;2024;427;2024-06-14 10:00:00;01;EM
1;AB;2024;427;2024-06-15 10:00:00;02;CE
1;AB;2024;427;2024-07-14 10:00:00;03;CO
1;AB;2024;428;2024-07-14 08:00:00;00;FC
1;AB;2024;428;2024-07-14 10:00:00;01;EM
1;AB;2024;428;2024-07-15 10:00:00;02;CE
1;AB;2024;428;2024-07-28 10:00:00;03;CO
1;AB;2024;429;2024-08-14 08:00:00;00;FC
1;AB;2024;429;2024-08-14 10:00:00;01;EM
1;AB;2024;429;2024-08-15 10:00:00;02;CE
1;AB;2024;429;2024-09-03 10:00:00;03;CO
1;AB;2024;430;2024-09-14 08:00:00;00;FC
1;AB;2024;430;2024-09-14 10:00:00;01;EM
1;AB;2024;430;2024-09-15 10:00:00;02;CE
1;AB;2024;430;2024-10-04 10:00:00;03;CO
1;AB;2024;431;2024-10-14 08:00:00;00;FC
1;AB;2024;431;2024-10-14 10:00:00;01;EM
1;AB;2024;431;2024-10-15 10:00:00;02;CE
1;AB;2024;431;2024-11-11 10:00:00;03;CO
1;AB;2024;432;2024-11-14 08:00:00;00;FC
1;AB;2024;432;2024-11-14 10:00:00;01;EM
1;AB;2024;432;2024-11-15 10:00:00;02;CE
1;AB;2024;432;2024-11-23 10:00:00;03;CO
1;AB;2024;433;2024-12-14 08:00:00;00;FC
1;AB;2024;433;2024-12-14 10:00:00;01;EM
1;AB;2024;433;2024-12-15 10:00:00;02;CE
1;AB;2024;433;2024-12-22 10:00:00;03;CO
1;AB;2025;509;2025-01-14 08:00:00;00;FC
1;AB;2025;509;2025-01-14 10:00:00;01;EM
1;AB;2025;509;2025-01-15 10:00:00;02;CE
1;AB;2025;509;2025-02-04 10:00:00;03;CO
1;AB;2025;510;2025-02-14 08:00:00;00;FC
1;AB;2025;510;2025-02-14 10:00:00;01;EM
1;AB;2025;510;2025-02-15 10:00:00;02;CE
1;AB;2025;510;2025-02-25 10:00:00;03;CO
1;AB;2025;511;2025-03-14 08:00:00;00;FC
1;AB;2025;511;2025-03-14 10:00:00;01;EM
1;AB;2025;511;2025-03-15 10:00:00;02;CE
1;AB;2025;511;2025-04-12 10:00:00;03;CO
1;AB;2025;512;2025-04-14 08:00:00;00;FC
1;AB;2025;512;2025-04-14 10:00:00;01;EM
1;AB;2025;512;2025-04-15 10:00:00;02;CE
1;AB;2025;512;2025-05-06 10:00:00;03;CO
1;AB;2025;513;2025-05-14 08:00:00;00;FC
1;AB;2025;513;2025-05-14 10:00:00;01;EM
1;AB;2025;513;2025-05-15 10:00:00;02;CE
1;AB;2025;513;2025-05-29 10:00:00;03;CO
1;AB;2025;514;2025-06-14 08:00:00;00;FC
1;AB;2025;514;2025-06-14 10:00:00;01;EM
1;AB;2025;514;2025-06-15 10:00:00;02;CE
1;AB;2025;514;2025-06-28 10:00:00;03;CO
1;AB;2025;515;2025-07-14 08:00:00;00;FC
1;AB;2025;515;2025-07-14 10:00:00;01;EM
1;AB;2025;515;2025-07-15 10:00:00;02;CE
1;AB;2025;515;2025-07-25 10:00:00;03;CO
1;AB;2025;516;2025-08-14 08:00:00;00;FC
1;AB;2025;516;2025-08-14 10:00:00;01;EM
1;AB;2025;516;2025-08-15 10:00:00;02;CE
1;AB;2025;516;2025-09-21 10:00:00;04;DV
1;AB;2025;517;2025-09-14 08:00:00;00;FC
1;AB;2025;517;2025-09-14 10:00:00;01;EM
1;AB;2025;517;2025-09-15 10:00:00;02;CE
1;AB;2025;517;2025-09-25 10:00:00;03;CO
1;AB;2025;518;2025-10-14 08:00:00;00;FC
1;AB;2025;518;2025-10-14 10:00:00;01;EM
1;AB;2025;518;2025-10-15 10:00:00;02;CE
1;AB;2025;518;2025-10-22 10:00:00;03;CO
1;AB;2025;519;2025-11-14 08:00:00;00;FC
1;AB;2025;519;2025-11-14 10:00:00;01;EM
1;AB;2025;520;2025-12-14 08:00:00;00;FC
1;AB;2025;520;2025-12-14 10:00:00;01;EM
1;AB;2025;520;2025-12-15 10:00:00;02;CE
1;AB;2025;520;2025-12-22 10:00:00;03;CO
1;AB;2026;354;2026-01-14 08:00:00;00;FC
1;AB;2026;354;2026-01-14 10:00:00;01;EM
1;AB;2026;354;2026-01-15 10:00:00;02;CE
1;AB;2026;354;2026-02-13 10:00:00;03;CO
1;AB;2026;355;2026-02-14 08:00:00;00;FC
1;AB;2026;355;2026-02-14 10:00:00;01;EM
1;AB;2026;355;2026-02-15 10:00:00;02;CE
1;AB;2026;355;2026-02-23 10:00:00;03;CO
1;AB;2026;356;2026-03-14 08:00:00;00;FC
1;AB;2026;356;2026-03-14 10:00:00;01;EM
1;AB;2026;357;2026-04-14 08:00:00;00;FC
1;AB;2026;357;2026-04-14 10:00:00;01;EM
1;AB;2026;357;2026-04-15 10:00:00;02;CE
1;AB;2026;357;2026-05-05 10:00:00;04;DV
1;AB;2026;358;2026-05-14 08:00:00;00;FC
1;AB;2026;358;2026-05-14 10:00:00;01;EM
1;AB;2026;358;2026-05-15 10:00:00;02;CE
1;AB;2026;358;2026-06-11 10:00:00;03;CO
1;AB;2026;359;2026-06-14 08:00:00;00;FC
1;AB;2026;359;2026-06-14 10:00:00;01;EM
1;AB;2026;359;2026-06-15 10:00:00;02;CE
1;AB;2026;359;2026-06-22 10:00:00;03;CO
1;AB;2026;360;2026-07-14 08:00:00;00;FC
1;AB;2026;360;2026-07-14 10:00:00;01;EM
1;AB;2026;360;2026-07-15 10:00:00;02;CE
1;AB;2026;360;2026-07-28 10:00:00;03;CO
1;AB;2022;257;2022-04-14 08:00:00;00;FC
1;AB;2022;257;2022-04-14 10:00:00;01;EM
1;AB;2022;257;2022-04-15 10:00:00;05;CN
1;AB;2022;258;2022-05-14 08:00:00;00;FC
1;AB;2022;258;2022-05-14 10:00:00;01;EM
1;AB;2022;258;2022-05-15 10:00:00;02;CE
1;AB;2022;258;2022-06-10 10:00:00;03;CO
1;AB;2022;259;2022-06-14 08:00:00;00;FC
1;AB;2022;259;2022-06-14 10:00:00;01;EM
1;AB;2022;259;2022-06-15 10:00:00;02;CE
1;AB;2022;259;2022-07-05 10:00:00;03;CO
1;AB;2022;260;2022-07-14 08:00:00;00;FC
1;AB;2022;260;2022-07-14 10:00:00;01;EM
1;AB;2022;260;2022-07-15 10:00:00;02;CE
1;AB;2022;260;2022-08-04 10:00:00;03;CO
1;AB;2022;261;2022-08-14 08:00:00;00;FC
1;AB;2022;261;2022-08-14 10:00:00;01;EM
1;AB;2022;261;2022-08-15 10:00:00;02;CE
1;AB;2022;261;2022-09-02 10:00:00;03;CO
1;AB;2022;262;2022-09-14 08:00:00;00;FC
1;AB;2022;262;2022-09-14 10:00:00;01;EM
1;AB;2022;262;2022-09-15 10:00:00;02;CE
1;AB;2022;262;2022-10-08 10:00:00;03;CO
1;AB;2022;263;2022-10-14 08:00:00;00;FC
1;AB;2022;263;2022-10-14 10:00:00;01;EM
1;AB;2022;263;2022-10-15 10:00:00;02;CE
1;AB;2022;263;2022-10-24 10:00:00;03;CO
1;AB;2022;264;2022-11-14 08:00:00;00;FC
1;AB;2022;264;2022-11-14 10:00:00;01;EM
1;AB;2022;264;2022-11-15 10:00:00;02;CE
1;AB;2022;264;2022-12-09 10:00:00;03;CO
1;AB;2022;265;2022-12-14 08:00:00;00;FC
1;AB;2022;265;2022-12-14 10:00:00;01;EM
1;AB;2022;265;2022-12-15 10:00:00;02;CE
1;AB;2022;265;2022-12-22 10:00:00;03;CO
1;AB;2023;344;2023-01-14 08:00:00;00;FC
1;AB;2023;344;2023-01-14 10:00:00;01;EM
1;AB;2023;344;2023-01-15 10:00:00;02;CE
1;AB;2023;344;2023-02-07 10:00:00;03;CO
1;AB;2023;345;2023-02-14 08:00:00;00;FC
1;AB;2023;345;2023-02-14 10:00:00;01;EM
1;AB;2023;345;2023-02-15 10:00:00;02;CE
1;AB;2023;345;2023-02-22 10:00:00;03;CO
1;AB;2023;346;2023-03-14 08:00:00;00;FC
1;AB;2023;346;2023-03-14 10:00:00;01;EM
1;AB;2023;346;2023-03-15 10:00:00;02;CE
1;AB;2023;346;2023-03-22 10:00:00;03;CO
1;AB;2023;347;2023-04-14 08:00:00;00;FC
1;AB;2023;347;2023-04-14 10:00:00;01;EM
1;AB;2023;347;2023-04-15 10:00:00;02;CE
1;AB;2023;347;2023-04-28 10:00:00;03;CO
1;AB;2023;348;2023-05-14 08:00:00;00;FC
1;AB;2023;348;2023-05-14 10:00:00;01;EM
1;AB;2023;348;2023-05-15 10:00:00;02;CE
1;AB;2023;348;2023-06-08 10:00:00;03;CO
1;AB;2023;349;2023-06-14 08:00:00;00;FC
1;AB;2023;349;2023-06-14 10:00:00;01;EM
1;AB;2023;349;2023-06-15 10:00:00;02;CE
1;AB;2023;349;2023-07-14 10:00:00;03;CO
1;AB;2023;350;2023-07-14 08:00:00;00;FC
1;AB;2023;350;2023-07-14 10:00:00;01;EM
1;AB;2023;350;2023-07-15 10:00:00;02;CE
1;AB;2023;350;2023-07-28 10:00:00;03;CO
1;AB;2023;351;2023-08-14 08:00:00;00;FC
1;AB;2023;351;2023-08-14 10:00:00;01;EM
1;AB;2023;351;2023-08-15 10:00:00;02;CE
1;AB;2023;351;2023-09-10 10:00:00;03;CO
1;AB;2023;352;2023-09-14 08:00:00;00;FC
1;AB;2023;352;2023-09-14 10:00:00;01;EM
1;AB;2023;352;2023-09-15 10:00:00;02;CE
1;AB;2023;352;2023-09-25 10:00:00;03;CO
1;AB;2023;353;2023-10-14 08:00:00;00;FC
1;AB;2023;353;2023-10-14 10:00:00;01;EM
1;AB;2023;353;2023-10-15 10:00:00;02;CE
1;AB;2023;353;2023-10-23 10:00:00;03;CO
1;AB;2023;354;2023-11-14 08:00:00;00;FC
1;AB;2023;354;2023-11-14 10:00:00;01;EM
1;AB;2023;354;2023-11-15 10:00:00;02;CE
1;AB;2023;354;2023-12-01 10:00:00;03;CO
1;AB;2023;355;2023-12-14 08:00:00;00;FC
1;AB;2023;355;2023-12-14 10:00:00;01;EM
1;AB;2023;355;2023-12-15 10:00:00;02;CE
1;AB;2023;355;2023-12-28 10:00:00;03;CO
1;AB;2024;434;2024-01-14 08:00:00;00;FC
1;AB;2024;434;2024-01-14 10:00:00;01;EM
1;AB;2024;434;2024-01-15 10:00:00;02;CE
1;AB;2024;434;2024-02-11 10:00:00;03;CO
1;AB;2024;435;2024-02-14 08:00:00;00;FC
1;AB;2024;435;2024-02-14 10:00:00;01;EM
1;AB;2024;435;2024-02-15 10:00:00;02;CE
1;AB;2024;435;2024-03-06 10:00:00;03;CO
1;AB;2024;436;2024-03-14 08:00:00;00;FC
1;AB;2024;436;2024-03-14 10:00:00;01;EM
1;AB;2024;436;2024-03-15 10:00:00;02;CE
1;AB;2024;436;2024-04-06 10:00:00;03;CO
1;AB;2024;437;2024-04-14 08:00:00;00;FC
1;AB;2024;437;2024-04-14 10:00:00;01;EM
1;AB;2024;437;2024-04-15 10:00:00;02;CE
1;AB;2024;437;2024-05-05 10:00:00;03;CO
1;AB;2024;438;2024-05-14 08:00:00;00;FC
1;AB;2024;438;2024-05-14 10:00:00;01;EM
1;AB;2024;438;2024-05-15 10:00:00;02;CE
1;AB;2024;438;2024-06-06 10:00:00;03;CO
1;AB;2024;439;2024-06-14 08:00:00;00;FC
1;AB;2024;439;2024-06-14 10:00:00;01;EM
1;AB;2024;439;2024-06-15 10:00:00;02;CE
1;AB;2024;439;2024-07-03 10:00:00;03;CO
1;AB;2024;440;2024-07-14 08:00:00;00;FC
1;AB;2024;440;2024-07-14 10:00:00;01;EM
1;AB;2024;440;2024-07-15 10:00:00;02;CE
1;AB;2024;440;2024-07-29 10:00:00;03;CO
1;AB;2024;441;2024-08-14 08:00:00;00;FC
1;AB;2024;441;2024-08-14 10:00:00;01;EM
1;AB;2024;441;2024-08-15 10:00:00;02;CE
1;AB;2024;441;2024-09-01 10:00:00;03;CO
1;AB;2024;442;2024-09-14 08:00:00;00;FC
1;AB;2024;442;2024-09-14 10:00:00;01;EM
1;AB;2024;442;2024-09-15 10:00:00;02;CE
1;AB;2024;442;2024-10-03 10:00:00;03;CO
1;AB;2024;443;2024-10-14 08:00:00;00;FC
1;AB;2024;443;2024-10-14 10:00:00;01;EM
1;AB;2024;443;2024-10-15 10:00:00;02;CE
1;AB;2024;443;2024-10-25 10:00:00;03;CO
1;AB;2024;444;2024-11-14 08:00:00;00;FC
1;AB;2024;444;2024-11-14 10:00:00;01;EM
1;AB;2024;444;2024-11-15 10:00:00;02;CE
1;AB;2024;444;2024-11-20 10:00:00;03;CO
1;AB;2024;445;2024-12-14 08:00:00;00;FC
1;AB;2024;445;2024-12-14 10:00:00;01;EM
1;AB;2024;445;2024-12-15 10:00:00;02;CE
1;AB;2024;445;2025-01-04 10:00:00;03;CO
1;AB;2025;521;2025-01-14 08:00:00;00;FC
1;AB;2025;521;2025-01-14 10:00:00;01;EM
1;AB;2025;521;2025-01-15 10:00:00;02;CE
1;AB;2025;521;2025-01-25 10:00:00;03;CO
1;AB;2025;522;2025-02-14 08:00:00;00;FC
1;AB;2025;522;2025-02-14 10:00:00;01;EM
1;AB;2025;522;2025-02-15 10:00:00;02;CE
1;AB;2025;522;2025-03-13 10:00:00;03;CO
1;AB;2025;523;2025-03-14 08:00:00;00;FC
1;AB;2025;523;2025-03-14 10:00:00;01;EM
1;AB;2025;523;2025-03-15 10:00:00;02;CE
1;AB;2025;523;2025-04-12 10:00:00;03;CO
1;AB;2025;524;2025-04-14 08:00:00;00;FC
1;AB;2025;524;2025-04-14 10:00:00;01;EM
1;AB;2025;524;2025-04-15 10:00:00;02;CE
1;AB;2025;524;2025-05-02 10:00:00;03;CO
1;AB;2025;525;2025-05-14 08:00:00;00;FC
1;AB;2025;525;2025-05-14 10:00:00;01;EM
1;AB;2025;525;2025-05-15 10:00:00;02;CE
1;AB;2025;525;2025-05-24 10:00:00;03;CO
1;AB;2025;526;2025-06-14 08:00:00;00;FC
1;AB;2025;526;2025-06-14 10:00:00;01;EM
1;AB;2025;526;2025-06-15 10:00:00;02;CE
1;AB;2025;526;2025-06-20 10:00:00;03;CO
1;AB;2025;527;2025-07-14 08:00:00;00;FC
1;AB;2025;527;2025-07-14 10:00:00;01;EM
1;AB;2025;527;2025-07-15 10:00:00;02;CE
1;AB;2025;527;2025-07-29 10:00:00;03;CO
1;AB;2025;528;2025-08-14 08:00:00;00;FC
1;AB;2025;528;2025-08-14 10:00:00;01;EM
1;AB;2025;528;2025-08-15 10:00:00;02;CE
1;AB;2025;528;2025-09-06 10:00:00;03;CO
1;AB;2025;529;2025-09-14 08:00:00;00;FC
1;AB;2025;529;2025-09-14 10:00:00;01;EM
1;AB;2025;529;2025-09-15 10:00:00;02;CE
1;AB;2025;529;2025-10-13 10:00:00;03;CO
1;AB;2025;530;2025-10-14 08:00:00;00;FC
1;AB;2025;530;2025-10-14 10:00:00;01;EM
1;AB;2025;530;2025-10-15 10:00:00;02;CE
1;AB;2025;530;2025-10-22 10:00:00;03;CO
1;AB;2025;531;2025-11-14 08:00:00;00;FC
1;AB;2025;531;2025-11-14 10:00:00;01;EM
1;AB;2025;531;2025-11-15 10:00:00;02;CE
1;AB;2025;531;2025-11-28 10:00:00;04;DV
1;AB;2025;532;2025-12-14 08:00:00;00;FC
1;AB;2025;532;2025-12-14 10:00:00;01;EM
1;AB;2025;532;2025-12-15 10:00:00;02;CE
1;AB;2025;532;2026-01-13 10:00:00;03;CO
1;AB;2026;361;2026-01-14 08:00:00;00;FC
1;AB;2026;361;2026-01-14 10:00:00;01;EM
1;AB;2026;361;2026-01-15 10:00:00;02;CE
1;AB;2026;361;2026-02-14 10:00:00;03;CO
1;AB;2026;362;2026-02-14 08:00:00;00;FC
1;AB;2026;362;2026-02-14 10:00:00;01;EM
1;AB;2026;362;2026-02-15 10:00:00;02;CE
1;AB;2026;362;2026-03-17 10:00:00;03;CO
1;AB;2026;363;2026-03-14 08:00:00;00;FC
1;AB;2026;363;2026-03-14 10:00:00;01;EM
1;AB;2026;363;2026-03-15 10:00:00;02;CE
1;AB;2026;363;2026-04-04 10:00:00;03;CO
1;AB;2026;364;2026-04-14 08:00:00;00;FC
1;AB;2026;364;2026-04-14 10:00:00;01;EM
1;AB;2026;364;2026-04-15 10:00:00;02;CE
1;AB;2026;364;2026-05-13 10:00:00;03;CO
1;AB;2026;365;2026-05-14 08:00:00;00;FC
1;AB;2026;365;2026-05-14 10:00:00;01;EM
1;AB;2026;365;2026-05-15 10:00:00;02;CE
1;AB;2026;365;2026-05-23 10:00:00;03;CO
1;AB;2026;366;2026-06-14 08:00:00;00;FC
1;AB;2026;366;2026-06-14 10:00:00;01;EM
1;AB;2026;366;2026-06-15 10:00:00;02;CE
1;AB;2026;366;2026-07-07 10:00:00;03;CO
1;AB;2026;367;2026-07-14 08:00:00;00;FC
1;AB;2026;367;2026-07-14 10:00:00;01;EM
1;AB;2026;367;2026-07-15 10:00:00;02;CE
1;AB;2026;367;2026-07-23 10:00:00;03;CO
1;AB;2023;356;2023-05-14 08:00:00;00;FC
1;AB;2023;356;2023-05-14 10:00:00;01;EM
1;AB;2023;356;2023-05-15 10:00:00;02;CE
1;AB;2023;356;2023-06-14 10:00:00;03;CO
1;AB;2023;357;2023-06-14 08:00:00;00;FC
1;AB;2023;357;2023-06-14 10:00:00;01;EM
1;AB;2023;357;2023-06-15 10:00:00;02;CE
1;AB;2023;357;2023-07-14 10:00:00;03;CO
1;AB;2023;358;2023-07-14 08:00:00;00;FC
1;AB;2023;358;2023-07-14 10:00:00;01;EM
1;AB;2023;358;2023-07-15 10:00:00;02;CE
1;AB;2023;358;2023-08-01 10:00:00;03;CO
1;AB;2023;359;2023-08-14 08:00:00;00;FC
1;AB;2023;359;2023-08-14 10:00:00;01;EM
1;AB;2023;359;2023-08-15 10:00:00;02;CE
1;AB;2023;359;2023-09-05 10:00:00;03;CO
1;AB;2023;360;2023-09-14 08:00:00;00;FC
1;AB;2023;360;2023-09-14 10:00:00;01;EM
1;AB;2023;360;2023-09-15 10:00:00;02;CE
1;AB;2023;360;2023-09-26 10:00:00;03;CO
1;AB;2023;361;2023-10-14 08:00:00;00;FC
1;AB;2023;361;2023-10-14 10:00:00;01;EM
1;AB;2023;361;2023-10-15 10:00:00;02;CE
1;AB;2023;361;2023-10-22 10:00:00;03;CO
1;AB;2023;362;2023-11-14 08:00:00;00;FC
1;AB;2023;362;2023-11-14 10:00:00;01;EM
1;AB;2023;362;2023-11-15 10:00:00;02;CE
1;AB;2023;362;2023-12-08 10:00:00;03;CO
1;AB;2023;363;2023-12-14 08:00:00;00;FC
1;AB;2023;363;2023-12-14 10:00:00;01;EM
1;AB;2023;363;2023-12-15 10:00:00;02;CE
1;AB;2023;363;2024-01-06 10:00:00;03;CO
1;AB;2024;446;2024-01-14 08:00:00;00;FC
1;AB;2024;446;2024-01-14 10:00:00;01;EM
1;AB;2024;446;2024-01-15 10:00:00;02;CE
1;AB;2024;446;2024-02-11 10:00:00;03;CO
1;AB;2024;447;2024-02-14 08:00:00;00;FC
1;AB;2024;447;2024-02-14 10:00:00;01;EM
1;AB;2024;447;2024-02-15 10:00:00;02;CE
1;AB;2024;447;2024-03-13 10:00:00;03;CO
1;AB;2024;448;2024-03-14 08:00:00;00;FC
1;AB;2024;448;2024-03-14 10:00:00;01;EM
1;AB;2024;448;2024-03-15 10:00:00;02;CE
1;AB;2024;448;2024-04-03 10:00:00;03;CO
1;AB;2024;449;2024-04-14 08:00:00;00;FC
1;AB;2024;449;2024-04-14 10:00:00;01;EM
1;AB;2024;449;2024-04-15 10:00:00;02;CE
1;AB;2024;449;2024-05-02 10:00:00;03;CO
1;AB;2024;450;2024-05-14 08:00:00;00;FC
1;AB;2024;450;2024-05-14 10:00:00;01;EM
1;AB;2024;450;2024-05-15 10:00:00;02;CE
1;AB;2024;450;2024-05-31 10:00:00;03;CO
1;AB;2024;451;2024-06-14 08:00:00;00;FC
1;AB;2024;451;2024-06-14 10:00:00;01;EM
1;AB;2024;451;2024-06-15 10:00:00;02;CE
1;AB;2024;451;2024-07-04 10:00:00;03;CO
1;AB;2024;452;2024-07-14 08:00:00;00;FC
1;AB;2024;452;2024-07-14 10:00:00;01;EM
1;AB;2024;452;2024-07-15 10:00:00;02;CE
1;AB;2024;452;2024-07-23 10:00:00;03;CO
1;AB;2024;453;2024-08-14 08:00:00;00;FC
1;AB;2024;453;2024-08-14 10:00:00;01;EM
1;AB;2024;453;2024-08-15 10:00:00;02;CE
1;AB;2024;453;2024-08-29 10:00:00;03;CO
1;AB;2024;454;2024-09-14 08:00:00;00;FC
1;AB;2024;454;2024-09-14 10:00:00;01;EM
1;AB;2024;454;2024-09-15 10:00:00;02;CE
1;AB;2024;454;2024-09-30 10:00:00;03;CO
1;AB;2024;455;2024-10-14 08:00:00;00;FC
1;AB;2024;455;2024-10-14 10:00:00;01;EM
1;AB;2024;455;2024-10-15 10:00:00;02;CE
1;AB;2024;455;2024-11-01 10:00:00;03;CO
1;AB;2024;456;2024-11-14 08:00:00;00;FC
1;AB;2024;456;2024-11-14 10:00:00;01;EM
1;AB;2024;456;2024-11-15 10:00:00;02;CE
1;AB;2024;456;2024-12-13 10:00:00;03;CO
1;AB;2024;457;2024-12-14 08:00:00;00;FC
1;AB;2024;457;2024-12-14 10:00:00;01;EM
1;AB;2024;457;2024-12-15 10:00:00;02;CE
1;AB;2024;457;2024-12-24 10:00:00;03;CO
1;AB;2025;533;2025-01-14 08:00:00;00;FC
1;AB;2025;533;2025-01-14 10:00:00;01;EM
1;AB;2025;533;2025-01-15 10:00:00;02;CE
1;AB;2025;533;2025-01-27 10:00:00;03;CO
1;AB;2025;534;2025-02-14 08:00:00;00;FC
1;AB;2025;534;2025-02-14 10:00:00;01;EM
1;AB;2025;534;2025-02-15 10:00:00;02;CE
1;AB;2025;534;2025-02-23 10:00:00;03;CO
1;AB;2025;535;2025-03-14 08:00:00;00;FC
1;AB;2025;535;2025-03-14 10:00:00;01;EM
1;AB;2025;535;2025-03-15 10:00:00;02;CE
1;AB;2025;535;2025-04-02 10:00:00;03;CO
1;AB;2025;536;2025-04-14 08:00:00;00;FC
1;AB;2025;536;2025-04-14 10:00:00;01;EM
1;AB;2025;536;2025-04-15 10:00:00;02;CE
1;AB;2025;536;2025-05-11 10:00:00;03;CO
1;AB;2025;537;2025-05-14 08:00:00;00;FC
1;AB;2025;537;2025-05-14 10:00:00;01;EM
1;AB;2025;537;2025-05-15 10:00:00;02;CE
1;AB;2025;537;2025-05-25 10:00:00;03;CO
1;AB;2025;538;2025-06-14 08:00:00;00;FC
1;AB;2025;538;2025-06-14 10:00:00;01;EM
1;AB;2025;538;2025-06-15 10:00:00;02;CE
1;AB;2025;538;2025-07-14 10:00:00;03;CO
1;AB;2025;539;2025-07-14 08:00:00;00;FC
1;AB;2025;539;2025-07-14 10:00:00;01;EM
1;AB;2025;539;2025-07-15 10:00:00;02;CE
1;AB;2025;539;2025-07-30 10:00:00;03;CO
1;AB;2025;540;2025-08-14 08:00:00;00;FC
1;AB;2025;540;2025-08-14 10:00:00;01;EM
1;AB;2025;540;2025-08-15 10:00:00;02;CE
1;AB;2025;540;2025-09-13 10:00:00;03;CO
1;AB;2025;541;2025-09-14 08:00:00;00;FC
1;AB;2025;541;2025-09-14 10:00:00;01;EM
1;AB;2025;542;2025-10-14 08:00:00;00;FC
1;AB;2025;542;2025-10-14 10:00:00;01;EM
1;AB;2025;542;2025-10-15 10:00:00;02;CE
1;AB;2025;542;2025-10-28 10:00:00;03;CO
1;AB;2025;543;2025-11-14 08:00:00;00;FC
1;AB;2025;543;2025-11-14 10:00:00;01;EM
1;AB;2025;543;2025-11-15 10:00:00;02;CE
1;AB;2025;543;2025-11-23 10:00:00;03;CO
1;AB;2025;544;2025-12-14 08:00:00;00;FC
1;AB;2025;544;2025-12-14 10:00:00;01;EM
1;AB;2025;544;2025-12-15 10:00:00;02;CE
1;AB;2025;544;2026-01-14 10:00:00;03;CO
1;AB;2026;368;2026-01-14 08:00:00;00;FC
1;AB;2026;368;2026-01-14 10:00:00;01;EM
1;AB;2026;368;2026-01-15 10:00:00;02;CE
1;AB;2026;368;2026-01-24 10:00:00;03;CO
1;AB;2026;369;2026-02-14 08:00:00;00;FC
1;AB;2026;369;2026-02-14 10:00:00;01;EM
1;AB;2026;370;2026-03-14 08:00:00;00;FC
1;AB;2026;370;2026-03-14 10:00:00;01;EM
1;AB;2026;370;2026-03-15 10:00:00;02;CE
1;AB;2026;370;2026-04-01 10:00:00;03;CO
1;AB;2026;371;2026-04-14 08:00:00;00;FC
1;AB;2026;371;2026-04-14 10:00:00;01;EM
1;AB;2026;371;2026-04-15 10:00:00;02;CE
1;AB;2026;371;2026-05-10 10:00:00;03;CO
1;AB;2026;372;2026-05-14 08:00:00;00;FC
1;AB;2026;372;2026-05-14 10:00:00;01;EM
1;AB;2026;372;2026-05-15 10:00:00;02;CE
1;AB;2026;372;2026-05-31 10:00:00;03;CO
1;AB;2026;373;2026-06-14 08:00:00;00;FC
1;AB;2026;373;2026-06-14 10:00:00;01;EM
1;AB;2026;373;2026-06-15 10:00:00;02;CE
1;AB;2026;373;2026-06-27 10:00:00;03;CO
1;AB;2026;374;2026-07-14 08:00:00;00;FC
1;AB;2026;374;2026-07-14 10:00:00;01;EM
1;AB;2026;374;2026-07-15 10:00:00;02;CE
1;AB;2026;374;2026-07-25 10:00:00;03;CO
1;AB;2024;458;2024-06-14 08:00:00;00;FC
1;AB;2024;458;2024-06-14 10:00:00;01;EM
1;AB;2024;458;2024-06-15 10:00:00;02;CE
1;AB;2024;458;2024-07-08 10:00:00;03;CO
1;AB;2024;459;2024-07-14 08:00:00;00;FC
1;AB;2024;459;2024-07-14 10:00:00;01;EM
1;AB;2024;459;2024-07-15 10:00:00;02;CE
1;AB;2024;459;2024-08-13 10:00:00;03;CO
1;AB;2024;460;2024-08-14 08:00:00;00;FC
1;AB;2024;460;2024-08-14 10:00:00;01;EM
1;AB;2024;460;2024-08-15 10:00:00;02;CE
1;AB;2024;460;2024-09-04 10:00:00;03;CO
1;AB;2024;461;2024-09-14 08:00:00;00;FC
1;AB;2024;461;2024-09-14 10:00:00;01;EM
1;AB;2024;461;2024-09-15 10:00:00;02;CE
1;AB;2024;461;2024-10-02 10:00:00;03;CO
1;AB;2024;462;2024-10-14 08:00:00;00;FC
1;AB;2024;462;2024-10-14 10:00:00;01;EM
1;AB;2024;462;2024-10-15 10:00:00;02;CE
1;AB;2024;462;2024-10-20 10:00:00;03;CO
1;AB;2024;463;2024-11-14 08:00:00;00;FC
1;AB;2024;463;2024-11-14 10:00:00;01;EM
1;AB;2024;463;2024-11-15 10:00:00;02;CE
1;AB;2024;463;2024-12-06 10:00:00;03;CO
1;AB;2024;464;2024-12-14 08:00:00;00;FC
1;AB;2024;464;2024-12-14 10:00:00;01;EM
1;AB;2024;464;2024-12-15 10:00:00;02;CE
1;AB;2024;464;2024-12-23 10:00:00;03;CO
1;AB;2025;545;2025-01-14 08:00:00;00;FC
1;AB;2025;545;2025-01-14 10:00:00;01;EM
1;AB;2025;545;2025-01-15 10:00:00;02;CE
1;AB;2025;545;2025-01-21 10:00:00;03;CO
1;AB;2025;546;2025-02-14 08:00:00;00;FC
1;AB;2025;546;2025-02-14 10:00:00;01;EM
1;AB;2025;546;2025-02-15 10:00:00;02;CE
1;AB;2025;546;2025-02-27 10:00:00;03;CO
1;AB;2025;547;2025-03-14 08:00:00;00;FC
1;AB;2025;547;2025-03-14 10:00:00;01;EM
1;AB;2025;547;2025-03-15 10:00:00;02;CE
1;AB;2025;547;2025-04-03 10:00:00;03;CO
1;AB;2025;548;2025-04-14 08:00:00;00;FC
1;AB;2025;548;2025-04-14 10:00:00;01;EM
1;AB;2025;548;2025-04-15 10:00:00;02;CE
1;AB;2025;548;2025-04-22 10:00:00;03;CO
1;AB;2025;549;2025-05-14 08:00:00;00;FC
1;AB;2025;549;2025-05-14 10:00:00;01;EM
1;AB;2025;549;2025-05-15 10:00:00;02;CE
1;AB;2025;549;2025-05-28 10:00:00;03;CO
1;AB;2025;550;2025-06-14 08:00:00;00;FC
1;AB;2025;550;2025-06-14 10:00:00;01;EM
1;AB;2025;550;2025-06-15 10:00:00;02;CE
1;AB;2025;550;2025-07-04 10:00:00;03;CO
1;AB;2025;551;2025-07-14 08:00:00;00;FC
1;AB;2025;551;2025-07-14 10:00:00;01;EM
1;AB;2025;551;2025-07-15 10:00:00;02;CE
1;AB;2025;551;2025-07-27 10:00:00;03;CO
1;AB;2025;552;2025-08-14 08:00:00;00;FC
1;AB;2025;552;2025-08-14 10:00:00;01;EM
1;AB;2025;552;2025-08-15 10:00:00;02;CE
1;AB;2025;552;2025-09-03 10:00:00;03;CO
1;AB;2025;553;2025-09-14 08:00:00;00;FC
1;AB;2025;553;2025-09-14 10:00:00;01;EM
1;AB;2025;553;2025-09-15 10:00:00;02;CE
1;AB;2025;553;2025-10-08 10:00:00;03;CO
1;AB;2025;554;2025-10-14 08:00:00;00;FC
1;AB;2025;554;2025-10-14 10:00:00;01;EM
1;AB;2025;554;2025-10-15 10:00:00;02;CE
1;AB;2025;554;2025-10-28 10:00:00;03;CO
1;AB;2025;555;2025-11-14 08:00:00;00;FC
1;AB;2025;555;2025-11-14 10:00:00;01;EM
1;AB;2025;555;2025-11-15 10:00:00;02;CE
1;AB;2025;555;2025-11-20 10:00:00;03;CO
1;AB;2025;556;2025-12-14 08:00:00;00;FC
1;AB;2025;556;2025-12-14 10:00:00;01;EM
1;AB;2025;556;2025-12-15 10:00:00;02;CE
1;AB;2025;556;2026-01-14 10:00:00;03;CO
1;AB;2026;375;2026-01-14 08:00:00;00;FC
1;AB;2026;375;2026-01-14 10:00:00;01;EM
1;AB;2026;375;2026-01-15 10:00:00;02;CE
1;AB;2026;375;2026-02-12 10:00:00;03;CO
1;AB;2026;376;2026-02-14 08:00:00;00;FC
1;AB;2026;376;2026-02-14 10:00:00;01;EM
1;AB;2026;376;2026-02-15 10:00:00;02;CE
1;AB;2026;376;2026-03-26 10:00:00;04;DV
1;AB;2026;377;2026-03-14 08:00:00;00;FC
1;AB;2026;377;2026-03-14 10:00:00;01;EM
1;AB;2026;377;2026-03-15 10:00:00;02;CE
1;AB;2026;377;2026-03-31 10:00:00;03;CO
1;AB;2026;378;2026-04-14 08:00:00;00;FC
1;AB;2026;378;2026-04-14 10:00:00;01;EM
1;AB;2026;378;2026-04-15 10:00:00;02;CE
1;AB;2026;378;2026-05-01 10:00:00;03;CO
1;AB;2026;379;2026-05-14 08:00:00;00;FC
1;AB;2026;379;2026-05-14 10:00:00;01;EM
1;AB;2026;379;2026-05-15 10:00:00;02;CE
1;AB;2026;379;2026-06-02 10:00:00;03;CO
1;AB;2026;380;2026-06-14 08:00:00;00;FC
1;AB;2026;380;2026-06-14 10:00:00;01;EM
1;AB;2026;380;2026-06-15 10:00:00;02;CE
1;AB;2026;380;2026-06-29 10:00:00;03;CO
1;AB;2026;381;2026-07-14 08:00:00;00;FC
1;AB;2026;381;2026-07-14 10:00:00;01;EM
1;AB;2026;381;2026-07-15 10:00:00;02;CE
1;AB;2026;381;2026-07-29 10:00:00;03;CO
1;AB;2025;557;2025-07-14 08:00:00;00;FC
1;AB;2025;557;2025-07-14 10:00:00;01;EM
1;AB;2025;557;2025-07-15 10:00:00;02;CE
1;AB;2025;557;2025-07-22 10:00:00;03;CO
1;AB;2025;558;2025-08-14 08:00:00;00;FC
1;AB;2025;558;2025-08-14 10:00:00;01;EM
1;AB;2025;558;2025-08-15 10:00:00;02;CE
1;AB;2025;558;2025-08-24 10:00:00;03;CO
1;AB;2025;559;2025-09-14 08:00:00;00;FC
1;AB;2025;559;2025-09-14 10:00:00;01;EM
1;AB;2025;559;2025-09-15 10:00:00;02;CE
1;AB;2025;559;2025-10-02 10:00:00;03;CO
1;AB;2025;560;2025-10-14 08:00:00;00;FC
1;AB;2025;560;2025-10-14 10:00:00;01;EM
1;AB;2025;560;2025-10-15 10:00:00;02;CE
1;AB;2025;560;2025-11-11 10:00:00;03;CO
1;AB;2025;561;2025-11-14 08:00:00;00;FC
1;AB;2025;561;2025-11-14 10:00:00;01;EM
1;AB;2025;561;2025-11-15 10:00:00;02;CE
1;AB;2025;561;2025-12-12 10:00:00;03;CO
1;AB;2025;562;2025-12-14 08:00:00;00;FC
1;AB;2025;562;2025-12-14 10:00:00;01;EM
1;AB;2026;382;2026-01-14 08:00:00;00;FC
1;AB;2026;382;2026-01-14 10:00:00;01;EM
1;AB;2026;382;2026-01-15 10:00:00;02;CE
1;AB;2026;382;2026-02-01 10:00:00;03;CO
1;AB;2026;383;2026-02-14 08:00:00;00;FC
1;AB;2026;383;2026-02-14 10:00:00;01;EM
1;AB;2026;383;2026-02-15 10:00:00;02;CE
1;AB;2026;383;2026-02-27 10:00:00;03;CO
1;AB;2026;384;2026-03-14 08:00:00;00;FC
1;AB;2026;384;2026-03-14 10:00:00;01;EM
1;AB;2026;384;2026-03-15 10:00:00;02;CE
1;AB;2026;384;2026-03-23 10:00:00;03;CO
1;AB;2026;385;2026-04-14 08:00:00;00;FC
1;AB;2026;385;2026-04-14 10:00:00;01;EM
1;AB;2026;385;2026-04-15 10:00:00;02;CE
1;AB;2026;385;2026-04-29 10:00:00;03;CO
1;AB;2026;386;2026-05-14 08:00:00;00;FC
1;AB;2026;386;2026-05-14 10:00:00;01;EM
1;AB;2026;386;2026-05-15 10:00:00;02;CE
1;AB;2026;386;2026-06-10 10:00:00;03;CO
1;AB;2026;387;2026-06-14 08:00:00;00;FC
1;AB;2026;387;2026-06-14 10:00:00;01;EM
1;AB;2026;387;2026-06-15 10:00:00;02;CE
1;AB;2026;387;2026-06-27 10:00:00;03;CO
1;AB;2026;388;2026-07-14 08:00:00;00;FC
1;AB;2026;388;2026-07-14 10:00:00;01;EM
1;AB;2026;388;2026-07-15 10:00:00;02;CE
1;AB;2026;388;2026-08-14 10:00:00;03;CO
1;AB;2020;69;2020-08-14 08:00:00;00;FC
1;AB;2020;69;2020-08-14 10:00:00;01;EM
1;AB;2020;69;2020-08-15 10:00:00;02;CE
1;AB;2020;69;2020-09-03 10:00:00;03;CO
1;AB;2020;70;2020-09-14 08:00:00;00;FC
1;AB;2020;70;2020-09-14 10:00:00;01;EM
1;AB;2020;70;2020-09-15 10:00:00;02;CE
1;AB;2020;70;2020-09-22 10:00:00;03;CO
1;AB;2020;71;2020-10-14 08:00:00;00;FC
1;AB;2020;71;2020-10-14 10:00:00;01;EM
1;AB;2020;71;2020-10-15 10:00:00;02;CE
1;AB;2020;71;2020-11-03 10:00:00;03;CO
1;AB;2020;72;2020-11-14 08:00:00;00;FC
1;AB;2020;72;2020-11-14 10:00:00;01;EM
1;AB;2020;72;2020-11-15 10:00:00;02;CE
1;AB;2020;72;2020-12-09 10:00:00;03;CO
1;AB;2020;73;2020-12-14 08:00:00;00;FC
1;AB;2020;73;2020-12-14 10:00:00;01;EM
1;AB;2020;73;2020-12-15 10:00:00;02;CE
1;AB;2020;73;2021-01-07 10:00:00;03;CO
1;AB;2021;167;2021-01-14 08:00:00;00;FC
1;AB;2021;167;2021-01-14 10:00:00;01;EM
1;AB;2021;167;2021-01-15 10:00:00;02;CE
1;AB;2021;167;2021-02-06 10:00:00;03;CO
1;AB;2021;168;2021-02-14 08:00:00;00;FC
1;AB;2021;168;2021-02-14 10:00:00;01;EM
1;AB;2021;168;2021-02-15 10:00:00;02;CE
1;AB;2021;168;2021-02-20 10:00:00;03;CO
1;AB;2021;169;2021-03-14 08:00:00;00;FC
1;AB;2021;169;2021-03-14 10:00:00;01;EM
1;AB;2021;169;2021-03-15 10:00:00;02;CE
1;AB;2021;169;2021-04-13 10:00:00;03;CO
1;AB;2021;170;2021-04-14 08:00:00;00;FC
1;AB;2021;170;2021-04-14 10:00:00;01;EM
1;AB;2021;170;2021-04-15 10:00:00;02;CE
1;AB;2021;170;2021-05-02 10:00:00;03;CO
1;AB;2021;171;2021-05-14 08:00:00;00;FC
1;AB;2021;171;2021-05-14 10:00:00;01;EM
1;AB;2021;171;2021-05-15 10:00:00;02;CE
1;AB;2021;171;2021-06-14 10:00:00;03;CO
1;AB;2021;172;2021-06-14 08:00:00;00;FC
1;AB;2021;172;2021-06-14 10:00:00;01;EM
1;AB;2021;172;2021-06-15 10:00:00;02;CE
1;AB;2021;172;2021-06-27 10:00:00;03;CO
1;AB;2021;173;2021-07-14 08:00:00;00;FC
1;AB;2021;173;2021-07-14 10:00:00;01;EM
1;AB;2021;173;2021-07-15 10:00:00;02;CE
1;AB;2021;173;2021-07-21 10:00:00;03;CO
1;AB;2021;174;2021-08-14 08:00:00;00;FC
1;AB;2021;174;2021-08-14 10:00:00;01;EM
1;AB;2021;174;2021-08-15 10:00:00;02;CE
1;AB;2021;174;2021-08-26 10:00:00;03;CO
1;AB;2021;175;2021-09-14 08:00:00;00;FC
1;AB;2021;175;2021-09-14 10:00:00;01;EM
1;AB;2021;175;2021-09-15 10:00:00;02;CE
1;AB;2021;175;2021-10-09 10:00:00;03;CO
1;AB;2021;176;2021-10-14 08:00:00;00;FC
1;AB;2021;176;2021-10-14 10:00:00;01;EM
1;AB;2021;176;2021-10-15 10:00:00;02;CE
1;AB;2021;176;2021-11-01 10:00:00;03;CO
1;AB;2021;177;2021-11-14 08:00:00;00;FC
1;AB;2021;177;2021-11-14 10:00:00;01;EM
1;AB;2021;177;2021-11-15 10:00:00;02;CE
1;AB;2021;177;2021-12-04 10:00:00;03;CO
1;AB;2021;178;2021-12-14 08:00:00;00;FC
1;AB;2021;178;2021-12-14 10:00:00;01;EM
1;AB;2021;178;2021-12-15 10:00:00;02;CE
1;AB;2021;178;2022-01-06 10:00:00;03;CO
1;AB;2022;266;2022-01-14 08:00:00;00;FC
1;AB;2022;266;2022-01-14 10:00:00;01;EM
1;AB;2022;266;2022-01-15 10:00:00;02;CE
1;AB;2022;266;2022-02-08 10:00:00;03;CO
1;AB;2022;267;2022-02-14 08:00:00;00;FC
1;AB;2022;267;2022-02-14 10:00:00;01;EM
1;AB;2022;267;2022-02-15 10:00:00;02;CE
1;AB;2022;267;2022-03-02 10:00:00;03;CO
1;AB;2022;268;2022-03-14 08:00:00;00;FC
1;AB;2022;268;2022-03-14 10:00:00;01;EM
1;AB;2022;268;2022-03-15 10:00:00;02;CE
1;AB;2022;268;2022-03-28 10:00:00;03;CO
1;AB;2022;269;2022-04-14 08:00:00;00;FC
1;AB;2022;269;2022-04-14 10:00:00;01;EM
1;AB;2022;269;2022-04-15 10:00:00;02;CE
1;AB;2022;269;2022-05-06 10:00:00;03;CO
1;AB;2022;270;2022-05-14 08:00:00;00;FC
1;AB;2022;270;2022-05-14 10:00:00;01;EM
1;AB;2022;270;2022-05-15 10:00:00;05;CN
1;AB;2022;271;2022-06-14 08:00:00;00;FC
1;AB;2022;271;2022-06-14 10:00:00;01;EM
1;AB;2022;271;2022-06-15 10:00:00;02;CE
1;AB;2022;271;2022-07-06 10:00:00;03;CO
1;AB;2022;272;2022-07-14 08:00:00;00;FC
1;AB;2022;272;2022-07-14 10:00:00;01;EM
1;AB;2022;272;2022-07-15 10:00:00;02;CE
1;AB;2022;272;2022-08-01 10:00:00;03;CO
1;AB;2022;273;2022-08-14 08:00:00;00;FC
1;AB;2022;273;2022-08-14 10:00:00;01;EM
1;AB;2022;273;2022-08-15 10:00:00;02;CE
1;AB;2022;273;2022-09-04 10:00:00;03;CO
1;AB;2022;274;2022-09-14 08:00:00;00;FC
1;AB;2022;274;2022-09-14 10:00:00;01;EM
1;AB;2022;274;2022-09-15 10:00:00;02;CE
1;AB;2022;274;2022-10-11 10:00:00;03;CO
1;AB;2022;275;2022-10-14 08:00:00;00;FC
1;AB;2022;275;2022-10-14 10:00:00;01;EM
1;AB;2022;275;2022-10-15 10:00:00;02;CE
1;AB;2022;275;2022-10-27 10:00:00;03;CO
1;AB;2022;276;2022-11-14 08:00:00;00;FC
1;AB;2022;276;2022-11-14 10:00:00;01;EM
1;AB;2022;276;2022-11-15 10:00:00;02;CE
1;AB;2022;276;2022-12-08 10:00:00;03;CO
1;AB;2022;277;2022-12-14 08:00:00;00;FC
1;AB;2022;277;2022-12-14 10:00:00;01;EM
1;AB;2022;277;2022-12-15 10:00:00;02;CE
1;AB;2022;277;2022-12-24 10:00:00;03;CO
1;AB;2023;364;2023-01-14 08:00:00;00;FC
1;AB;2023;364;2023-01-14 10:00:00;01;EM
1;AB;2023;364;2023-01-15 10:00:00;02;CE
1;AB;2023;364;2023-02-06 10:00:00;03;CO
1;AB;2023;365;2023-02-14 08:00:00;00;FC
1;AB;2023;365;2023-02-14 10:00:00;01;EM
1;AB;2023;365;2023-02-15 10:00:00;02;CE
1;AB;2023;365;2023-03-13 10:00:00;03;CO
1;AB;2023;366;2023-03-14 08:00:00;00;FC
1;AB;2023;366;2023-03-14 10:00:00;01;EM
1;AB;2023;366;2023-03-15 10:00:00;02;CE
1;AB;2023;366;2023-04-14 10:00:00;03;CO
1;AB;2023;367;2023-04-14 08:00:00;00;FC
1;AB;2023;367;2023-04-14 10:00:00;01;EM
1;AB;2023;367;2023-04-15 10:00:00;02;CE
1;AB;2023;367;2023-04-28 10:00:00;03;CO
1;AB;2023;368;2023-05-14 08:00:00;00;FC
1;AB;2023;368;2023-05-14 10:00:00;01;EM
1;AB;2023;368;2023-05-15 10:00:00;02;CE
1;AB;2023;368;2023-06-14 10:00:00;03;CO
1;AB;2023;369;2023-06-14 08:00:00;00;FC
1;AB;2023;369;2023-06-14 10:00:00;01;EM
1;AB;2023;369;2023-06-15 10:00:00;02;CE
1;AB;2023;369;2023-06-30 10:00:00;03;CO
1;AB;2023;370;2023-07-14 08:00:00;00;FC
1;AB;2023;370;2023-07-14 10:00:00;01;EM
1;AB;2023;370;2023-07-15 10:00:00;02;CE
1;AB;2023;370;2023-07-23 10:00:00;03;CO
1;AB;2023;371;2023-08-14 08:00:00;00;FC
1;AB;2023;371;2023-08-14 10:00:00;01;EM
1;AB;2023;371;2023-08-15 10:00:00;02;CE
1;AB;2023;371;2023-08-29 10:00:00;03;CO
1;AB;2023;372;2023-09-14 08:00:00;00;FC
1;AB;2023;372;2023-09-14 10:00:00;01;EM
1;AB;2023;372;2023-09-15 10:00:00;02;CE
1;AB;2023;372;2023-09-24 10:00:00;03;CO
1;AB;2023;373;2023-10-14 08:00:00;00;FC
1;AB;2023;373;2023-10-14 10:00:00;01;EM
1;AB;2023;373;2023-10-15 10:00:00;02;CE
1;AB;2023;373;2023-11-08 10:00:00;03;CO
1;AB;2023;374;2023-11-14 08:00:00;00;FC
1;AB;2023;374;2023-11-14 10:00:00;01;EM
1;AB;2023;374;2023-11-15 10:00:00;02;CE
1;AB;2023;374;2023-12-05 10:00:00;03;CO
1;AB;2023;375;2023-12-14 08:00:00;00;FC
1;AB;2023;375;2023-12-14 10:00:00;01;EM
1;AB;2023;375;2023-12-15 10:00:00;02;CE
1;AB;2023;375;2023-12-23 10:00:00;03;CO
1;AB;2024;465;2024-01-14 08:00:00;00;FC
1;AB;2024;465;2024-01-14 10:00:00;01;EM
1;AB;2024;465;2024-01-15 10:00:00;02;CE
1;AB;2024;465;2024-01-25 10:00:00;03;CO
1;AB;2024;466;2024-02-14 08:00:00;00;FC
1;AB;2024;466;2024-02-14 10:00:00;01;EM
1;AB;2024;466;2024-02-15 10:00:00;02;CE
1;AB;2024;466;2024-02-24 10:00:00;03;CO
1;AB;2024;467;2024-03-14 08:00:00;00;FC
1;AB;2024;467;2024-03-14 10:00:00;01;EM
1;AB;2024;467;2024-03-15 10:00:00;02;CE
1;AB;2024;467;2024-04-07 10:00:00;03;CO
1;AB;2024;468;2024-04-14 08:00:00;00;FC
1;AB;2024;468;2024-04-14 10:00:00;01;EM
1;AB;2024;468;2024-04-15 10:00:00;02;CE
1;AB;2024;468;2024-04-24 10:00:00;03;CO
1;AB;2024;469;2024-05-14 08:00:00;00;FC
1;AB;2024;469;2024-05-14 10:00:00;01;EM
1;AB;2024;469;2024-05-15 10:00:00;02;CE
1;AB;2024;469;2024-06-07 10:00:00;03;CO
1;AB;2024;470;2024-06-14 08:00:00;00;FC
1;AB;2024;470;2024-06-14 10:00:00;01;EM
1;AB;2024;470;2024-06-15 10:00:00;02;CE
1;AB;2024;470;2024-07-08 10:00:00;03;CO
1;AB;2024;471;2024-07-14 08:00:00;00;FC
1;AB;2024;471;2024-07-14 10:00:00;01;EM
1;AB;2024;471;2024-07-15 10:00:00;02;CE
1;AB;2024;471;2024-08-07 10:00:00;03;CO
1;AB;2024;472;2024-08-14 08:00:00;00;FC
1;AB;2024;472;2024-08-14 10:00:00;01;EM
1;AB;2024;472;2024-08-15 10:00:00;02;CE
1;AB;2024;472;2024-09-04 10:00:00;03;CO
1;AB;2024;473;2024-09-14 08:00:00;00;FC
1;AB;2024;473;2024-09-14 10:00:00;01;EM
1;AB;2024;473;2024-09-15 10:00:00;02;CE
1;AB;2024;473;2024-09-30 10:00:00;03;CO
1;AB;2024;474;2024-10-14 08:00:00;00;FC
1;AB;2024;474;2024-10-14 10:00:00;01;EM
1;AB;2024;474;2024-10-15 10:00:00;02;CE
1;AB;2024;474;2024-11-01 10:00:00;03;CO
1;AB;2024;475;2024-11-14 08:00:00;00;FC
1;AB;2024;475;2024-11-14 10:00:00;01;EM
1;AB;2024;475;2024-11-15 10:00:00;02;CE
1;AB;2024;475;2024-12-10 10:00:00;03;CO
1;AB;2024;476;2024-12-14 08:00:00;00;FC
1;AB;2024;476;2024-12-14 10:00:00;01;EM
1;AB;2024;476;2024-12-15 10:00:00;02;CE
1;AB;2024;476;2025-01-09 10:00:00;03;CO
1;AB;2025;563;2025-01-14 08:00:00;00;FC
1;AB;2025;563;2025-01-14 10:00:00;01;EM
1;AB;2025;563;2025-01-15 10:00:00;02;CE
1;AB;2025;563;2025-01-25 10:00:00;03;CO
1;AB;2025;564;2025-02-14 08:00:00;00;FC
1;AB;2025;564;2025-02-14 10:00:00;01;EM
1;AB;2025;564;2025-02-15 10:00:00;02;CE
1;AB;2025;564;2025-03-08 10:00:00;03;CO
1;AB;2025;565;2025-03-14 08:00:00;00;FC
1;AB;2025;565;2025-03-14 10:00:00;01;EM
1;AB;2025;565;2025-03-15 10:00:00;02;CE
1;AB;2025;565;2025-04-06 10:00:00;03;CO
1;AB;2025;566;2025-04-14 08:00:00;00;FC
1;AB;2025;566;2025-04-14 10:00:00;01;EM
1;AB;2025;566;2025-04-15 10:00:00;02;CE
1;AB;2025;566;2025-05-07 10:00:00;03;CO
1;AB;2025;567;2025-05-14 08:00:00;00;FC
1;AB;2025;567;2025-05-14 10:00:00;01;EM
1;AB;2025;567;2025-05-15 10:00:00;02;CE
1;AB;2025;567;2025-06-09 10:00:00;03;CO
1;AB;2025;568;2025-06-14 08:00:00;00;FC
1;AB;2025;568;2025-06-14 10:00:00;01;EM
1;AB;2025;568;2025-06-15 10:00:00;02;CE
1;AB;2025;568;2025-06-28 10:00:00;03;CO
1;AB;2025;569;2025-07-14 08:00:00;00;FC
1;AB;2025;569;2025-07-14 10:00:00;01;EM
1;AB;2025;569;2025-07-15 10:00:00;02;CE
1;AB;2025;569;2025-08-07 10:00:00;03;CO
1;AB;2025;570;2025-08-14 08:00:00;00;FC
1;AB;2025;570;2025-08-14 10:00:00;01;EM
1;AB;2025;570;2025-08-15 10:00:00;02;CE
1;AB;2025;570;2025-08-28 10:00:00;03;CO
1;AB;2025;571;2025-09-14 08:00:00;00;FC
1;AB;2025;571;2025-09-14 10:00:00;01;EM
1;AB;2025;571;2025-09-15 10:00:00;02;CE
1;AB;2025;571;2025-10-04 10:00:00;03;CO
1;AB;2025;572;2025-10-14 08:00:00;00;FC
1;AB;2025;572;2025-10-14 10:00:00;01;EM
1;AB;2025;572;2025-10-15 10:00:00;02;CE
1;AB;2025;572;2025-10-22 10:00:00;03;CO
1;AB;2025;573;2025-11-14 08:00:00;00;FC
1;AB;2025;573;2025-11-14 10:00:00;01;EM
1;AB;2025;573;2025-11-15 10:00:00;02;CE
1;AB;2025;573;2025-12-04 10:00:00;03;CO
1;AB;2025;574;2025-12-14 08:00:00;00;FC
1;AB;2025;574;2025-12-14 10:00:00;01;EM
1;AB;2025;574;2025-12-15 10:00:00;02;CE
1;AB;2025;574;2025-12-26 10:00:00;03;CO
1;AB;2026;389;2026-01-14 08:00:00;00;FC
1;AB;2026;389;2026-01-14 10:00:00;01;EM
1;AB;2026;389;2026-01-15 10:00:00;02;CE
1;AB;2026;389;2026-01-29 10:00:00;03;CO
1;AB;2026;390;2026-02-14 08:00:00;00;FC
1;AB;2026;390;2026-02-14 10:00:00;01;EM
1;AB;2026;390;2026-02-15 10:00:00;02;CE
1;AB;2026;390;2026-03-24 10:00:00;04;DV
1;AB;2026;391;2026-03-14 08:00:00;00;FC
1;AB;2026;391;2026-03-14 10:00:00;01;EM
1;AB;2026;392;2026-04-14 08:00:00;00;FC
1;AB;2026;392;2026-04-14 10:00:00;01;EM
1;AB;2026;392;2026-04-15 10:00:00;02;CE
1;AB;2026;392;2026-04-30 10:00:00;03;CO
1;AB;2026;393;2026-05-14 08:00:00;00;FC
1;AB;2026;393;2026-05-14 10:00:00;01;EM
1;AB;2026;393;2026-05-15 10:00:00;02;CE
1;AB;2026;393;2026-06-11 10:00:00;03;CO
1;AB;2026;394;2026-06-14 08:00:00;00;FC
1;AB;2026;394;2026-06-14 10:00:00;01;EM
1;AB;2026;394;2026-06-15 10:00:00;02;CE
1;AB;2026;394;2026-07-07 10:00:00;03;CO
1;AB;2026;395;2026-07-14 08:00:00;00;FC
1;AB;2026;395;2026-07-14 10:00:00;01;EM
1;AB;2026;395;2026-07-15 10:00:00;02;CE
1;AB;2026;395;2026-07-23 10:00:00;03;CO
1;AB;2021;179;2021-09-04 08:00:00;00;FC
1;AB;2021;179;2021-09-04 10:00:00;01;EM
1;AB;2021;179;2021-09-05 10:00:00;02;CE
1;AB;2021;179;2021-09-28 10:00:00;03;CO
1;AB;2021;180;2021-10-04 08:00:00;00;FC
1;AB;2021;180;2021-10-04 10:00:00;01;EM
1;AB;2021;180;2021-10-05 10:00:00;02;CE
1;AB;2021;180;2021-10-26 10:00:00;03;CO
1;AB;2021;181;2021-11-04 08:00:00;00;FC
1;AB;2021;181;2021-11-04 10:00:00;01;EM
1;AB;2021;181;2021-11-05 10:00:00;02;CE
1;AB;2021;181;2021-11-26 10:00:00;03;CO
1;AB;2021;182;2021-12-04 08:00:00;00;FC
1;AB;2021;182;2021-12-04 10:00:00;01;EM
1;AB;2021;182;2021-12-05 10:00:00;02;CE
1;AB;2021;182;2021-12-12 10:00:00;03;CO
1;AB;2022;278;2022-01-04 08:00:00;00;FC
1;AB;2022;278;2022-01-04 10:00:00;01;EM
1;AB;2022;278;2022-01-05 10:00:00;02;CE
1;AB;2022;278;2022-01-17 10:00:00;03;CO
1;AB;2022;279;2022-02-04 08:00:00;00;FC
1;AB;2022;279;2022-02-04 10:00:00;01;EM
1;AB;2022;279;2022-02-05 10:00:00;02;CE
1;AB;2022;279;2022-02-26 10:00:00;03;CO
1;AB;2022;280;2022-03-04 08:00:00;00;FC
1;AB;2022;280;2022-03-04 10:00:00;01;EM
1;AB;2022;280;2022-03-05 10:00:00;02;CE
1;AB;2022;280;2022-03-14 10:00:00;03;CO
1;AB;2022;281;2022-04-04 08:00:00;00;FC
1;AB;2022;281;2022-04-04 10:00:00;01;EM
1;AB;2022;281;2022-04-05 10:00:00;02;CE
1;AB;2022;281;2022-04-17 10:00:00;03;CO
1;AB;2022;282;2022-05-04 08:00:00;00;FC
1;AB;2022;282;2022-05-04 10:00:00;01;EM
1;AB;2022;282;2022-05-05 10:00:00;02;CE
1;AB;2022;282;2022-05-18 10:00:00;03;CO
1;AB;2022;283;2022-06-04 08:00:00;00;FC
1;AB;2022;283;2022-06-04 10:00:00;01;EM
1;AB;2022;283;2022-06-05 10:00:00;02;CE
1;AB;2022;283;2022-06-13 10:00:00;03;CO
1;AB;2022;284;2022-07-04 08:00:00;00;FC
1;AB;2022;284;2022-07-04 10:00:00;01;EM
1;AB;2022;284;2022-07-05 10:00:00;02;CE
1;AB;2022;284;2022-07-27 10:00:00;03;CO
1;AB;2022;285;2022-08-04 08:00:00;00;FC
1;AB;2022;285;2022-08-04 10:00:00;01;EM
1;AB;2022;285;2022-08-05 10:00:00;02;CE
1;AB;2022;285;2022-08-19 10:00:00;03;CO
1;AB;2022;286;2022-09-04 08:00:00;00;FC
1;AB;2022;286;2022-09-04 10:00:00;01;EM
1;AB;2022;286;2022-09-05 10:00:00;02;CE
1;AB;2022;286;2022-09-21 10:00:00;03;CO
1;AB;2022;287;2022-10-04 08:00:00;00;FC
1;AB;2022;287;2022-10-04 10:00:00;01;EM
1;AB;2022;287;2022-10-05 10:00:00;02;CE
1;AB;2022;287;2022-10-20 10:00:00;03;CO
1;AB;2022;288;2022-11-04 08:00:00;00;FC
1;AB;2022;288;2022-11-04 10:00:00;01;EM
1;AB;2022;288;2022-11-05 10:00:00;02;CE
1;AB;2022;288;2022-11-25 10:00:00;03;CO
1;AB;2022;289;2022-12-04 08:00:00;00;FC
1;AB;2022;289;2022-12-04 10:00:00;01;EM
1;AB;2022;289;2022-12-05 10:00:00;02;CE
1;AB;2022;289;2022-12-16 10:00:00;03;CO
1;AB;2023;376;2023-01-04 08:00:00;00;FC
1;AB;2023;376;2023-01-04 10:00:00;01;EM
1;AB;2023;376;2023-01-05 10:00:00;02;CE
1;AB;2023;376;2023-01-28 10:00:00;03;CO
1;AB;2023;377;2023-02-04 08:00:00;00;FC
1;AB;2023;377;2023-02-04 10:00:00;01;EM
1;AB;2023;377;2023-02-05 10:00:00;02;CE
1;AB;2023;377;2023-02-18 10:00:00;03;CO
1;AB;2023;378;2023-03-04 08:00:00;00;FC
1;AB;2023;378;2023-03-04 10:00:00;01;EM
1;AB;2023;378;2023-03-05 10:00:00;02;CE
1;AB;2023;378;2023-03-23 10:00:00;03;CO
1;AB;2023;379;2023-04-04 08:00:00;00;FC
1;AB;2023;379;2023-04-04 10:00:00;01;EM
1;AB;2023;379;2023-04-05 10:00:00;02;CE
1;AB;2023;379;2023-04-25 10:00:00;03;CO
1;AB;2023;380;2023-05-04 08:00:00;00;FC
1;AB;2023;380;2023-05-04 10:00:00;01;EM
1;AB;2023;380;2023-05-05 10:00:00;02;CE
1;AB;2023;380;2023-05-10 10:00:00;03;CO
1;AB;2023;381;2023-06-04 08:00:00;00;FC
1;AB;2023;381;2023-06-04 10:00:00;01;EM
1;AB;2023;381;2023-06-05 10:00:00;02;CE
1;AB;2023;381;2023-06-24 10:00:00;03;CO
1;AB;2023;382;2023-07-04 08:00:00;00;FC
1;AB;2023;382;2023-07-04 10:00:00;01;EM
1;AB;2023;382;2023-07-05 10:00:00;02;CE
1;AB;2023;382;2023-07-21 10:00:00;03;CO
1;AB;2023;383;2023-08-04 08:00:00;00;FC
1;AB;2023;383;2023-08-04 10:00:00;01;EM
1;AB;2023;383;2023-08-05 10:00:00;02;CE
1;AB;2023;383;2023-08-22 10:00:00;03;CO
1;AB;2023;384;2023-09-04 08:00:00;00;FC
1;AB;2023;384;2023-09-04 10:00:00;01;EM
1;AB;2023;384;2023-09-05 10:00:00;02;CE
1;AB;2023;384;2023-09-14 10:00:00;03;CO
1;AB;2023;385;2023-10-04 08:00:00;00;FC
1;AB;2023;385;2023-10-04 10:00:00;01;EM
1;AB;2023;385;2023-10-05 10:00:00;02;CE
1;AB;2023;385;2023-10-16 10:00:00;03;CO
1;AB;2023;386;2023-11-04 08:00:00;00;FC
1;AB;2023;386;2023-11-04 10:00:00;01;EM
1;AB;2023;386;2023-11-05 10:00:00;02;CE
1;AB;2023;386;2023-11-16 10:00:00;03;CO
1;AB;2023;387;2023-12-04 08:00:00;00;FC
1;AB;2023;387;2023-12-04 10:00:00;01;EM
1;AB;2023;387;2023-12-05 10:00:00;02;CE
1;AB;2023;387;2023-12-31 10:00:00;03;CO
1;AB;2024;477;2024-01-04 08:00:00;00;FC
1;AB;2024;477;2024-01-04 10:00:00;01;EM
1;AB;2024;477;2024-01-05 10:00:00;02;CE
1;AB;2024;477;2024-01-15 10:00:00;03;CO
1;AB;2024;478;2024-02-04 08:00:00;00;FC
1;AB;2024;478;2024-02-04 10:00:00;01;EM
1;AB;2024;478;2024-02-05 10:00:00;02;CE
1;AB;2024;478;2024-02-27 10:00:00;03;CO
1;AB;2024;479;2024-03-04 08:00:00;00;FC
1;AB;2024;479;2024-03-04 10:00:00;01;EM
1;AB;2024;479;2024-03-05 10:00:00;02;CE
1;AB;2024;479;2024-03-15 10:00:00;03;CO
1;AB;2024;480;2024-04-04 08:00:00;00;FC
1;AB;2024;480;2024-04-04 10:00:00;01;EM
1;AB;2024;480;2024-04-05 10:00:00;02;CE
1;AB;2024;480;2024-04-10 10:00:00;03;CO
1;AB;2024;481;2024-05-04 08:00:00;00;FC
1;AB;2024;481;2024-05-04 10:00:00;01;EM
1;AB;2024;481;2024-05-05 10:00:00;02;CE
1;AB;2024;481;2024-05-26 10:00:00;03;CO
1;AB;2024;482;2024-06-04 08:00:00;00;FC
1;AB;2024;482;2024-06-04 10:00:00;01;EM
1;AB;2024;482;2024-06-05 10:00:00;02;CE
1;AB;2024;482;2024-06-29 10:00:00;03;CO
1;AB;2024;483;2024-07-04 08:00:00;00;FC
1;AB;2024;483;2024-07-04 10:00:00;01;EM
1;AB;2024;483;2024-07-05 10:00:00;02;CE
1;AB;2024;483;2024-07-14 10:00:00;03;CO
1;AB;2024;484;2024-08-04 08:00:00;00;FC
1;AB;2024;484;2024-08-04 10:00:00;01;EM
1;AB;2024;484;2024-08-05 10:00:00;02;CE
1;AB;2024;484;2024-08-30 10:00:00;03;CO
1;AB;2024;485;2024-09-04 08:00:00;00;FC
1;AB;2024;485;2024-09-04 10:00:00;01;EM
1;AB;2024;485;2024-09-05 10:00:00;02;CE
1;AB;2024;485;2024-09-12 10:00:00;03;CO
1;AB;2024;486;2024-10-04 08:00:00;00;FC
1;AB;2024;486;2024-10-04 10:00:00;01;EM
1;AB;2024;486;2024-10-05 10:00:00;02;CE
1;AB;2024;486;2024-10-10 10:00:00;03;CO
1;AB;2024;487;2024-11-04 08:00:00;00;FC
1;AB;2024;487;2024-11-04 10:00:00;01;EM
1;AB;2024;487;2024-11-05 10:00:00;02;CE
1;AB;2024;487;2024-11-28 10:00:00;03;CO
1;AB;2024;488;2024-12-04 08:00:00;00;FC
1;AB;2024;488;2024-12-04 10:00:00;01;EM
1;AB;2024;488;2024-12-05 10:00:00;02;CE
1;AB;2024;488;2024-12-12 10:00:00;03;CO
1;AB;2025;575;2025-01-04 08:00:00;00;FC
1;AB;2025;575;2025-01-04 10:00:00;01;EM
1;AB;2025;575;2025-01-05 10:00:00;02;CE
1;AB;2025;575;2025-01-26 10:00:00;03;CO
1;AB;2025;576;2025-02-04 08:00:00;00;FC
1;AB;2025;576;2025-02-04 10:00:00;01;EM
1;AB;2025;576;2025-02-05 10:00:00;02;CE
1;AB;2025;576;2025-03-06 10:00:00;03;CO
1;AB;2025;577;2025-03-04 08:00:00;00;FC
1;AB;2025;577;2025-03-04 10:00:00;01;EM
1;AB;2025;577;2025-03-05 10:00:00;02;CE
1;AB;2025;577;2025-04-02 10:00:00;03;CO
1;AB;2025;578;2025-04-04 08:00:00;00;FC
1;AB;2025;578;2025-04-04 10:00:00;01;EM
1;AB;2025;578;2025-04-05 10:00:00;02;CE
1;AB;2025;578;2025-05-01 10:00:00;03;CO
1;AB;2025;579;2025-05-04 08:00:00;00;FC
1;AB;2025;579;2025-05-04 10:00:00;01;EM
1;AB;2025;579;2025-05-05 10:00:00;02;CE
1;AB;2025;579;2025-05-22 10:00:00;03;CO
1;AB;2025;580;2025-06-04 08:00:00;00;FC
1;AB;2025;580;2025-06-04 10:00:00;01;EM
1;AB;2025;580;2025-06-05 10:00:00;02;CE
1;AB;2025;580;2025-06-28 10:00:00;03;CO
1;AB;2025;581;2025-07-04 08:00:00;00;FC
1;AB;2025;581;2025-07-04 10:00:00;01;EM
1;AB;2025;581;2025-07-05 10:00:00;02;CE
1;AB;2025;581;2025-07-26 10:00:00;03;CO
1;AB;2025;582;2025-08-04 08:00:00;00;FC
1;AB;2025;582;2025-08-04 10:00:00;01;EM
1;AB;2025;582;2025-08-05 10:00:00;02;CE
1;AB;2025;582;2025-08-21 10:00:00;03;CO
1;AB;2025;583;2025-09-04 08:00:00;00;FC
1;AB;2025;583;2025-09-04 10:00:00;01;EM
1;AB;2025;583;2025-09-05 10:00:00;02;CE
1;AB;2025;583;2025-09-21 10:00:00;03;CO
1;AB;2025;584;2025-10-04 08:00:00;00;FC
1;AB;2025;584;2025-10-04 10:00:00;01;EM
1;AB;2025;584;2025-10-05 10:00:00;02;CE
1;AB;2025;584;2025-10-31 10:00:00;03;CO
1;AB;2025;585;2025-11-04 08:00:00;00;FC
1;AB;2025;585;2025-11-04 10:00:00;01;EM
1;AB;2025;585;2025-11-05 10:00:00;02;CE
1;AB;2025;585;2025-11-12 10:00:00;03;CO
1;AB;2025;586;2025-12-04 08:00:00;00;FC
1;AB;2025;586;2025-12-04 10:00:00;01;EM
1;AB;2025;586;2025-12-05 10:00:00;02;CE
1;AB;2025;586;2026-01-06 10:00:00;04;DV
1;AB;2026;396;2026-01-04 08:00:00;00;FC
1;AB;2026;396;2026-01-04 10:00:00;01;EM
1;AB;2026;396;2026-01-05 10:00:00;02;CE
1;AB;2026;396;2026-01-13 10:00:00;03;CO
1;AB;2026;397;2026-02-04 08:00:00;00;FC
1;AB;2026;397;2026-02-04 10:00:00;01;EM
1;AB;2026;397;2026-02-05 10:00:00;02;CE
1;AB;2026;397;2026-03-02 10:00:00;03;CO
1;AB;2026;398;2026-03-04 08:00:00;00;FC
1;AB;2026;398;2026-03-04 10:00:00;01;EM
1;AB;2026;398;2026-03-05 10:00:00;02;CE
1;AB;2026;398;2026-04-04 10:00:00;03;CO
1;AB;2026;399;2026-04-04 08:00:00;00;FC
1;AB;2026;399;2026-04-04 10:00:00;01;EM
1;AB;2026;399;2026-04-05 10:00:00;02;CE
1;AB;2026;399;2026-04-22 10:00:00;03;CO
1;AB;2026;400;2026-05-04 08:00:00;00;FC
1;AB;2026;400;2026-05-04 10:00:00;01;EM
1;AB;2026;400;2026-05-05 10:00:00;02;CE
1;AB;2026;400;2026-05-19 10:00:00;03;CO
1;AB;2026;401;2026-06-04 08:00:00;00;FC
1;AB;2026;401;2026-06-04 10:00:00;01;EM
1;AB;2026;401;2026-06-05 10:00:00;02;CE
1;AB;2026;401;2026-06-30 10:00:00;03;CO
1;AB;2026;402;2026-07-04 08:00:00;00;FC
1;AB;2026;402;2026-07-04 10:00:00;01;EM
1;AB;2026;402;2026-07-05 10:00:00;02;CE
1;AB;2026;402;2026-07-15 10:00:00;03;CO
1;AB;2026;403;2026-08-04 08:00:00;00;FC
1;AB;2026;403;2026-08-04 10:00:00;01;EM
1;AB;2026;403;2026-08-05 10:00:00;02;CE
1;AB;2026;403;2026-08-13 10:00:00;03;CO
1;AB;2022;290;2022-09-04 08:00:00;00;FC
1;AB;2022;290;2022-09-04 10:00:00;01;EM
1;AB;2022;290;2022-09-05 10:00:00;02;CE
1;AB;2022;290;2022-09-30 10:00:00;03;CO
1;AB;2022;291;2022-10-04 08:00:00;00;FC
1;AB;2022;291;2022-10-04 10:00:00;01;EM
1;AB;2022;291;2022-10-05 10:00:00;02;CE
1;AB;2022;291;2022-10-11 10:00:00;03;CO
1;AB;2022;292;2022-11-04 08:00:00;00;FC
1;AB;2022;292;2022-11-04 10:00:00;01;EM
1;AB;2022;292;2022-11-05 10:00:00;02;CE
1;AB;2022;292;2022-11-25 10:00:00;03;CO
1;AB;2022;293;2022-12-04 08:00:00;00;FC
1;AB;2022;293;2022-12-04 10:00:00;01;EM
1;AB;2022;293;2022-12-05 10:00:00;02;CE
1;AB;2022;293;2022-12-11 10:00:00;03;CO
1;AB;2023;388;2023-01-04 08:00:00;00;FC
1;AB;2023;388;2023-01-04 10:00:00;01;EM
1;AB;2023;388;2023-01-05 10:00:00;02;CE
1;AB;2023;388;2023-01-16 10:00:00;03;CO
1;AB;2023;389;2023-02-04 08:00:00;00;FC
1;AB;2023;389;2023-02-04 10:00:00;01;EM
1;AB;2023;389;2023-02-05 10:00:00;02;CE
1;AB;2023;389;2023-02-22 10:00:00;03;CO
1;AB;2023;390;2023-03-04 08:00:00;00;FC
1;AB;2023;390;2023-03-04 10:00:00;01;EM
1;AB;2023;390;2023-03-05 10:00:00;02;CE
1;AB;2023;390;2023-03-24 10:00:00;03;CO
1;AB;2023;391;2023-04-04 08:00:00;00;FC
1;AB;2023;391;2023-04-04 10:00:00;01;EM
1;AB;2023;391;2023-04-05 10:00:00;02;CE
1;AB;2023;391;2023-05-01 10:00:00;03;CO
1;AB;2023;392;2023-05-04 08:00:00;00;FC
1;AB;2023;392;2023-05-04 10:00:00;01;EM
1;AB;2023;392;2023-05-05 10:00:00;02;CE
1;AB;2023;392;2023-05-17 10:00:00;03;CO
1;AB;2023;393;2023-06-04 08:00:00;00;FC
1;AB;2023;393;2023-06-04 10:00:00;01;EM
1;AB;2023;393;2023-06-05 10:00:00;02;CE
1;AB;2023;393;2023-06-15 10:00:00;03;CO
1;AB;2023;394;2023-07-04 08:00:00;00;FC
1;AB;2023;394;2023-07-04 10:00:00;01;EM
1;AB;2023;394;2023-07-05 10:00:00;02;CE
1;AB;2023;394;2023-07-21 10:00:00;03;CO
1;AB;2023;395;2023-08-04 08:00:00;00;FC
1;AB;2023;395;2023-08-04 10:00:00;01;EM
1;AB;2023;395;2023-08-05 10:00:00;02;CE
1;AB;2023;395;2023-08-16 10:00:00;03;CO
1;AB;2023;396;2023-09-04 08:00:00;00;FC
1;AB;2023;396;2023-09-04 10:00:00;01;EM
1;AB;2023;396;2023-09-05 10:00:00;02;CE
1;AB;2023;396;2023-09-26 10:00:00;03;CO
1;AB;2023;397;2023-10-04 08:00:00;00;FC
1;AB;2023;397;2023-10-04 10:00:00;01;EM
1;AB;2023;397;2023-10-05 10:00:00;02;CE
1;AB;2023;397;2023-10-27 10:00:00;03;CO
1;AB;2023;398;2023-11-04 08:00:00;00;FC
1;AB;2023;398;2023-11-04 10:00:00;01;EM
1;AB;2023;398;2023-11-05 10:00:00;02;CE
1;AB;2023;398;2023-12-01 10:00:00;03;CO
1;AB;2023;399;2023-12-04 08:00:00;00;FC
1;AB;2023;399;2023-12-04 10:00:00;01;EM
1;AB;2023;399;2023-12-05 10:00:00;02;CE
1;AB;2023;399;2024-01-04 10:00:00;03;CO
1;AB;2024;489;2024-01-04 08:00:00;00;FC
1;AB;2024;489;2024-01-04 10:00:00;01;EM
1;AB;2024;489;2024-01-05 10:00:00;02;CE
1;AB;2024;489;2024-01-20 10:00:00;03;CO
1;AB;2024;490;2024-02-04 08:00:00;00;FC
1;AB;2024;490;2024-02-04 10:00:00;01;EM
1;AB;2024;490;2024-02-05 10:00:00;02;CE
1;AB;2024;490;2024-02-15 10:00:00;03;CO
1;AB;2024;491;2024-03-04 08:00:00;00;FC
1;AB;2024;491;2024-03-04 10:00:00;01;EM
1;AB;2024;491;2024-03-05 10:00:00;02;CE
1;AB;2024;491;2024-03-12 10:00:00;03;CO
1;AB;2024;492;2024-04-04 08:00:00;00;FC
1;AB;2024;492;2024-04-04 10:00:00;01;EM
1;AB;2024;492;2024-04-05 10:00:00;02;CE
1;AB;2024;492;2024-04-17 10:00:00;03;CO
1;AB;2024;493;2024-05-04 08:00:00;00;FC
1;AB;2024;493;2024-05-04 10:00:00;01;EM
1;AB;2024;493;2024-05-05 10:00:00;02;CE
1;AB;2024;493;2024-05-26 10:00:00;03;CO
1;AB;2024;494;2024-06-04 08:00:00;00;FC
1;AB;2024;494;2024-06-04 10:00:00;01;EM
1;AB;2024;494;2024-06-05 10:00:00;02;CE
1;AB;2024;494;2024-07-04 10:00:00;03;CO
1;AB;2024;495;2024-07-04 08:00:00;00;FC
1;AB;2024;495;2024-07-04 10:00:00;01;EM
1;AB;2024;495;2024-07-05 10:00:00;02;CE
1;AB;2024;495;2024-07-26 10:00:00;03;CO
1;AB;2024;496;2024-08-04 08:00:00;00;FC
1;AB;2024;496;2024-08-04 10:00:00;01;EM
1;AB;2024;496;2024-08-05 10:00:00;02;CE
1;AB;2024;496;2024-08-21 10:00:00;03;CO
1;AB;2024;497;2024-09-04 08:00:00;00;FC
1;AB;2024;497;2024-09-04 10:00:00;01;EM
1;AB;2024;497;2024-09-05 10:00:00;02;CE
1;AB;2024;497;2024-09-16 10:00:00;03;CO
1;AB;2024;498;2024-10-04 08:00:00;00;FC
1;AB;2024;498;2024-10-04 10:00:00;01;EM
1;AB;2024;498;2024-10-05 10:00:00;02;CE
1;AB;2024;498;2024-11-04 10:00:00;03;CO
1;AB;2024;499;2024-11-04 08:00:00;00;FC
1;AB;2024;499;2024-11-04 10:00:00;01;EM
1;AB;2024;499;2024-11-05 10:00:00;02;CE
1;AB;2024;499;2024-11-13 10:00:00;03;CO
1;AB;2024;500;2024-12-04 08:00:00;00;FC
1;AB;2024;500;2024-12-04 10:00:00;01;EM
1;AB;2024;500;2024-12-05 10:00:00;02;CE
1;AB;2024;500;2024-12-18 10:00:00;03;CO
1;AB;2025;587;2025-01-04 08:00:00;00;FC
1;AB;2025;587;2025-01-04 10:00:00;01;EM
1;AB;2025;587;2025-01-05 10:00:00;05;CN
1;AB;2025;588;2025-02-04 08:00:00;00;FC
1;AB;2025;588;2025-02-04 10:00:00;01;EM
1;AB;2025;588;2025-02-05 10:00:00;02;CE
1;AB;2025;588;2025-02-25 10:00:00;03;CO
1;AB;2025;589;2025-03-04 08:00:00;00;FC
1;AB;2025;589;2025-03-04 10:00:00;01;EM
1;AB;2025;589;2025-03-05 10:00:00;02;CE
1;AB;2025;589;2025-03-28 10:00:00;03;CO
1;AB;2025;590;2025-04-04 08:00:00;00;FC
1;AB;2025;590;2025-04-04 10:00:00;01;EM
1;AB;2025;590;2025-04-05 10:00:00;02;CE
1;AB;2025;590;2025-04-15 10:00:00;03;CO
1;AB;2025;591;2025-05-04 08:00:00;00;FC
1;AB;2025;591;2025-05-04 10:00:00;01;EM
1;AB;2025;591;2025-05-05 10:00:00;02;CE
1;AB;2025;591;2025-05-29 10:00:00;03;CO
1;AB;2025;592;2025-06-04 08:00:00;00;FC
1;AB;2025;592;2025-06-04 10:00:00;01;EM
1;AB;2025;592;2025-06-05 10:00:00;02;CE
1;AB;2025;592;2025-06-26 10:00:00;03;CO
1;AB;2025;593;2025-07-04 08:00:00;00;FC
1;AB;2025;593;2025-07-04 10:00:00;01;EM
1;AB;2025;593;2025-07-05 10:00:00;02;CE
1;AB;2025;593;2025-07-23 10:00:00;03;CO
1;AB;2025;594;2025-08-04 08:00:00;00;FC
1;AB;2025;594;2025-08-04 10:00:00;01;EM
1;AB;2025;595;2025-09-04 08:00:00;00;FC
1;AB;2025;595;2025-09-04 10:00:00;01;EM
1;AB;2025;595;2025-09-05 10:00:00;02;CE
1;AB;2025;595;2025-09-27 10:00:00;03;CO
1;AB;2025;596;2025-10-04 08:00:00;00;FC
1;AB;2025;596;2025-10-04 10:00:00;01;EM
1;AB;2025;596;2025-10-05 10:00:00;02;CE
1;AB;2025;596;2025-10-28 10:00:00;03;CO
1;AB;2025;597;2025-11-04 08:00:00;00;FC
1;AB;2025;597;2025-11-04 10:00:00;01;EM
1;AB;2025;597;2025-11-05 10:00:00;02;CE
1;AB;2025;597;2025-11-19 10:00:00;03;CO
1;AB;2025;598;2025-12-04 08:00:00;00;FC
1;AB;2025;598;2025-12-04 10:00:00;01;EM
1;AB;2026;404;2026-01-04 08:00:00;00;FC
1;AB;2026;404;2026-01-04 10:00:00;01;EM
1;AB;2026;404;2026-01-05 10:00:00;02;CE
1;AB;2026;404;2026-01-19 10:00:00;03;CO
1;AB;2026;405;2026-02-04 08:00:00;00;FC
1;AB;2026;405;2026-02-04 10:00:00;01;EM
1;AB;2026;405;2026-02-05 10:00:00;02;CE
1;AB;2026;405;2026-02-26 10:00:00;03;CO
1;AB;2026;406;2026-03-04 08:00:00;00;FC
1;AB;2026;406;2026-03-04 10:00:00;01;EM
1;AB;2026;406;2026-03-05 10:00:00;02;CE
1;AB;2026;406;2026-03-31 10:00:00;03;CO
1;AB;2026;407;2026-04-04 08:00:00;00;FC
1;AB;2026;407;2026-04-04 10:00:00;01;EM
1;AB;2026;407;2026-04-05 10:00:00;02;CE
1;AB;2026;407;2026-04-18 10:00:00;03;CO
1;AB;2026;408;2026-05-04 08:00:00;00;FC
1;AB;2026;408;2026-05-04 10:00:00;01;EM
1;AB;2026;408;2026-05-05 10:00:00;02;CE
1;AB;2026;408;2026-05-30 10:00:00;03;CO
1;AB;2026;409;2026-06-04 08:00:00;00;FC
1;AB;2026;409;2026-06-04 10:00:00;01;EM
1;AB;2026;409;2026-06-05 10:00:00;02;CE
1;AB;2026;409;2026-06-12 10:00:00;03;CO
1;AB;2026;410;2026-07-04 08:00:00;00;FC
1;AB;2026;410;2026-07-04 10:00:00;01;EM
1;AB;2026;410;2026-07-05 10:00:00;02;CE
1;AB;2026;410;2026-07-31 10:00:00;03;CO
1;AB;2026;411;2026-08-04 08:00:00;00;FC
1;AB;2026;411;2026-08-04 10:00:00;01;EM
1;AB;2026;411;2026-08-05 10:00:00;02;CE
1;AB;2026;411;2026-09-02 10:00:00;03;CO
1;AB;2023;400;2023-11-04 08:00:00;00;FC
1;AB;2023;400;2023-11-04 10:00:00;01;EM
1;AB;2023;400;2023-11-05 10:00:00;02;CE
1;AB;2023;400;2023-11-29 10:00:00;03;CO
1;AB;2023;401;2023-12-04 08:00:00;00;FC
1;AB;2023;401;2023-12-04 10:00:00;01;EM
1;AB;2023;401;2023-12-05 10:00:00;02;CE
1;AB;2023;401;2023-12-15 10:00:00;03;CO
1;AB;2024;501;2024-01-04 08:00:00;00;FC
1;AB;2024;501;2024-01-04 10:00:00;01;EM
1;AB;2024;501;2024-01-05 10:00:00;02;CE
1;AB;2024;501;2024-01-18 10:00:00;03;CO
1;AB;2024;502;2024-02-04 08:00:00;00;FC
1;AB;2024;502;2024-02-04 10:00:00;01;EM
1;AB;2024;502;2024-02-05 10:00:00;02;CE
1;AB;2024;502;2024-02-18 10:00:00;03;CO
1;AB;2024;503;2024-03-04 08:00:00;00;FC
1;AB;2024;503;2024-03-04 10:00:00;01;EM
1;AB;2024;503;2024-03-05 10:00:00;02;CE
1;AB;2024;503;2024-03-26 10:00:00;03;CO
1;AB;2024;504;2024-04-04 08:00:00;00;FC
1;AB;2024;504;2024-04-04 10:00:00;01;EM
1;AB;2024;504;2024-04-05 10:00:00;02;CE
1;AB;2024;504;2024-04-13 10:00:00;03;CO
1;AB;2024;505;2024-05-04 08:00:00;00;FC
1;AB;2024;505;2024-05-04 10:00:00;01;EM
1;AB;2024;505;2024-05-05 10:00:00;02;CE
1;AB;2024;505;2024-05-19 10:00:00;03;CO
1;AB;2024;506;2024-06-04 08:00:00;00;FC
1;AB;2024;506;2024-06-04 10:00:00;01;EM
1;AB;2024;506;2024-06-05 10:00:00;02;CE
1;AB;2024;506;2024-07-03 10:00:00;03;CO
1;AB;2024;507;2024-07-04 08:00:00;00;FC
1;AB;2024;507;2024-07-04 10:00:00;01;EM
1;AB;2024;507;2024-07-05 10:00:00;02;CE
1;AB;2024;507;2024-07-18 10:00:00;03;CO
1;AB;2024;508;2024-08-04 08:00:00;00;FC
1;AB;2024;508;2024-08-04 10:00:00;01;EM
1;AB;2024;508;2024-08-05 10:00:00;02;CE
1;AB;2024;508;2024-09-01 10:00:00;03;CO
1;AB;2024;509;2024-09-04 08:00:00;00;FC
1;AB;2024;509;2024-09-04 10:00:00;01;EM
1;AB;2024;509;2024-09-05 10:00:00;02;CE
1;AB;2024;509;2024-09-11 10:00:00;03;CO
1;AB;2024;510;2024-10-04 08:00:00;00;FC
1;AB;2024;510;2024-10-04 10:00:00;01;EM
1;AB;2024;510;2024-10-05 10:00:00;02;CE
1;AB;2024;510;2024-11-03 10:00:00;03;CO
1;AB;2024;511;2024-11-04 08:00:00;00;FC
1;AB;2024;511;2024-11-04 10:00:00;01;EM
1;AB;2024;511;2024-11-05 10:00:00;02;CE
1;AB;2024;511;2024-11-26 10:00:00;03;CO
1;AB;2024;512;2024-12-04 08:00:00;00;FC
1;AB;2024;512;2024-12-04 10:00:00;01;EM
1;AB;2024;512;2024-12-05 10:00:00;02;CE
1;AB;2024;512;2025-01-04 10:00:00;03;CO
1;AB;2025;599;2025-01-04 08:00:00;00;FC
1;AB;2025;599;2025-01-04 10:00:00;01;EM
1;AB;2025;599;2025-01-05 10:00:00;02;CE
1;AB;2025;599;2025-02-01 10:00:00;03;CO
1;AB;2025;600;2025-02-04 08:00:00;00;FC
1;AB;2025;600;2025-02-04 10:00:00;01;EM
1;AB;2025;600;2025-02-05 10:00:00;02;CE
1;AB;2025;600;2025-02-28 10:00:00;03;CO
1;AB;2025;601;2025-03-04 08:00:00;00;FC
1;AB;2025;601;2025-03-04 10:00:00;01;EM
1;AB;2025;601;2025-03-05 10:00:00;02;CE
1;AB;2025;601;2025-03-13 10:00:00;03;CO
1;AB;2025;602;2025-04-04 08:00:00;00;FC
1;AB;2025;602;2025-04-04 10:00:00;01;EM
1;AB;2025;602;2025-04-05 10:00:00;02;CE
1;AB;2025;602;2025-04-21 10:00:00;03;CO
1;AB;2025;603;2025-05-04 08:00:00;00;FC
1;AB;2025;603;2025-05-04 10:00:00;01;EM
1;AB;2025;603;2025-05-05 10:00:00;02;CE
1;AB;2025;603;2025-05-28 10:00:00;03;CO
1;AB;2025;604;2025-06-04 08:00:00;00;FC
1;AB;2025;604;2025-06-04 10:00:00;01;EM
1;AB;2025;604;2025-06-05 10:00:00;02;CE
1;AB;2025;604;2025-06-16 10:00:00;03;CO
1;AB;2025;605;2025-07-04 08:00:00;00;FC
1;AB;2025;605;2025-07-04 10:00:00;01;EM
1;AB;2025;605;2025-07-05 10:00:00;02;CE
1;AB;2025;605;2025-07-10 10:00:00;03;CO
1;AB;2025;606;2025-08-04 08:00:00;00;FC
1;AB;2025;606;2025-08-04 10:00:00;01;EM
1;AB;2025;607;2025-09-04 08:00:00;00;FC
1;AB;2025;607;2025-09-04 10:00:00;01;EM
1;AB;2025;607;2025-09-05 10:00:00;02;CE
1;AB;2025;607;2025-09-15 10:00:00;03;CO
1;AB;2025;608;2025-10-04 08:00:00;00;FC
1;AB;2025;608;2025-10-04 10:00:00;01;EM
1;AB;2025;608;2025-10-05 10:00:00;02;CE
1;AB;2025;608;2025-11-09 10:00:00;04;DV
1;AB;2025;609;2025-11-04 08:00:00;00;FC
1;AB;2025;609;2025-11-04 10:00:00;01;EM
1;AB;2025;609;2025-11-05 10:00:00;02;CE
1;AB;2025;609;2025-11-20 10:00:00;04;DV
1;AB;2025;609;2025-11-28 10:00:00;24;RC
1;AB;2025;610;2025-12-04 08:00:00;00;FC
1;AB;2025;610;2025-12-04 10:00:00;01;EM
1;AB;2025;610;2025-12-05 10:00:00;02;CE
1;AB;2025;610;2025-12-25 10:00:00;03;CO
1;AB;2026;412;2026-01-04 08:00:00;00;FC
1;AB;2026;412;2026-01-04 10:00:00;01;EM
1;AB;2026;412;2026-01-05 10:00:00;02;CE
1;AB;2026;412;2026-02-02 10:00:00;03;CO
1;AB;2026;413;2026-02-04 08:00:00;00;FC
1;AB;2026;413;2026-02-04 10:00:00;01;EM
1;AB;2026;413;2026-02-05 10:00:00;02;CE
1;AB;2026;413;2026-02-10 10:00:00;03;CO
1;AB;2026;414;2026-03-04 08:00:00;00;FC
1;AB;2026;414;2026-03-04 10:00:00;01;EM
1;AB;2026;414;2026-03-05 10:00:00;02;CE
1;AB;2026;414;2026-04-03 10:00:00;03;CO
1;AB;2026;415;2026-04-04 08:00:00;00;FC
1;AB;2026;415;2026-04-04 10:00:00;01;EM
1;AB;2026;415;2026-04-05 10:00:00;02;CE
1;AB;2026;415;2026-05-13 10:00:00;04;DV
1;AB;2026;416;2026-05-04 08:00:00;00;FC
1;AB;2026;416;2026-05-04 10:00:00;01;EM
1;AB;2026;416;2026-05-05 10:00:00;02;CE
1;AB;2026;416;2026-05-16 10:00:00;03;CO
1;AB;2026;417;2026-06-04 08:00:00;00;FC
1;AB;2026;417;2026-06-04 10:00:00;01;EM
1;AB;2026;417;2026-06-05 10:00:00;02;CE
1;AB;2026;417;2026-06-28 10:00:00;03;CO
1;AB;2026;418;2026-07-04 08:00:00;00;FC
1;AB;2026;418;2026-07-04 10:00:00;01;EM
1;AB;2026;418;2026-07-05 10:00:00;02;CE
1;AB;2026;418;2026-07-26 10:00:00;04;DV
1;AB;2026;419;2026-08-04 08:00:00;00;FC
1;AB;2026;419;2026-08-04 10:00:00;01;EM
1;AB;2026;419;2026-08-05 10:00:00;02;CE
1;AB;2026;419;2026-08-27 10:00:00;03;CO
1;AB;2024;513;2024-12-04 08:00:00;00;FC
1;AB;2024;513;2024-12-04 10:00:00;01;EM
1;AB;2024;513;2024-12-05 10:00:00;02;CE
1;AB;2024;513;2024-12-27 10:00:00;03;CO
1;AB;2025;611;2025-01-04 08:00:00;00;FC
1;AB;2025;611;2025-01-04 10:00:00;01;EM
1;AB;2025;611;2025-01-05 10:00:00;02;CE
1;AB;2025;611;2025-01-15 10:00:00;03;CO
1;AB;2025;612;2025-02-04 08:00:00;00;FC
1;AB;2025;612;2025-02-04 10:00:00;01;EM
1;AB;2025;612;2025-02-05 10:00:00;02;CE
1;AB;2025;612;2025-02-25 10:00:00;03;CO
1;AB;2025;613;2025-03-04 08:00:00;00;FC
1;AB;2025;613;2025-03-04 10:00:00;01;EM
1;AB;2025;613;2025-03-05 10:00:00;02;CE
1;AB;2025;613;2025-03-11 10:00:00;03;CO
1;AB;2025;614;2025-04-04 08:00:00;00;FC
1;AB;2025;614;2025-04-04 10:00:00;01;EM
1;AB;2025;614;2025-04-05 10:00:00;02;CE
1;AB;2025;614;2025-04-15 10:00:00;03;CO
1;AB;2025;615;2025-05-04 08:00:00;00;FC
1;AB;2025;615;2025-05-04 10:00:00;01;EM
1;AB;2025;615;2025-05-05 10:00:00;02;CE
1;AB;2025;615;2025-05-26 10:00:00;03;CO
1;AB;2025;616;2025-06-04 08:00:00;00;FC
1;AB;2025;616;2025-06-04 10:00:00;01;EM
1;AB;2025;616;2025-06-05 10:00:00;02;CE
1;AB;2025;616;2025-07-03 10:00:00;03;CO
1;AB;2025;617;2025-07-04 08:00:00;00;FC
1;AB;2025;617;2025-07-04 10:00:00;01;EM
1;AB;2025;617;2025-07-05 10:00:00;02;CE
1;AB;2025;617;2025-07-30 10:00:00;03;CO
1;AB;2025;618;2025-08-04 08:00:00;00;FC
1;AB;2025;618;2025-08-04 10:00:00;01;EM
1;AB;2025;618;2025-08-05 10:00:00;02;CE
1;AB;2025;618;2025-08-21 10:00:00;03;CO
1;AB;2025;619;2025-09-04 08:00:00;00;FC
1;AB;2025;619;2025-09-04 10:00:00;01;EM
1;AB;2025;619;2025-09-05 10:00:00;02;CE
1;AB;2025;619;2025-09-17 10:00:00;03;CO
1;AB;2025;620;2025-10-04 08:00:00;00;FC
1;AB;2025;620;2025-10-04 10:00:00;01;EM
1;AB;2025;621;2025-11-04 08:00:00;00;FC
1;AB;2025;621;2025-11-04 10:00:00;01;EM
1;AB;2025;621;2025-11-05 10:00:00;02;CE
1;AB;2025;621;2025-12-03 10:00:00;03;CO
1;AB;2025;622;2025-12-04 08:00:00;00;FC
1;AB;2025;622;2025-12-04 10:00:00;01;EM
1;AB;2025;622;2025-12-05 10:00:00;02;CE
1;AB;2025;622;2025-12-21 10:00:00;03;CO
1;AB;2026;420;2026-01-04 08:00:00;00;FC
1;AB;2026;420;2026-01-04 10:00:00;01;EM
1;AB;2026;420;2026-01-05 10:00:00;02;CE
1;AB;2026;420;2026-02-04 10:00:00;03;CO
1;AB;2026;421;2026-02-04 08:00:00;00;FC
1;AB;2026;421;2026-02-04 10:00:00;01;EM
1;AB;2026;421;2026-02-05 10:00:00;02;CE
1;AB;2026;421;2026-02-23 10:00:00;03;CO
1;AB;2026;422;2026-03-04 08:00:00;00;FC
1;AB;2026;422;2026-03-04 10:00:00;01;EM
1;AB;2026;422;2026-03-05 10:00:00;02;CE
1;AB;2026;422;2026-03-26 10:00:00;03;CO
1;AB;2026;423;2026-04-04 08:00:00;00;FC
1;AB;2026;423;2026-04-04 10:00:00;01;EM
1;AB;2026;423;2026-04-05 10:00:00;02;CE
1;AB;2026;423;2026-04-30 10:00:00;03;CO
1;AB;2026;424;2026-05-04 08:00:00;00;FC
1;AB;2026;424;2026-05-04 10:00:00;01;EM
1;AB;2026;424;2026-05-05 10:00:00;02;CE
1;AB;2026;424;2026-05-11 10:00:00;03;CO
1;AB;2026;425;2026-06-04 08:00:00;00;FC
1;AB;2026;425;2026-06-04 10:00:00;01;EM
1;AB;2026;425;2026-06-05 10:00:00;02;CE
1;AB;2026;425;2026-07-05 10:00:00;03;CO
1;AB;2026;426;2026-07-04 08:00:00;00;FC
1;AB;2026;426;2026-07-04 10:00:00;01;EM
1;AB;2026;427;2026-08-04 08:00:00;00;FC
1;AB;2026;427;2026-08-04 10:00:00;01;EM
1;AB;2026;427;2026-08-05 10:00:00;02;CE
1;AB;2026;427;2026-08-31 10:00:00;03;CO
1;AB;2025;623;2025-12-14 08:00:00;00;FC
1;AB;2025;623;2025-12-14 10:00:00;01;EM
1;AB;2025;623;2025-12-15 10:00:00;02;CE
1;AB;2025;623;2026-01-14 10:00:00;03;CO
1;AB;2026;428;2026-01-14 08:00:00;00;FC
1;AB;2026;428;2026-01-14 10:00:00;01;EM
1;AB;2026;428;2026-01-15 10:00:00;02;CE
1;AB;2026;428;2026-01-29 10:00:00;03;CO
1;AB;2026;429;2026-02-14 08:00:00;00;FC
1;AB;2026;429;2026-02-14 10:00:00;01;EM
1;AB;2026;430;2026-03-14 08:00:00;00;FC
1;AB;2026;430;2026-03-14 10:00:00;01;EM
1;AB;2026;430;2026-03-15 10:00:00;02;CE
1;AB;2026;430;2026-04-06 10:00:00;03;CO
1;AB;2026;431;2026-04-14 08:00:00;00;FC
1;AB;2026;431;2026-04-14 10:00:00;01;EM
1;AB;2026;431;2026-04-15 10:00:00;02;CE
1;AB;2026;431;2026-05-07 10:00:00;03;CO
1;AB;2026;432;2026-05-14 08:00:00;00;FC
1;AB;2026;432;2026-05-14 10:00:00;01;EM
1;AB;2026;432;2026-05-15 10:00:00;02;CE
1;AB;2026;432;2026-06-02 10:00:00;03;CO
1;AB;2026;433;2026-06-14 08:00:00;00;FC
1;AB;2026;433;2026-06-14 10:00:00;01;EM
1;AB;2026;433;2026-06-15 10:00:00;02;CE
1;AB;2026;433;2026-06-30 10:00:00;04;DV
1;AB;2026;433;2026-07-15 10:00:00;24;RC
1;AB;2026;434;2026-07-14 08:00:00;00;FC
1;AB;2026;434;2026-07-14 10:00:00;01;EM
1;AB;2026;434;2026-07-15 10:00:00;02;CE
1;AB;2026;434;2026-08-04 10:00:00;03;CO
1;AB;2020;74;2020-01-14 08:00:00;00;FC
1;AB;2020;74;2020-01-14 10:00:00;01;EM
1;AB;2020;74;2020-01-15 10:00:00;02;CE
1;AB;2020;74;2020-02-10 10:00:00;03;CO
1;AB;2020;75;2020-02-14 08:00:00;00;FC
1;AB;2020;75;2020-02-14 10:00:00;01;EM
1;AB;2020;75;2020-02-15 10:00:00;02;CE
1;AB;2020;75;2020-03-15 10:00:00;03;CO
1;AB;2020;76;2020-03-14 08:00:00;00;FC
1;AB;2020;76;2020-03-14 10:00:00;01;EM
1;AB;2020;76;2020-03-15 10:00:00;02;CE
1;AB;2020;76;2020-04-13 10:00:00;03;CO
1;AB;2020;77;2020-04-14 08:00:00;00;FC
1;AB;2020;77;2020-04-14 10:00:00;01;EM
1;AB;2020;77;2020-04-15 10:00:00;02;CE
1;AB;2020;77;2020-05-14 10:00:00;03;CO
1;AB;2020;78;2020-05-14 08:00:00;00;FC
1;AB;2020;78;2020-05-14 10:00:00;01;EM
1;AB;2020;78;2020-05-15 10:00:00;02;CE
1;AB;2020;78;2020-05-26 10:00:00;03;CO
1;AB;2020;79;2020-06-14 08:00:00;00;FC
1;AB;2020;79;2020-06-14 10:00:00;01;EM
1;AB;2020;79;2020-06-15 10:00:00;02;CE
1;AB;2020;79;2020-06-27 10:00:00;03;CO
1;AB;2020;80;2020-07-14 08:00:00;00;FC
1;AB;2020;80;2020-07-14 10:00:00;01;EM
1;AB;2020;80;2020-07-15 10:00:00;02;CE
1;AB;2020;80;2020-08-05 10:00:00;03;CO
1;AB;2020;81;2020-08-14 08:00:00;00;FC
1;AB;2020;81;2020-08-14 10:00:00;01;EM
1;AB;2020;81;2020-08-15 10:00:00;02;CE
1;AB;2020;81;2020-09-05 10:00:00;03;CO
1;AB;2020;82;2020-09-14 08:00:00;00;FC
1;AB;2020;82;2020-09-14 10:00:00;01;EM
1;AB;2020;82;2020-09-15 10:00:00;02;CE
1;AB;2020;82;2020-09-25 10:00:00;03;CO
1;AB;2020;83;2020-10-14 08:00:00;00;FC
1;AB;2020;83;2020-10-14 10:00:00;01;EM
1;AB;2020;83;2020-10-15 10:00:00;02;CE
1;AB;2020;83;2020-10-30 10:00:00;03;CO
1;AB;2020;84;2020-11-14 08:00:00;00;FC
1;AB;2020;84;2020-11-14 10:00:00;01;EM
1;AB;2020;84;2020-11-15 10:00:00;02;CE
1;AB;2020;84;2020-12-14 10:00:00;03;CO
1;AB;2020;85;2020-12-14 08:00:00;00;FC
1;AB;2020;85;2020-12-14 10:00:00;01;EM
1;AB;2020;85;2020-12-15 10:00:00;02;CE
1;AB;2020;85;2020-12-21 10:00:00;03;CO
1;AB;2021;183;2021-01-14 08:00:00;00;FC
1;AB;2021;183;2021-01-14 10:00:00;01;EM
1;AB;2021;183;2021-01-15 10:00:00;02;CE
1;AB;2021;183;2021-01-30 10:00:00;03;CO
1;AB;2021;184;2021-02-14 08:00:00;00;FC
1;AB;2021;184;2021-02-14 10:00:00;01;EM
1;AB;2021;184;2021-02-15 10:00:00;02;CE
1;AB;2021;184;2021-03-15 10:00:00;03;CO
1;AB;2021;185;2021-03-14 08:00:00;00;FC
1;AB;2021;185;2021-03-14 10:00:00;01;EM
1;AB;2021;185;2021-03-15 10:00:00;02;CE
1;AB;2021;185;2021-04-01 10:00:00;03;CO
1;AB;2021;186;2021-04-14 08:00:00;00;FC
1;AB;2021;186;2021-04-14 10:00:00;01;EM
1;AB;2021;186;2021-04-15 10:00:00;02;CE
1;AB;2021;186;2021-05-09 10:00:00;03;CO
1;AB;2021;187;2021-05-14 08:00:00;00;FC
1;AB;2021;187;2021-05-14 10:00:00;01;EM
1;AB;2021;187;2021-05-15 10:00:00;02;CE
1;AB;2021;187;2021-05-20 10:00:00;03;CO
1;AB;2021;188;2021-06-14 08:00:00;00;FC
1;AB;2021;188;2021-06-14 10:00:00;01;EM
1;AB;2021;188;2021-06-15 10:00:00;02;CE
1;AB;2021;188;2021-07-05 10:00:00;03;CO
1;AB;2021;189;2021-07-14 08:00:00;00;FC
1;AB;2021;189;2021-07-14 10:00:00;01;EM
1;AB;2021;189;2021-07-15 10:00:00;02;CE
1;AB;2021;189;2021-07-27 10:00:00;03;CO
1;AB;2021;190;2021-08-14 08:00:00;00;FC
1;AB;2021;190;2021-08-14 10:00:00;01;EM
1;AB;2021;190;2021-08-15 10:00:00;02;CE
1;AB;2021;190;2021-08-21 10:00:00;03;CO
1;AB;2021;191;2021-09-14 08:00:00;00;FC
1;AB;2021;191;2021-09-14 10:00:00;01;EM
1;AB;2021;191;2021-09-15 10:00:00;02;CE
1;AB;2021;191;2021-09-29 10:00:00;03;CO
1;AB;2021;192;2021-10-14 08:00:00;00;FC
1;AB;2021;192;2021-10-14 10:00:00;01;EM
1;AB;2021;192;2021-10-15 10:00:00;02;CE
1;AB;2021;192;2021-11-12 10:00:00;03;CO
1;AB;2021;193;2021-11-14 08:00:00;00;FC
1;AB;2021;193;2021-11-14 10:00:00;01;EM
1;AB;2021;193;2021-11-15 10:00:00;02;CE
1;AB;2021;193;2021-11-22 10:00:00;03;CO
1;AB;2021;194;2021-12-14 08:00:00;00;FC
1;AB;2021;194;2021-12-14 10:00:00;01;EM
1;AB;2021;194;2021-12-15 10:00:00;02;CE
1;AB;2021;194;2022-01-01 10:00:00;03;CO
1;AB;2022;294;2022-01-14 08:00:00;00;FC
1;AB;2022;294;2022-01-14 10:00:00;01;EM
1;AB;2022;294;2022-01-15 10:00:00;02;CE
1;AB;2022;294;2022-02-13 10:00:00;03;CO
1;AB;2022;295;2022-02-14 08:00:00;00;FC
1;AB;2022;295;2022-02-14 10:00:00;01;EM
1;AB;2022;295;2022-02-15 10:00:00;02;CE
1;AB;2022;295;2022-03-10 10:00:00;03;CO
1;AB;2022;296;2022-03-14 08:00:00;00;FC
1;AB;2022;296;2022-03-14 10:00:00;01;EM
1;AB;2022;296;2022-03-15 10:00:00;02;CE
1;AB;2022;296;2022-04-08 10:00:00;03;CO
1;AB;2022;297;2022-04-14 08:00:00;00;FC
1;AB;2022;297;2022-04-14 10:00:00;01;EM
1;AB;2022;297;2022-04-15 10:00:00;02;CE
1;AB;2022;297;2022-04-29 10:00:00;03;CO
1;AB;2022;298;2022-05-14 08:00:00;00;FC
1;AB;2022;298;2022-05-14 10:00:00;01;EM
1;AB;2022;298;2022-05-15 10:00:00;02;CE
1;AB;2022;298;2022-05-27 10:00:00;03;CO
1;AB;2022;299;2022-06-14 08:00:00;00;FC
1;AB;2022;299;2022-06-14 10:00:00;01;EM
1;AB;2022;299;2022-06-15 10:00:00;02;CE
1;AB;2022;299;2022-07-06 10:00:00;03;CO
1;AB;2022;300;2022-07-14 08:00:00;00;FC
1;AB;2022;300;2022-07-14 10:00:00;01;EM
1;AB;2022;300;2022-07-15 10:00:00;02;CE
1;AB;2022;300;2022-07-24 10:00:00;03;CO
1;AB;2022;301;2022-08-14 08:00:00;00;FC
1;AB;2022;301;2022-08-14 10:00:00;01;EM
1;AB;2022;301;2022-08-15 10:00:00;02;CE
1;AB;2022;301;2022-08-22 10:00:00;03;CO
1;AB;2022;302;2022-09-14 08:00:00;00;FC
1;AB;2022;302;2022-09-14 10:00:00;01;EM
1;AB;2022;302;2022-09-15 10:00:00;02;CE
1;AB;2022;302;2022-09-23 10:00:00;03;CO
1;AB;2022;303;2022-10-14 08:00:00;00;FC
1;AB;2022;303;2022-10-14 10:00:00;01;EM
1;AB;2022;303;2022-10-15 10:00:00;02;CE
1;AB;2022;303;2022-11-14 10:00:00;03;CO
1;AB;2022;304;2022-11-14 08:00:00;00;FC
1;AB;2022;304;2022-11-14 10:00:00;01;EM
1;AB;2022;304;2022-11-15 10:00:00;02;CE
1;AB;2022;304;2022-11-23 10:00:00;03;CO
1;AB;2022;305;2022-12-14 08:00:00;00;FC
1;AB;2022;305;2022-12-14 10:00:00;01;EM
1;AB;2022;305;2022-12-15 10:00:00;02;CE
1;AB;2022;305;2022-12-24 10:00:00;03;CO
1;AB;2023;402;2023-01-14 08:00:00;00;FC
1;AB;2023;402;2023-01-14 10:00:00;01;EM
1;AB;2023;402;2023-01-15 10:00:00;02;CE
1;AB;2023;402;2023-01-24 10:00:00;03;CO
1;AB;2023;403;2023-02-14 08:00:00;00;FC
1;AB;2023;403;2023-02-14 10:00:00;01;EM
1;AB;2023;403;2023-02-15 10:00:00;02;CE
1;AB;2023;403;2023-03-05 10:00:00;03;CO
1;AB;2023;404;2023-03-14 08:00:00;00;FC
1;AB;2023;404;2023-03-14 10:00:00;01;EM
1;AB;2023;404;2023-03-15 10:00:00;02;CE
1;AB;2023;404;2023-04-13 10:00:00;03;CO
1;AB;2023;405;2023-04-14 08:00:00;00;FC
1;AB;2023;405;2023-04-14 10:00:00;01;EM
1;AB;2023;405;2023-04-15 10:00:00;02;CE
1;AB;2023;405;2023-05-04 10:00:00;03;CO
1;AB;2023;406;2023-05-14 08:00:00;00;FC
1;AB;2023;406;2023-05-14 10:00:00;01;EM
1;AB;2023;406;2023-05-15 10:00:00;02;CE
1;AB;2023;406;2023-05-29 10:00:00;03;CO
1;AB;2023;407;2023-06-14 08:00:00;00;FC
1;AB;2023;407;2023-06-14 10:00:00;01;EM
1;AB;2023;407;2023-06-15 10:00:00;02;CE
1;AB;2023;407;2023-07-03 10:00:00;03;CO
1;AB;2023;408;2023-07-14 08:00:00;00;FC
1;AB;2023;408;2023-07-14 10:00:00;01;EM
1;AB;2023;408;2023-07-15 10:00:00;02;CE
1;AB;2023;408;2023-08-10 10:00:00;03;CO
1;AB;2023;409;2023-08-14 08:00:00;00;FC
1;AB;2023;409;2023-08-14 10:00:00;01;EM
1;AB;2023;409;2023-08-15 10:00:00;02;CE
1;AB;2023;409;2023-09-08 10:00:00;03;CO
1;AB;2023;410;2023-09-14 08:00:00;00;FC
1;AB;2023;410;2023-09-14 10:00:00;01;EM
1;AB;2023;410;2023-09-15 10:00:00;02;CE
1;AB;2023;410;2023-09-29 10:00:00;03;CO
1;AB;2023;411;2023-10-14 08:00:00;00;FC
1;AB;2023;411;2023-10-14 10:00:00;01;EM
1;AB;2023;411;2023-10-15 10:00:00;02;CE
1;AB;2023;411;2023-10-22 10:00:00;03;CO
1;AB;2023;412;2023-11-14 08:00:00;00;FC
1;AB;2023;412;2023-11-14 10:00:00;01;EM
1;AB;2023;412;2023-11-15 10:00:00;02;CE
1;AB;2023;412;2023-11-26 10:00:00;03;CO
1;AB;2023;413;2023-12-14 08:00:00;00;FC
1;AB;2023;413;2023-12-14 10:00:00;01;EM
1;AB;2023;413;2023-12-15 10:00:00;02;CE
1;AB;2023;413;2024-01-01 10:00:00;03;CO
1;AB;2024;514;2024-01-14 08:00:00;00;FC
1;AB;2024;514;2024-01-14 10:00:00;01;EM
1;AB;2024;514;2024-01-15 10:00:00;02;CE
1;AB;2024;514;2024-01-29 10:00:00;03;CO
1;AB;2024;515;2024-02-14 08:00:00;00;FC
1;AB;2024;515;2024-02-14 10:00:00;01;EM
1;AB;2024;515;2024-02-15 10:00:00;02;CE
1;AB;2024;515;2024-03-16 10:00:00;03;CO
1;AB;2024;516;2024-03-14 08:00:00;00;FC
1;AB;2024;516;2024-03-14 10:00:00;01;EM
1;AB;2024;516;2024-03-15 10:00:00;02;CE
1;AB;2024;516;2024-04-10 10:00:00;03;CO
1;AB;2024;517;2024-04-14 08:00:00;00;FC
1;AB;2024;517;2024-04-14 10:00:00;01;EM
1;AB;2024;517;2024-04-15 10:00:00;02;CE
1;AB;2024;517;2024-05-09 10:00:00;03;CO
1;AB;2024;518;2024-05-14 08:00:00;00;FC
1;AB;2024;518;2024-05-14 10:00:00;01;EM
1;AB;2024;518;2024-05-15 10:00:00;02;CE
1;AB;2024;518;2024-05-23 10:00:00;03;CO
1;AB;2024;519;2024-06-14 08:00:00;00;FC
1;AB;2024;519;2024-06-14 10:00:00;01;EM
1;AB;2024;519;2024-06-15 10:00:00;02;CE
1;AB;2024;519;2024-07-11 10:00:00;03;CO
1;AB;2024;520;2024-07-14 08:00:00;00;FC
1;AB;2024;520;2024-07-14 10:00:00;01;EM
1;AB;2024;520;2024-07-15 10:00:00;02;CE
1;AB;2024;520;2024-08-04 10:00:00;03;CO
1;AB;2024;521;2024-08-14 08:00:00;00;FC
1;AB;2024;521;2024-08-14 10:00:00;01;EM
1;AB;2024;521;2024-08-15 10:00:00;02;CE
1;AB;2024;521;2024-08-31 10:00:00;03;CO
1;AB;2024;522;2024-09-14 08:00:00;00;FC
1;AB;2024;522;2024-09-14 10:00:00;01;EM
1;AB;2024;522;2024-09-15 10:00:00;02;CE
1;AB;2024;522;2024-09-30 10:00:00;03;CO
1;AB;2024;523;2024-10-14 08:00:00;00;FC
1;AB;2024;523;2024-10-14 10:00:00;01;EM
1;AB;2024;523;2024-10-15 10:00:00;02;CE
1;AB;2024;523;2024-10-25 10:00:00;03;CO
1;AB;2024;524;2024-11-14 08:00:00;00;FC
1;AB;2024;524;2024-11-14 10:00:00;01;EM
1;AB;2024;524;2024-11-15 10:00:00;02;CE
1;AB;2024;524;2024-11-25 10:00:00;03;CO
1;AB;2024;525;2024-12-14 08:00:00;00;FC
1;AB;2024;525;2024-12-14 10:00:00;01;EM
1;AB;2024;525;2024-12-15 10:00:00;02;CE
1;AB;2024;525;2024-12-29 10:00:00;03;CO
1;AB;2025;624;2025-01-14 08:00:00;00;FC
1;AB;2025;624;2025-01-14 10:00:00;01;EM
1;AB;2025;624;2025-01-15 10:00:00;02;CE
1;AB;2025;624;2025-02-04 10:00:00;03;CO
1;AB;2025;625;2025-02-14 08:00:00;00;FC
1;AB;2025;625;2025-02-14 10:00:00;01;EM
1;AB;2025;625;2025-02-15 10:00:00;02;CE
1;AB;2025;625;2025-02-24 10:00:00;03;CO
1;AB;2025;626;2025-03-14 08:00:00;00;FC
1;AB;2025;626;2025-03-14 10:00:00;01;EM
1;AB;2025;626;2025-03-15 10:00:00;02;CE
1;AB;2025;626;2025-03-28 10:00:00;03;CO
1;AB;2025;627;2025-04-14 08:00:00;00;FC
1;AB;2025;627;2025-04-14 10:00:00;01;EM
1;AB;2025;627;2025-04-15 10:00:00;02;CE
1;AB;2025;627;2025-05-02 10:00:00;03;CO
1;AB;2025;628;2025-05-14 08:00:00;00;FC
1;AB;2025;628;2025-05-14 10:00:00;01;EM
1;AB;2025;628;2025-05-15 10:00:00;02;CE
1;AB;2025;628;2025-05-20 10:00:00;03;CO
1;AB;2025;629;2025-06-14 08:00:00;00;FC
1;AB;2025;629;2025-06-14 10:00:00;01;EM
1;AB;2025;629;2025-06-15 10:00:00;02;CE
1;AB;2025;629;2025-07-11 10:00:00;03;CO
1;AB;2025;630;2025-07-14 08:00:00;00;FC
1;AB;2025;630;2025-07-14 10:00:00;01;EM
1;AB;2025;630;2025-07-15 10:00:00;02;CE
1;AB;2025;630;2025-08-01 10:00:00;03;CO
1;AB;2025;631;2025-08-14 08:00:00;00;FC
1;AB;2025;631;2025-08-14 10:00:00;01;EM
1;AB;2025;631;2025-08-15 10:00:00;02;CE
1;AB;2025;631;2025-08-29 10:00:00;03;CO
1;AB;2025;632;2025-09-14 08:00:00;00;FC
1;AB;2025;632;2025-09-14 10:00:00;01;EM
1;AB;2025;632;2025-09-15 10:00:00;02;CE
1;AB;2025;632;2025-10-03 10:00:00;03;CO
1;AB;2025;633;2025-10-14 08:00:00;00;FC
1;AB;2025;633;2025-10-14 10:00:00;01;EM
1;AB;2025;634;2025-11-14 08:00:00;00;FC
1;AB;2025;634;2025-11-14 10:00:00;01;EM
1;AB;2025;634;2025-11-15 10:00:00;02;CE
1;AB;2025;634;2025-12-01 10:00:00;04;DV
1;AB;2025;635;2025-12-14 08:00:00;00;FC
1;AB;2025;635;2025-12-14 10:00:00;01;EM
1;AB;2025;635;2025-12-15 10:00:00;02;CE
1;AB;2025;635;2026-01-10 10:00:00;04;DV
1;AB;2025;635;2026-01-25 10:00:00;24;RC
1;AB;2026;435;2026-01-14 08:00:00;00;FC
1;AB;2026;435;2026-01-14 10:00:00;01;EM
1;AB;2026;435;2026-01-15 10:00:00;02;CE
1;AB;2026;435;2026-02-03 10:00:00;03;CO
1;AB;2026;436;2026-02-14 08:00:00;00;FC
1;AB;2026;436;2026-02-14 10:00:00;01;EM
1;AB;2026;436;2026-02-15 10:00:00;02;CE
1;AB;2026;436;2026-03-06 10:00:00;03;CO
1;AB;2026;437;2026-03-14 08:00:00;00;FC
1;AB;2026;437;2026-03-14 10:00:00;01;EM
1;AB;2026;437;2026-03-15 10:00:00;02;CE
1;AB;2026;437;2026-03-22 10:00:00;03;CO
1;AB;2026;438;2026-04-14 08:00:00;00;FC
1;AB;2026;438;2026-04-14 10:00:00;01;EM
1;AB;2026;439;2026-05-14 08:00:00;00;FC
1;AB;2026;439;2026-05-14 10:00:00;01;EM
1;AB;2026;439;2026-05-15 10:00:00;02;CE
1;AB;2026;439;2026-06-08 10:00:00;03;CO
1;AB;2026;440;2026-06-14 08:00:00;00;FC
1;AB;2026;440;2026-06-14 10:00:00;01;EM
1;AB;2026;440;2026-06-15 10:00:00;02;CE
1;AB;2026;440;2026-06-29 10:00:00;03;CO
1;AB;2026;441;2026-07-14 08:00:00;00;FC
1;AB;2026;441;2026-07-14 10:00:00;01;EM
1;AB;2026;441;2026-07-15 10:00:00;02;CE
1;AB;2026;441;2026-08-09 10:00:00;03;CO
1;AB;2021;195;2021-02-14 08:00:00;00;FC
1;AB;2021;195;2021-02-14 10:00:00;01;EM
1;AB;2021;195;2021-02-15 10:00:00;02;CE
1;AB;2021;195;2021-03-16 10:00:00;03;CO
1;AB;2021;196;2021-03-14 08:00:00;00;FC
1;AB;2021;196;2021-03-14 10:00:00;01;EM
1;AB;2021;196;2021-03-15 10:00:00;02;CE
1;AB;2021;196;2021-04-08 10:00:00;03;CO
1;AB;2021;197;2021-04-14 08:00:00;00;FC
1;AB;2021;197;2021-04-14 10:00:00;01;EM
1;AB;2021;197;2021-04-15 10:00:00;02;CE
1;AB;2021;197;2021-05-04 10:00:00;03;CO
1;AB;2021;198;2021-05-14 08:00:00;00;FC
1;AB;2021;198;2021-05-14 10:00:00;01;EM
1;AB;2021;198;2021-05-15 10:00:00;02;CE
1;AB;2021;198;2021-05-31 10:00:00;03;CO
1;AB;2021;199;2021-06-14 08:00:00;00;FC
1;AB;2021;199;2021-06-14 10:00:00;01;EM
1;AB;2021;199;2021-06-15 10:00:00;02;CE
1;AB;2021;199;2021-07-04 10:00:00;03;CO
1;AB;2021;200;2021-07-14 08:00:00;00;FC
1;AB;2021;200;2021-07-14 10:00:00;01;EM
1;AB;2021;200;2021-07-15 10:00:00;02;CE
1;AB;2021;200;2021-08-03 10:00:00;03;CO
1;AB;2021;201;2021-08-14 08:00:00;00;FC
1;AB;2021;201;2021-08-14 10:00:00;01;EM
1;AB;2021;201;2021-08-15 10:00:00;02;CE
1;AB;2021;201;2021-09-08 10:00:00;03;CO
1;AB;2021;202;2021-09-14 08:00:00;00;FC
1;AB;2021;202;2021-09-14 10:00:00;01;EM
1;AB;2021;202;2021-09-15 10:00:00;02;CE
1;AB;2021;202;2021-09-27 10:00:00;03;CO
1;AB;2021;203;2021-10-14 08:00:00;00;FC
1;AB;2021;203;2021-10-14 10:00:00;01;EM
1;AB;2021;203;2021-10-15 10:00:00;02;CE
1;AB;2021;203;2021-10-23 10:00:00;03;CO
1;AB;2021;204;2021-11-14 08:00:00;00;FC
1;AB;2021;204;2021-11-14 10:00:00;01;EM
1;AB;2021;204;2021-11-15 10:00:00;02;CE
1;AB;2021;204;2021-12-13 10:00:00;03;CO
1;AB;2021;205;2021-12-14 08:00:00;00;FC
1;AB;2021;205;2021-12-14 10:00:00;01;EM
1;AB;2021;205;2021-12-15 10:00:00;02;CE
1;AB;2021;205;2022-01-10 10:00:00;03;CO
1;AB;2022;306;2022-01-14 08:00:00;00;FC
1;AB;2022;306;2022-01-14 10:00:00;01;EM
1;AB;2022;306;2022-01-15 10:00:00;02;CE
1;AB;2022;306;2022-02-01 10:00:00;03;CO
1;AB;2022;307;2022-02-14 08:00:00;00;FC
1;AB;2022;307;2022-02-14 10:00:00;01;EM
1;AB;2022;307;2022-02-15 10:00:00;02;CE
1;AB;2022;307;2022-03-13 10:00:00;03;CO
1;AB;2022;308;2022-03-14 08:00:00;00;FC
1;AB;2022;308;2022-03-14 10:00:00;01;EM
1;AB;2022;308;2022-03-15 10:00:00;02;CE
1;AB;2022;308;2022-04-05 10:00:00;03;CO
1;AB;2022;309;2022-04-14 08:00:00;00;FC
1;AB;2022;309;2022-04-14 10:00:00;01;EM
1;AB;2022;309;2022-04-15 10:00:00;02;CE
1;AB;2022;309;2022-04-25 10:00:00;03;CO
1;AB;2022;310;2022-05-14 08:00:00;00;FC
1;AB;2022;310;2022-05-14 10:00:00;01;EM
1;AB;2022;310;2022-05-15 10:00:00;02;CE
1;AB;2022;310;2022-06-09 10:00:00;03;CO
1;AB;2022;311;2022-06-14 08:00:00;00;FC
1;AB;2022;311;2022-06-14 10:00:00;01;EM
1;AB;2022;311;2022-06-15 10:00:00;02;CE
1;AB;2022;311;2022-06-23 10:00:00;03;CO
1;AB;2022;312;2022-07-14 08:00:00;00;FC
1;AB;2022;312;2022-07-14 10:00:00;01;EM
1;AB;2022;312;2022-07-15 10:00:00;02;CE
1;AB;2022;312;2022-08-06 10:00:00;03;CO
1;AB;2022;313;2022-08-14 08:00:00;00;FC
1;AB;2022;313;2022-08-14 10:00:00;01;EM
1;AB;2022;313;2022-08-15 10:00:00;02;CE
1;AB;2022;313;2022-09-14 10:00:00;03;CO
1;AB;2022;314;2022-09-14 08:00:00;00;FC
1;AB;2022;314;2022-09-14 10:00:00;01;EM
1;AB;2022;314;2022-09-15 10:00:00;02;CE
1;AB;2022;314;2022-10-14 10:00:00;03;CO
1;AB;2022;315;2022-10-14 08:00:00;00;FC
1;AB;2022;315;2022-10-14 10:00:00;01;EM
1;AB;2022;315;2022-10-15 10:00:00;02;CE
1;AB;2022;315;2022-10-30 10:00:00;03;CO
1;AB;2022;316;2022-11-14 08:00:00;00;FC
1;AB;2022;316;2022-11-14 10:00:00;01;EM
1;AB;2022;316;2022-11-15 10:00:00;02;CE
1;AB;2022;316;2022-12-09 10:00:00;03;CO
1;AB;2022;317;2022-12-14 08:00:00;00;FC
1;AB;2022;317;2022-12-14 10:00:00;01;EM
1;AB;2022;317;2022-12-15 10:00:00;02;CE
1;AB;2022;317;2023-01-07 10:00:00;03;CO
1;AB;2023;414;2023-01-14 08:00:00;00;FC
1;AB;2023;414;2023-01-14 10:00:00;01;EM
1;AB;2023;414;2023-01-15 10:00:00;02;CE
1;AB;2023;414;2023-02-10 10:00:00;03;CO
1;AB;2023;415;2023-02-14 08:00:00;00;FC
1;AB;2023;415;2023-02-14 10:00:00;01;EM
1;AB;2023;415;2023-02-15 10:00:00;02;CE
1;AB;2023;415;2023-03-07 10:00:00;03;CO
1;AB;2023;416;2023-03-14 08:00:00;00;FC
1;AB;2023;416;2023-03-14 10:00:00;01;EM
1;AB;2023;416;2023-03-15 10:00:00;02;CE
1;AB;2023;416;2023-04-05 10:00:00;03;CO
1;AB;2023;417;2023-04-14 08:00:00;00;FC
1;AB;2023;417;2023-04-14 10:00:00;01;EM
1;AB;2023;417;2023-04-15 10:00:00;02;CE
1;AB;2023;417;2023-05-04 10:00:00;03;CO
1;AB;2023;418;2023-05-14 08:00:00;00;FC
1;AB;2023;418;2023-05-14 10:00:00;01;EM
1;AB;2023;418;2023-05-15 10:00:00;02;CE
1;AB;2023;418;2023-05-30 10:00:00;03;CO
1;AB;2023;419;2023-06-14 08:00:00;00;FC
1;AB;2023;419;2023-06-14 10:00:00;01;EM
1;AB;2023;419;2023-06-15 10:00:00;02;CE
1;AB;2023;419;2023-06-30 10:00:00;03;CO
1;AB;2023;420;2023-07-14 08:00:00;00;FC
1;AB;2023;420;2023-07-14 10:00:00;01;EM
1;AB;2023;420;2023-07-15 10:00:00;02;CE
1;AB;2023;420;2023-07-30 10:00:00;03;CO
1;AB;2023;421;2023-08-14 08:00:00;00;FC
1;AB;2023;421;2023-08-14 10:00:00;01;EM
1;AB;2023;421;2023-08-15 10:00:00;02;CE
1;AB;2023;421;2023-08-26 10:00:00;03;CO
1;AB;2023;422;2023-09-14 08:00:00;00;FC
1;AB;2023;422;2023-09-14 10:00:00;01;EM
1;AB;2023;422;2023-09-15 10:00:00;02;CE
1;AB;2023;422;2023-09-28 10:00:00;03;CO
1;AB;2023;423;2023-10-14 08:00:00;00;FC
1;AB;2023;423;2023-10-14 10:00:00;01;EM
1;AB;2023;423;2023-10-15 10:00:00;02;CE
1;AB;2023;423;2023-10-24 10:00:00;03;CO
1;AB;2023;424;2023-11-14 08:00:00;00;FC
1;AB;2023;424;2023-11-14 10:00:00;01;EM
1;AB;2023;424;2023-11-15 10:00:00;02;CE
1;AB;2023;424;2023-12-08 10:00:00;03;CO
1;AB;2023;425;2023-12-14 08:00:00;00;FC
1;AB;2023;425;2023-12-14 10:00:00;01;EM
1;AB;2023;425;2023-12-15 10:00:00;02;CE
1;AB;2023;425;2024-01-12 10:00:00;03;CO
1;AB;2024;526;2024-01-14 08:00:00;00;FC
1;AB;2024;526;2024-01-14 10:00:00;01;EM
1;AB;2024;526;2024-01-15 10:00:00;02;CE
1;AB;2024;526;2024-01-24 10:00:00;03;CO
1;AB;2024;527;2024-02-14 08:00:00;00;FC
1;AB;2024;527;2024-02-14 10:00:00;01;EM
1;AB;2024;527;2024-02-15 10:00:00;02;CE
1;AB;2024;527;2024-03-11 10:00:00;03;CO
1;AB;2024;528;2024-03-14 08:00:00;00;FC
1;AB;2024;528;2024-03-14 10:00:00;01;EM
1;AB;2024;528;2024-03-15 10:00:00;02;CE
1;AB;2024;528;2024-03-31 10:00:00;03;CO
1;AB;2024;529;2024-04-14 08:00:00;00;FC
1;AB;2024;529;2024-04-14 10:00:00;01;EM
1;AB;2024;529;2024-04-15 10:00:00;02;CE
1;AB;2024;529;2024-05-07 10:00:00;03;CO
1;AB;2024;530;2024-05-14 08:00:00;00;FC
1;AB;2024;530;2024-05-14 10:00:00;01;EM
1;AB;2024;530;2024-05-15 10:00:00;02;CE
1;AB;2024;530;2024-05-26 10:00:00;03;CO
1;AB;2024;531;2024-06-14 08:00:00;00;FC
1;AB;2024;531;2024-06-14 10:00:00;01;EM
1;AB;2024;531;2024-06-15 10:00:00;02;CE
1;AB;2024;531;2024-06-29 10:00:00;03;CO
1;AB;2024;532;2024-07-14 08:00:00;00;FC
1;AB;2024;532;2024-07-14 10:00:00;01;EM
1;AB;2024;532;2024-07-15 10:00:00;02;CE
1;AB;2024;532;2024-07-20 10:00:00;03;CO
1;AB;2024;533;2024-08-14 08:00:00;00;FC
1;AB;2024;533;2024-08-14 10:00:00;01;EM
1;AB;2024;533;2024-08-15 10:00:00;02;CE
1;AB;2024;533;2024-09-02 10:00:00;03;CO
1;AB;2024;534;2024-09-14 08:00:00;00;FC
1;AB;2024;534;2024-09-14 10:00:00;01;EM
1;AB;2024;534;2024-09-15 10:00:00;02;CE
1;AB;2024;534;2024-10-13 10:00:00;03;CO
1;AB;2024;535;2024-10-14 08:00:00;00;FC
1;AB;2024;535;2024-10-14 10:00:00;01;EM
1;AB;2024;535;2024-10-15 10:00:00;02;CE
1;AB;2024;535;2024-10-31 10:00:00;03;CO
1;AB;2024;536;2024-11-14 08:00:00;00;FC
1;AB;2024;536;2024-11-14 10:00:00;01;EM
1;AB;2024;536;2024-11-15 10:00:00;02;CE
1;AB;2024;536;2024-11-21 10:00:00;03;CO
1;AB;2024;537;2024-12-14 08:00:00;00;FC
1;AB;2024;537;2024-12-14 10:00:00;01;EM
1;AB;2024;537;2024-12-15 10:00:00;02;CE
1;AB;2024;537;2024-12-25 10:00:00;03;CO
1;AB;2025;636;2025-01-14 08:00:00;00;FC
1;AB;2025;636;2025-01-14 10:00:00;01;EM
1;AB;2025;636;2025-01-15 10:00:00;02;CE
1;AB;2025;636;2025-02-13 10:00:00;03;CO
1;AB;2025;637;2025-02-14 08:00:00;00;FC
1;AB;2025;637;2025-02-14 10:00:00;01;EM
1;AB;2025;637;2025-02-15 10:00:00;02;CE
1;AB;2025;637;2025-03-09 10:00:00;03;CO
1;AB;2025;638;2025-03-14 08:00:00;00;FC
1;AB;2025;638;2025-03-14 10:00:00;01;EM
1;AB;2025;638;2025-03-15 10:00:00;02;CE
1;AB;2025;638;2025-03-23 10:00:00;03;CO
1;AB;2025;639;2025-04-14 08:00:00;00;FC
1;AB;2025;639;2025-04-14 10:00:00;01;EM
1;AB;2025;639;2025-04-15 10:00:00;02;CE
1;AB;2025;639;2025-05-01 10:00:00;03;CO
1;AB;2025;640;2025-05-14 08:00:00;00;FC
1;AB;2025;640;2025-05-14 10:00:00;01;EM
1;AB;2025;640;2025-05-15 10:00:00;02;CE
1;AB;2025;640;2025-05-23 10:00:00;03;CO
1;AB;2025;641;2025-06-14 08:00:00;00;FC
1;AB;2025;641;2025-06-14 10:00:00;01;EM
1;AB;2025;641;2025-06-15 10:00:00;02;CE
1;AB;2025;641;2025-07-13 10:00:00;03;CO
1;AB;2025;642;2025-07-14 08:00:00;00;FC
1;AB;2025;642;2025-07-14 10:00:00;01;EM
1;AB;2025;642;2025-07-15 10:00:00;02;CE
1;AB;2025;642;2025-08-05 10:00:00;03;CO
1;AB;2025;643;2025-08-14 08:00:00;00;FC
1;AB;2025;643;2025-08-14 10:00:00;01;EM
1;AB;2025;643;2025-08-15 10:00:00;02;CE
1;AB;2025;643;2025-08-25 10:00:00;04;DV
1;AB;2025;644;2025-09-14 08:00:00;00;FC
1;AB;2025;644;2025-09-14 10:00:00;01;EM
1;AB;2025;644;2025-09-15 10:00:00;02;CE
1;AB;2025;644;2025-10-08 10:00:00;03;CO
1;AB;2025;645;2025-10-14 08:00:00;00;FC
1;AB;2025;645;2025-10-14 10:00:00;01;EM
1;AB;2025;645;2025-10-15 10:00:00;02;CE
1;AB;2025;645;2025-11-12 10:00:00;03;CO
1;AB;2025;646;2025-11-14 08:00:00;00;FC
1;AB;2025;646;2025-11-14 10:00:00;01;EM
1;AB;2025;646;2025-11-15 10:00:00;02;CE
1;AB;2025;646;2025-11-23 10:00:00;03;CO
1;AB;2025;647;2025-12-14 08:00:00;00;FC
1;AB;2025;647;2025-12-14 10:00:00;01;EM
1;AB;2025;647;2025-12-15 10:00:00;02;CE
1;AB;2025;647;2025-12-29 10:00:00;20;AJ
1;AB;2026;442;2026-01-14 08:00:00;00;FC
1;AB;2026;442;2026-01-14 10:00:00;01;EM
1;AB;2026;442;2026-01-15 10:00:00;02;CE
1;AB;2026;442;2026-02-12 10:00:00;03;CO
1;AB;2026;443;2026-02-14 08:00:00;00;FC
1;AB;2026;443;2026-02-14 10:00:00;01;EM
1;AB;2026;444;2026-03-14 08:00:00;00;FC
1;AB;2026;444;2026-03-14 10:00:00;01;EM
1;AB;2026;444;2026-03-15 10:00:00;02;CE
1;AB;2026;444;2026-04-01 10:00:00;03;CO
1;AB;2026;445;2026-04-14 08:00:00;00;FC
1;AB;2026;445;2026-04-14 10:00:00;01;EM
1;AB;2026;446;2026-05-14 08:00:00;00;FC
1;AB;2026;446;2026-05-14 10:00:00;01;EM
1;AB;2026;446;2026-05-15 10:00:00;02;CE
1;AB;2026;446;2026-05-28 10:00:00;03;CO
1;AB;2026;447;2026-06-14 08:00:00;00;FC
1;AB;2026;447;2026-06-14 10:00:00;01;EM
1;AB;2026;447;2026-06-15 10:00:00;02;CE
1;AB;2026;447;2026-07-12 10:00:00;03;CO
1;AB;2026;448;2026-07-14 08:00:00;00;FC
1;AB;2026;448;2026-07-14 10:00:00;01;EM
1;AB;2026;448;2026-07-15 10:00:00;02;CE
1;AB;2026;448;2026-08-02 10:00:00;03;CO
1;AB;2022;318;2022-03-14 08:00:00;00;FC
1;AB;2022;318;2022-03-14 10:00:00;01;EM
1;AB;2022;318;2022-03-15 10:00:00;02;CE
1;AB;2022;318;2022-03-26 10:00:00;03;CO
1;AB;2022;319;2022-04-14 08:00:00;00;FC
1;AB;2022;319;2022-04-14 10:00:00;01;EM
1;AB;2022;319;2022-04-15 10:00:00;02;CE
1;AB;2022;319;2022-04-30 10:00:00;03;CO
1;AB;2022;320;2022-05-14 08:00:00;00;FC
1;AB;2022;320;2022-05-14 10:00:00;01;EM
1;AB;2022;320;2022-05-15 10:00:00;02;CE
1;AB;2022;320;2022-05-27 10:00:00;03;CO
1;AB;2022;321;2022-06-14 08:00:00;00;FC
1;AB;2022;321;2022-06-14 10:00:00;01;EM
1;AB;2022;321;2022-06-15 10:00:00;02;CE
1;AB;2022;321;2022-07-10 10:00:00;03;CO
1;AB;2022;322;2022-07-14 08:00:00;00;FC
1;AB;2022;322;2022-07-14 10:00:00;01;EM
1;AB;2022;322;2022-07-15 10:00:00;02;CE
1;AB;2022;322;2022-08-12 10:00:00;03;CO
1;AB;2022;323;2022-08-14 08:00:00;00;FC
1;AB;2022;323;2022-08-14 10:00:00;01;EM
1;AB;2022;323;2022-08-15 10:00:00;02;CE
1;AB;2022;323;2022-09-13 10:00:00;03;CO
1;AB;2022;324;2022-09-14 08:00:00;00;FC
1;AB;2022;324;2022-09-14 10:00:00;01;EM
1;AB;2022;324;2022-09-15 10:00:00;02;CE
1;AB;2022;324;2022-10-06 10:00:00;03;CO
1;AB;2022;325;2022-10-14 08:00:00;00;FC
1;AB;2022;325;2022-10-14 10:00:00;01;EM
1;AB;2022;325;2022-10-15 10:00:00;02;CE
1;AB;2022;325;2022-11-10 10:00:00;03;CO
1;AB;2022;326;2022-11-14 08:00:00;00;FC
1;AB;2022;326;2022-11-14 10:00:00;01;EM
1;AB;2022;326;2022-11-15 10:00:00;02;CE
1;AB;2022;326;2022-12-14 10:00:00;03;CO
1;AB;2022;327;2022-12-14 08:00:00;00;FC
1;AB;2022;327;2022-12-14 10:00:00;01;EM
1;AB;2022;327;2022-12-15 10:00:00;02;CE
1;AB;2022;327;2022-12-30 10:00:00;03;CO
1;AB;2023;426;2023-01-14 08:00:00;00;FC
1;AB;2023;426;2023-01-14 10:00:00;01;EM
1;AB;2023;426;2023-01-15 10:00:00;02;CE
1;AB;2023;426;2023-02-08 10:00:00;03;CO
1;AB;2023;427;2023-02-14 08:00:00;00;FC
1;AB;2023;427;2023-02-14 10:00:00;01;EM
1;AB;2023;427;2023-02-15 10:00:00;02;CE
1;AB;2023;427;2023-03-16 10:00:00;03;CO
1;AB;2023;428;2023-03-14 08:00:00;00;FC
1;AB;2023;428;2023-03-14 10:00:00;01;EM
1;AB;2023;428;2023-03-15 10:00:00;02;CE
1;AB;2023;428;2023-03-30 10:00:00;03;CO
1;AB;2023;429;2023-04-14 08:00:00;00;FC
1;AB;2023;429;2023-04-14 10:00:00;01;EM
1;AB;2023;429;2023-04-15 10:00:00;02;CE
1;AB;2023;429;2023-04-26 10:00:00;03;CO
1;AB;2023;430;2023-05-14 08:00:00;00;FC
1;AB;2023;430;2023-05-14 10:00:00;01;EM
1;AB;2023;430;2023-05-15 10:00:00;02;CE
1;AB;2023;430;2023-05-20 10:00:00;03;CO
1;AB;2023;431;2023-06-14 08:00:00;00;FC
1;AB;2023;431;2023-06-14 10:00:00;01;EM
1;AB;2023;431;2023-06-15 10:00:00;02;CE
1;AB;2023;431;2023-07-09 10:00:00;03;CO
1;AB;2023;432;2023-07-14 08:00:00;00;FC
1;AB;2023;432;2023-07-14 10:00:00;01;EM
1;AB;2023;432;2023-07-15 10:00:00;02;CE
1;AB;2023;432;2023-08-13 10:00:00;03;CO
1;AB;2023;433;2023-08-14 08:00:00;00;FC
1;AB;2023;433;2023-08-14 10:00:00;01;EM
1;AB;2023;433;2023-08-15 10:00:00;02;CE
1;AB;2023;433;2023-09-06 10:00:00;03;CO
1;AB;2023;434;2023-09-14 08:00:00;00;FC
1;AB;2023;434;2023-09-14 10:00:00;01;EM
1;AB;2023;434;2023-09-15 10:00:00;02;CE
1;AB;2023;434;2023-10-12 10:00:00;03;CO
1;AB;2023;435;2023-10-14 08:00:00;00;FC
1;AB;2023;435;2023-10-14 10:00:00;01;EM
1;AB;2023;435;2023-10-15 10:00:00;02;CE
1;AB;2023;435;2023-11-09 10:00:00;03;CO
1;AB;2023;436;2023-11-14 08:00:00;00;FC
1;AB;2023;436;2023-11-14 10:00:00;01;EM
1;AB;2023;436;2023-11-15 10:00:00;02;CE
1;AB;2023;436;2023-11-24 10:00:00;03;CO
1;AB;2023;437;2023-12-14 08:00:00;00;FC
1;AB;2023;437;2023-12-14 10:00:00;01;EM
1;AB;2023;437;2023-12-15 10:00:00;02;CE
1;AB;2023;437;2023-12-25 10:00:00;03;CO
1;AB;2024;538;2024-01-14 08:00:00;00;FC
1;AB;2024;538;2024-01-14 10:00:00;01;EM
1;AB;2024;538;2024-01-15 10:00:00;02;CE
1;AB;2024;538;2024-01-31 10:00:00;03;CO
1;AB;2024;539;2024-02-14 08:00:00;00;FC
1;AB;2024;539;2024-02-14 10:00:00;01;EM
1;AB;2024;539;2024-02-15 10:00:00;02;CE
1;AB;2024;539;2024-03-08 10:00:00;03;CO
1;AB;2024;540;2024-03-14 08:00:00;00;FC
1;AB;2024;540;2024-03-14 10:00:00;01;EM
1;AB;2024;540;2024-03-15 10:00:00;02;CE
1;AB;2024;540;2024-04-09 10:00:00;03;CO
1;AB;2024;541;2024-04-14 08:00:00;00;FC
1;AB;2024;541;2024-04-14 10:00:00;01;EM
1;AB;2024;541;2024-04-15 10:00:00;02;CE
1;AB;2024;541;2024-05-10 10:00:00;03;CO
1;AB;2024;542;2024-05-14 08:00:00;00;FC
1;AB;2024;542;2024-05-14 10:00:00;01;EM
1;AB;2024;542;2024-05-15 10:00:00;02;CE
1;AB;2024;542;2024-06-02 10:00:00;03;CO
1;AB;2024;543;2024-06-14 08:00:00;00;FC
1;AB;2024;543;2024-06-14 10:00:00;01;EM
1;AB;2024;543;2024-06-15 10:00:00;02;CE
1;AB;2024;543;2024-07-13 10:00:00;03;CO
1;AB;2024;544;2024-07-14 08:00:00;00;FC
1;AB;2024;544;2024-07-14 10:00:00;01;EM
1;AB;2024;544;2024-07-15 10:00:00;02;CE
1;AB;2024;544;2024-08-01 10:00:00;03;CO
1;AB;2024;545;2024-08-14 08:00:00;00;FC
1;AB;2024;545;2024-08-14 10:00:00;01;EM
1;AB;2024;545;2024-08-15 10:00:00;02;CE
1;AB;2024;545;2024-09-08 10:00:00;03;CO
1;AB;2024;546;2024-09-14 08:00:00;00;FC
1;AB;2024;546;2024-09-14 10:00:00;01;EM
1;AB;2024;546;2024-09-15 10:00:00;02;CE
1;AB;2024;546;2024-09-21 10:00:00;03;CO
1;AB;2024;547;2024-10-14 08:00:00;00;FC
1;AB;2024;547;2024-10-14 10:00:00;01;EM
1;AB;2024;547;2024-10-15 10:00:00;02;CE
1;AB;2024;547;2024-10-24 10:00:00;03;CO
1;AB;2024;548;2024-11-14 08:00:00;00;FC
1;AB;2024;548;2024-11-14 10:00:00;01;EM
1;AB;2024;548;2024-11-15 10:00:00;02;CE
1;AB;2024;548;2024-12-05 10:00:00;03;CO
1;AB;2024;549;2024-12-14 08:00:00;00;FC
1;AB;2024;549;2024-12-14 10:00:00;01;EM
1;AB;2024;549;2024-12-15 10:00:00;02;CE
1;AB;2024;549;2024-12-22 10:00:00;03;CO
1;AB;2025;648;2025-01-14 08:00:00;00;FC
1;AB;2025;648;2025-01-14 10:00:00;01;EM
1;AB;2025;648;2025-01-15 10:00:00;02;CE
1;AB;2025;648;2025-02-14 10:00:00;03;CO
1;AB;2025;649;2025-02-14 08:00:00;00;FC
1;AB;2025;649;2025-02-14 10:00:00;01;EM
1;AB;2025;649;2025-02-15 10:00:00;02;CE
1;AB;2025;649;2025-03-05 10:00:00;03;CO
1;AB;2025;650;2025-03-14 08:00:00;00;FC
1;AB;2025;650;2025-03-14 10:00:00;01;EM
1;AB;2025;650;2025-03-15 10:00:00;02;CE
1;AB;2025;650;2025-04-12 10:00:00;03;CO
1;AB;2025;651;2025-04-14 08:00:00;00;FC
1;AB;2025;651;2025-04-14 10:00:00;01;EM
1;AB;2025;651;2025-04-15 10:00:00;02;CE
1;AB;2025;651;2025-05-03 10:00:00;03;CO
1;AB;2025;652;2025-05-14 08:00:00;00;FC
1;AB;2025;652;2025-05-14 10:00:00;01;EM
1;AB;2025;652;2025-05-15 10:00:00;02;CE
1;AB;2025;652;2025-05-29 10:00:00;03;CO
1;AB;2025;653;2025-06-14 08:00:00;00;FC
1;AB;2025;653;2025-06-14 10:00:00;01;EM
1;AB;2025;653;2025-06-15 10:00:00;02;CE
1;AB;2025;653;2025-07-10 10:00:00;03;CO
1;AB;2025;654;2025-07-14 08:00:00;00;FC
1;AB;2025;654;2025-07-14 10:00:00;01;EM
1;AB;2025;654;2025-07-15 10:00:00;02;CE
1;AB;2025;654;2025-07-28 10:00:00;03;CO
1;AB;2025;655;2025-08-14 08:00:00;00;FC
1;AB;2025;655;2025-08-14 10:00:00;01;EM
1;AB;2025;656;2025-09-14 08:00:00;00;FC
1;AB;2025;656;2025-09-14 10:00:00;01;EM
1;AB;2025;656;2025-09-15 10:00:00;02;CE
1;AB;2025;656;2025-10-02 10:00:00;03;CO
1;AB;2025;657;2025-10-14 08:00:00;00;FC
1;AB;2025;657;2025-10-14 10:00:00;01;EM
1;AB;2025;657;2025-10-15 10:00:00;02;CE
1;AB;2025;657;2025-11-07 10:00:00;03;CO
1;AB;2025;658;2025-11-14 08:00:00;00;FC
1;AB;2025;658;2025-11-14 10:00:00;01;EM
1;AB;2025;658;2025-11-15 10:00:00;02;CE
1;AB;2025;658;2025-12-11 10:00:00;03;CO
1;AB;2025;659;2025-12-14 08:00:00;00;FC
1;AB;2025;659;2025-12-14 10:00:00;01;EM
1;AB;2025;659;2025-12-15 10:00:00;02;CE
1;AB;2025;659;2026-01-06 10:00:00;03;CO
1;AB;2026;449;2026-01-14 08:00:00;00;FC
1;AB;2026;449;2026-01-14 10:00:00;01;EM
1;AB;2026;450;2026-02-14 08:00:00;00;FC
1;AB;2026;450;2026-02-14 10:00:00;01;EM
1;AB;2026;450;2026-02-15 10:00:00;02;CE
1;AB;2026;450;2026-03-09 10:00:00;03;CO
1;AB;2026;451;2026-03-14 08:00:00;00;FC
1;AB;2026;451;2026-03-14 10:00:00;01;EM
1;AB;2026;451;2026-03-15 10:00:00;02;CE
1;AB;2026;451;2026-03-30 10:00:00;03;CO
1;AB;2026;452;2026-04-14 08:00:00;00;FC
1;AB;2026;452;2026-04-14 10:00:00;01;EM
1;AB;2026;452;2026-04-15 10:00:00;02;CE
1;AB;2026;452;2026-04-23 10:00:00;03;CO
1;AB;2026;453;2026-05-14 08:00:00;00;FC
1;AB;2026;453;2026-05-14 10:00:00;01;EM
1;AB;2026;453;2026-05-15 10:00:00;02;CE
1;AB;2026;453;2026-06-10 10:00:00;03;CO
1;AB;2026;454;2026-06-14 08:00:00;00;FC
1;AB;2026;454;2026-06-14 10:00:00;01;EM
1;AB;2026;454;2026-06-15 10:00:00;02;CE
1;AB;2026;454;2026-07-15 10:00:00;03;CO
1;AB;2026;455;2026-07-14 08:00:00;00;FC
1;AB;2026;455;2026-07-14 10:00:00;01;EM
1;AB;2026;455;2026-07-15 10:00:00;02;CE
1;AB;2026;455;2026-08-08 10:00:00;03;CO
1;AB;2023;438;2023-04-24 08:00:00;00;FC
1;AB;2023;438;2023-04-24 10:00:00;01;EM
1;AB;2023;438;2023-04-25 10:00:00;02;CE
1;AB;2023;438;2023-05-21 10:00:00;03;CO
1;AB;2023;439;2023-05-24 08:00:00;00;FC
1;AB;2023;439;2023-05-24 10:00:00;01;EM
1;AB;2023;439;2023-05-25 10:00:00;02;CE
1;AB;2023;439;2023-05-30 10:00:00;03;CO
1;AB;2023;440;2023-06-24 08:00:00;00;FC
1;AB;2023;440;2023-06-24 10:00:00;01;EM
1;AB;2023;440;2023-06-25 10:00:00;02;CE
1;AB;2023;440;2023-07-03 10:00:00;03;CO
1;AB;2023;441;2023-07-24 08:00:00;00;FC
1;AB;2023;441;2023-07-24 10:00:00;01;EM
1;AB;2023;441;2023-07-25 10:00:00;02;CE
1;AB;2023;441;2023-08-14 10:00:00;03;CO
1;AB;2023;442;2023-08-24 08:00:00;00;FC
1;AB;2023;442;2023-08-24 10:00:00;01;EM
1;AB;2023;442;2023-08-25 10:00:00;02;CE
1;AB;2023;442;2023-09-10 10:00:00;03;CO
1;AB;2023;443;2023-09-24 08:00:00;00;FC
1;AB;2023;443;2023-09-24 10:00:00;01;EM
1;AB;2023;443;2023-09-25 10:00:00;02;CE
1;AB;2023;443;2023-10-02 10:00:00;03;CO
1;AB;2023;444;2023-10-24 08:00:00;00;FC
1;AB;2023;444;2023-10-24 10:00:00;01;EM
1;AB;2023;444;2023-10-25 10:00:00;02;CE
1;AB;2023;444;2023-11-10 10:00:00;03;CO
1;AB;2023;445;2023-11-24 08:00:00;00;FC
1;AB;2023;445;2023-11-24 10:00:00;01;EM
1;AB;2023;445;2023-11-25 10:00:00;02;CE
1;AB;2023;445;2023-12-24 10:00:00;03;CO
1;AB;2023;446;2023-12-24 08:00:00;00;FC
1;AB;2023;446;2023-12-24 10:00:00;01;EM
1;AB;2023;446;2023-12-25 10:00:00;02;CE
1;AB;2023;446;2024-01-03 10:00:00;03;CO
1;AB;2024;550;2024-01-24 08:00:00;00;FC
1;AB;2024;550;2024-01-24 10:00:00;01;EM
1;AB;2024;550;2024-01-25 10:00:00;02;CE
1;AB;2024;550;2024-02-23 10:00:00;03;CO
1;AB;2024;551;2024-02-24 08:00:00;00;FC
1;AB;2024;551;2024-02-24 10:00:00;01;EM
1;AB;2024;551;2024-02-25 10:00:00;02;CE
1;AB;2024;551;2024-03-08 10:00:00;03;CO
1;AB;2024;552;2024-03-24 08:00:00;00;FC
1;AB;2024;552;2024-03-24 10:00:00;01;EM
1;AB;2024;552;2024-03-25 10:00:00;02;CE
1;AB;2024;552;2024-04-24 10:00:00;03;CO
1;AB;2024;553;2024-04-24 08:00:00;00;FC
1;AB;2024;553;2024-04-24 10:00:00;01;EM
1;AB;2024;553;2024-04-25 10:00:00;02;CE
1;AB;2024;553;2024-05-05 10:00:00;03;CO
1;AB;2024;554;2024-05-24 08:00:00;00;FC
1;AB;2024;554;2024-05-24 10:00:00;01;EM
1;AB;2024;554;2024-05-25 10:00:00;02;CE
1;AB;2024;554;2024-05-31 10:00:00;03;CO
1;AB;2024;555;2024-06-24 08:00:00;00;FC
1;AB;2024;555;2024-06-24 10:00:00;01;EM
1;AB;2024;555;2024-06-25 10:00:00;02;CE
1;AB;2024;555;2024-07-07 10:00:00;03;CO
1;AB;2024;556;2024-07-24 08:00:00;00;FC
1;AB;2024;556;2024-07-24 10:00:00;01;EM
1;AB;2024;556;2024-07-25 10:00:00;02;CE
1;AB;2024;556;2024-08-22 10:00:00;03;CO
1;AB;2024;557;2024-08-24 08:00:00;00;FC
1;AB;2024;557;2024-08-24 10:00:00;01;EM
1;AB;2024;557;2024-08-25 10:00:00;02;CE
1;AB;2024;557;2024-09-01 10:00:00;03;CO
1;AB;2024;558;2024-09-24 08:00:00;00;FC
1;AB;2024;558;2024-09-24 10:00:00;01;EM
1;AB;2024;558;2024-09-25 10:00:00;02;CE
1;AB;2024;558;2024-10-22 10:00:00;03;CO
1;AB;2024;559;2024-10-24 08:00:00;00;FC
1;AB;2024;559;2024-10-24 10:00:00;01;EM
1;AB;2024;559;2024-10-25 10:00:00;02;CE
1;AB;2024;559;2024-10-30 10:00:00;03;CO
1;AB;2024;560;2024-11-24 08:00:00;00;FC
1;AB;2024;560;2024-11-24 10:00:00;01;EM
1;AB;2024;560;2024-11-25 10:00:00;02;CE
1;AB;2024;560;2024-12-06 10:00:00;03;CO
1;AB;2024;561;2024-12-24 08:00:00;00;FC
1;AB;2024;561;2024-12-24 10:00:00;01;EM
1;AB;2024;561;2024-12-25 10:00:00;02;CE
1;AB;2024;561;2025-01-08 10:00:00;03;CO
1;AB;2025;660;2025-01-24 08:00:00;00;FC
1;AB;2025;660;2025-01-24 10:00:00;01;EM
1;AB;2025;660;2025-01-25 10:00:00;02;CE
1;AB;2025;660;2025-02-15 10:00:00;03;CO
1;AB;2025;661;2025-02-24 08:00:00;00;FC
1;AB;2025;661;2025-02-24 10:00:00;01;EM
1;AB;2025;661;2025-02-25 10:00:00;02;CE
1;AB;2025;661;2025-03-14 10:00:00;03;CO
1;AB;2025;662;2025-03-24 08:00:00;00;FC
1;AB;2025;662;2025-03-24 10:00:00;01;EM
1;AB;2025;662;2025-03-25 10:00:00;02;CE
1;AB;2025;662;2025-04-19 10:00:00;03;CO
1;AB;2025;663;2025-04-24 08:00:00;00;FC
1;AB;2025;663;2025-04-24 10:00:00;01;EM
1;AB;2025;663;2025-04-25 10:00:00;02;CE
1;AB;2025;663;2025-05-25 10:00:00;03;CO
1;AB;2025;664;2025-05-24 08:00:00;00;FC
1;AB;2025;664;2025-05-24 10:00:00;01;EM
1;AB;2025;664;2025-05-25 10:00:00;02;CE
1;AB;2025;664;2025-06-23 10:00:00;03;CO
1;AB;2025;665;2025-06-24 08:00:00;00;FC
1;AB;2025;665;2025-06-24 10:00:00;01;EM
1;AB;2025;665;2025-06-25 10:00:00;02;CE
1;AB;2025;665;2025-07-07 10:00:00;03;CO
1;AB;2025;666;2025-07-24 08:00:00;00;FC
1;AB;2025;666;2025-07-24 10:00:00;01;EM
1;AB;2025;666;2025-07-25 10:00:00;02;CE
1;AB;2025;666;2025-08-12 10:00:00;03;CO
1;AB;2025;667;2025-08-24 08:00:00;00;FC
1;AB;2025;667;2025-08-24 10:00:00;01;EM
1;AB;2025;667;2025-08-25 10:00:00;02;CE
1;AB;2025;667;2025-09-04 10:00:00;03;CO
1;AB;2025;668;2025-09-24 08:00:00;00;FC
1;AB;2025;668;2025-09-24 10:00:00;01;EM
1;AB;2025;668;2025-09-25 10:00:00;02;CE
1;AB;2025;668;2025-09-30 10:00:00;03;CO
1;AB;2025;669;2025-10-24 08:00:00;00;FC
1;AB;2025;669;2025-10-24 10:00:00;01;EM
1;AB;2025;669;2025-10-25 10:00:00;02;CE
1;AB;2025;669;2025-11-22 10:00:00;03;CO
1;AB;2025;670;2025-11-24 08:00:00;00;FC
1;AB;2025;670;2025-11-24 10:00:00;01;EM
1;AB;2025;670;2025-11-25 10:00:00;02;CE
1;AB;2025;670;2025-12-21 10:00:00;03;CO
1;AB;2025;671;2025-12-24 08:00:00;00;FC
1;AB;2025;671;2025-12-24 10:00:00;01;EM
1;AB;2025;671;2025-12-25 10:00:00;02;CE
1;AB;2025;671;2026-01-10 10:00:00;03;CO
1;AB;2026;456;2026-01-24 08:00:00;00;FC
1;AB;2026;456;2026-01-24 10:00:00;01;EM
1;AB;2026;456;2026-01-25 10:00:00;02;CE
1;AB;2026;456;2026-02-17 10:00:00;03;CO
1;AB;2026;457;2026-02-24 08:00:00;00;FC
1;AB;2026;457;2026-02-24 10:00:00;01;EM
1;AB;2026;457;2026-02-25 10:00:00;02;CE
1;AB;2026;457;2026-03-03 10:00:00;03;CO
1;AB;2026;458;2026-03-24 08:00:00;00;FC
1;AB;2026;458;2026-03-24 10:00:00;01;EM
1;AB;2026;458;2026-03-25 10:00:00;02;CE
1;AB;2026;458;2026-04-14 10:00:00;03;CO
1;AB;2026;459;2026-04-24 08:00:00;00;FC
1;AB;2026;459;2026-04-24 10:00:00;01;EM
1;AB;2026;459;2026-04-25 10:00:00;02;CE
1;AB;2026;459;2026-05-14 10:00:00;03;CO
1;AB;2026;460;2026-05-24 08:00:00;00;FC
1;AB;2026;460;2026-05-24 10:00:00;01;EM
1;AB;2026;460;2026-05-25 10:00:00;02;CE
1;AB;2026;460;2026-06-22 10:00:00;04;DV
1;AB;2026;461;2026-06-24 08:00:00;00;FC
1;AB;2026;461;2026-06-24 10:00:00;01;EM
1;AB;2026;461;2026-06-25 10:00:00;02;CE
1;AB;2026;461;2026-07-09 10:00:00;03;CO
1;AB;2026;462;2026-07-24 08:00:00;00;FC
1;AB;2026;462;2026-07-24 10:00:00;01;EM
1;AB;2026;462;2026-07-25 10:00:00;02;CE
1;AB;2026;462;2026-08-14 10:00:00;03;CO
1;AB;2024;562;2024-05-24 08:00:00;00;FC
1;AB;2024;562;2024-05-24 10:00:00;01;EM
1;AB;2024;562;2024-05-25 10:00:00;02;CE
1;AB;2024;562;2024-06-06 10:00:00;03;CO
1;AB;2024;563;2024-06-24 08:00:00;00;FC
1;AB;2024;563;2024-06-24 10:00:00;01;EM
1;AB;2024;563;2024-06-25 10:00:00;02;CE
1;AB;2024;563;2024-07-17 10:00:00;03;CO
1;AB;2024;564;2024-07-24 08:00:00;00;FC
1;AB;2024;564;2024-07-24 10:00:00;01;EM
1;AB;2024;564;2024-07-25 10:00:00;02;CE
1;AB;2024;564;2024-08-16 10:00:00;03;CO
1;AB;2024;565;2024-08-24 08:00:00;00;FC
1;AB;2024;565;2024-08-24 10:00:00;01;EM
1;AB;2024;565;2024-08-25 10:00:00;02;CE
1;AB;2024;565;2024-09-22 10:00:00;03;CO
1;AB;2024;566;2024-09-24 08:00:00;00;FC
1;AB;2024;566;2024-09-24 10:00:00;01;EM
1;AB;2024;566;2024-09-25 10:00:00;02;CE
1;AB;2024;566;2024-10-08 10:00:00;03;CO
1;AB;2024;567;2024-10-24 08:00:00;00;FC
1;AB;2024;567;2024-10-24 10:00:00;01;EM
1;AB;2024;567;2024-10-25 10:00:00;02;CE
1;AB;2024;567;2024-11-22 10:00:00;03;CO
1;AB;2024;568;2024-11-24 08:00:00;00;FC
1;AB;2024;568;2024-11-24 10:00:00;01;EM
1;AB;2024;568;2024-11-25 10:00:00;02;CE
1;AB;2024;568;2024-12-02 10:00:00;03;CO
1;AB;2024;569;2024-12-24 08:00:00;00;FC
1;AB;2024;569;2024-12-24 10:00:00;01;EM
1;AB;2024;569;2024-12-25 10:00:00;02;CE
1;AB;2024;569;2025-01-17 10:00:00;03;CO
1;AB;2025;672;2025-01-24 08:00:00;00;FC
1;AB;2025;672;2025-01-24 10:00:00;01;EM
1;AB;2025;672;2025-01-25 10:00:00;02;CE
1;AB;2025;672;2025-02-05 10:00:00;03;CO
1;AB;2025;673;2025-02-24 08:00:00;00;FC
1;AB;2025;673;2025-02-24 10:00:00;01;EM
1;AB;2025;673;2025-02-25 10:00:00;02;CE
1;AB;2025;673;2025-03-25 10:00:00;03;CO
1;AB;2025;674;2025-03-24 08:00:00;00;FC
1;AB;2025;674;2025-03-24 10:00:00;01;EM
1;AB;2025;674;2025-03-25 10:00:00;02;CE
1;AB;2025;674;2025-04-17 10:00:00;03;CO
1;AB;2025;675;2025-04-24 08:00:00;00;FC
1;AB;2025;675;2025-04-24 10:00:00;01;EM
1;AB;2025;675;2025-04-25 10:00:00;02;CE
1;AB;2025;675;2025-05-21 10:00:00;03;CO
1;AB;2025;676;2025-05-24 08:00:00;00;FC
1;AB;2025;676;2025-05-24 10:00:00;01;EM
1;AB;2025;676;2025-05-25 10:00:00;02;CE
1;AB;2025;676;2025-06-17 10:00:00;03;CO
1;AB;2025;677;2025-06-24 08:00:00;00;FC
1;AB;2025;677;2025-06-24 10:00:00;01;EM
1;AB;2025;677;2025-06-25 10:00:00;02;CE
1;AB;2025;677;2025-07-08 10:00:00;03;CO
1;AB;2025;678;2025-07-24 08:00:00;00;FC
1;AB;2025;678;2025-07-24 10:00:00;01;EM
1;AB;2025;678;2025-07-25 10:00:00;02;CE
1;AB;2025;678;2025-08-02 10:00:00;03;CO
1;AB;2025;679;2025-08-24 08:00:00;00;FC
1;AB;2025;679;2025-08-24 10:00:00;01;EM
1;AB;2025;679;2025-08-25 10:00:00;02;CE
1;AB;2025;679;2025-09-02 10:00:00;03;CO
1;AB;2025;680;2025-09-24 08:00:00;00;FC
1;AB;2025;680;2025-09-24 10:00:00;01;EM
1;AB;2025;680;2025-09-25 10:00:00;02;CE
1;AB;2025;680;2025-10-04 10:00:00;03;CO
1;AB;2025;681;2025-10-24 08:00:00;00;FC
1;AB;2025;681;2025-10-24 10:00:00;01;EM
1;AB;2025;681;2025-10-25 10:00:00;02;CE
1;AB;2025;681;2025-11-15 10:00:00;03;CO
1;AB;2025;682;2025-11-24 08:00:00;00;FC
1;AB;2025;682;2025-11-24 10:00:00;01;EM
1;AB;2025;682;2025-11-25 10:00:00;02;CE
1;AB;2025;682;2025-12-20 10:00:00;03;CO
1;AB;2025;683;2025-12-24 08:00:00;00;FC
1;AB;2025;683;2025-12-24 10:00:00;01;EM
1;AB;2025;683;2025-12-25 10:00:00;02;CE
1;AB;2025;683;2025-12-30 10:00:00;03;CO
1;AB;2026;463;2026-01-24 08:00:00;00;FC
1;AB;2026;463;2026-01-24 10:00:00;01;EM
1;AB;2026;463;2026-01-25 10:00:00;02;CE
1;AB;2026;463;2026-02-14 10:00:00;03;CO
1;AB;2026;464;2026-02-24 08:00:00;00;FC
1;AB;2026;464;2026-02-24 10:00:00;01;EM
1;AB;2026;464;2026-02-25 10:00:00;02;CE
1;AB;2026;464;2026-03-13 10:00:00;04;DV
1;AB;2026;465;2026-03-24 08:00:00;00;FC
1;AB;2026;465;2026-03-24 10:00:00;01;EM
1;AB;2026;465;2026-03-25 10:00:00;02;CE
1;AB;2026;465;2026-04-03 10:00:00;03;CO
1;AB;2026;466;2026-04-24 08:00:00;00;FC
1;AB;2026;466;2026-04-24 10:00:00;01;EM
1;AB;2026;466;2026-04-25 10:00:00;02;CE
1;AB;2026;466;2026-05-18 10:00:00;03;CO
1;AB;2026;467;2026-05-24 08:00:00;00;FC
1;AB;2026;467;2026-05-24 10:00:00;01;EM
1;AB;2026;467;2026-05-25 10:00:00;02;CE
1;AB;2026;467;2026-06-07 10:00:00;03;CO
1;AB;2026;468;2026-06-24 08:00:00;00;FC
1;AB;2026;468;2026-06-24 10:00:00;01;EM
1;AB;2026;469;2026-07-24 08:00:00;00;FC
1;AB;2026;469;2026-07-24 10:00:00;01;EM
1;AB;2026;469;2026-07-25 10:00:00;02;CE
1;AB;2026;469;2026-08-19 10:00:00;03;CO
1;AB;2025;684;2025-06-24 08:00:00;00;FC
1;AB;2025;684;2025-06-24 10:00:00;01;EM
1;AB;2025;684;2025-06-25 10:00:00;02;CE
1;AB;2025;684;2025-07-03 10:00:00;03;CO
1;AB;2025;685;2025-07-24 08:00:00;00;FC
1;AB;2025;685;2025-07-24 10:00:00;01;EM
1;AB;2025;685;2025-07-25 10:00:00;02;CE
1;AB;2025;685;2025-08-14 10:00:00;03;CO
1;AB;2025;686;2025-08-24 08:00:00;00;FC
1;AB;2025;686;2025-08-24 10:00:00;01;EM
1;AB;2025;686;2025-08-25 10:00:00;02;CE
1;AB;2025;686;2025-09-11 10:00:00;03;CO
1;AB;2025;687;2025-09-24 08:00:00;00;FC
1;AB;2025;687;2025-09-24 10:00:00;01;EM
1;AB;2025;688;2025-10-24 08:00:00;00;FC
1;AB;2025;688;2025-10-24 10:00:00;01;EM
1;AB;2025;689;2025-11-24 08:00:00;00;FC
1;AB;2025;689;2025-11-24 10:00:00;01;EM
1;AB;2025;689;2025-11-25 10:00:00;02;CE
1;AB;2025;689;2025-12-07 10:00:00;04;DV
1;AB;2025;689;2025-12-17 10:00:00;24;RC
1;AB;2025;690;2025-12-24 08:00:00;00;FC
1;AB;2025;690;2025-12-24 10:00:00;01;EM
1;AB;2025;690;2025-12-25 10:00:00;02;CE
1;AB;2025;690;2026-01-16 10:00:00;03;CO
1;AB;2026;470;2026-01-24 08:00:00;00;FC
1;AB;2026;470;2026-01-24 10:00:00;01;EM
1;AB;2026;470;2026-01-25 10:00:00;02;CE
1;AB;2026;470;2026-02-17 10:00:00;03;CO
1;AB;2026;471;2026-02-24 08:00:00;00;FC
1;AB;2026;471;2026-02-24 10:00:00;01;EM
1;AB;2026;471;2026-02-25 10:00:00;02;CE
1;AB;2026;471;2026-03-14 10:00:00;03;CO
1;AB;2026;472;2026-03-24 08:00:00;00;FC
1;AB;2026;472;2026-03-24 10:00:00;01;EM
1;AB;2026;472;2026-03-25 10:00:00;02;CE
1;AB;2026;472;2026-04-24 10:00:00;03;CO
1;AB;2026;473;2026-04-24 08:00:00;00;FC
1;AB;2026;473;2026-04-24 10:00:00;01;EM
1;AB;2026;473;2026-04-25 10:00:00;02;CE
1;AB;2026;473;2026-05-10 10:00:00;03;CO
1;AB;2026;474;2026-05-24 08:00:00;00;FC
1;AB;2026;474;2026-05-24 10:00:00;01;EM
1;AB;2026;475;2026-06-24 08:00:00;00;FC
1;AB;2026;475;2026-06-24 10:00:00;01;EM
1;AB;2026;475;2026-06-25 10:00:00;02;CE
1;AB;2026;475;2026-07-09 10:00:00;03;CO
1;AB;2026;476;2026-07-24 08:00:00;00;FC
1;AB;2026;476;2026-07-24 10:00:00;01;EM
1;AB;2026;476;2026-07-25 10:00:00;02;CE
1;AB;2026;476;2026-08-02 10:00:00;03;CO
1;AB;2020;86;2020-07-24 08:00:00;00;FC
1;AB;2020;86;2020-07-24 10:00:00;01;EM
1;AB;2020;86;2020-07-25 10:00:00;02;CE
1;AB;2020;86;2020-08-04 10:00:00;03;CO
1;AB;2020;87;2020-08-24 08:00:00;00;FC
1;AB;2020;87;2020-08-24 10:00:00;01;EM
1;AB;2020;87;2020-08-25 10:00:00;02;CE
1;AB;2020;87;2020-09-05 10:00:00;03;CO
1;AB;2020;88;2020-09-24 08:00:00;00;FC
1;AB;2020;88;2020-09-24 10:00:00;01;EM
1;AB;2020;88;2020-09-25 10:00:00;02;CE
1;AB;2020;88;2020-10-13 10:00:00;03;CO
1;AB;2020;89;2020-10-24 08:00:00;00;FC
1;AB;2020;89;2020-10-24 10:00:00;01;EM
1;AB;2020;89;2020-10-25 10:00:00;02;CE
1;AB;2020;89;2020-11-06 10:00:00;03;CO
1;AB;2020;90;2020-11-24 08:00:00;00;FC
1;AB;2020;90;2020-11-24 10:00:00;01;EM
1;AB;2020;90;2020-11-25 10:00:00;02;CE
1;AB;2020;90;2020-12-23 10:00:00;03;CO
1;AB;2020;91;2020-12-24 08:00:00;00;FC
1;AB;2020;91;2020-12-24 10:00:00;01;EM
1;AB;2020;91;2020-12-25 10:00:00;02;CE
1;AB;2020;91;2021-01-08 10:00:00;03;CO
1;AB;2021;206;2021-01-24 08:00:00;00;FC
1;AB;2021;206;2021-01-24 10:00:00;01;EM
1;AB;2021;206;2021-01-25 10:00:00;02;CE
1;AB;2021;206;2021-02-08 10:00:00;03;CO
1;AB;2021;207;2021-02-24 08:00:00;00;FC
1;AB;2021;207;2021-02-24 10:00:00;01;EM
1;AB;2021;207;2021-02-25 10:00:00;02;CE
1;AB;2021;207;2021-03-21 10:00:00;03;CO
1;AB;2021;208;2021-03-24 08:00:00;00;FC
1;AB;2021;208;2021-03-24 10:00:00;01;EM
1;AB;2021;208;2021-03-25 10:00:00;02;CE
1;AB;2021;208;2021-04-22 10:00:00;03;CO
1;AB;2021;209;2021-04-24 08:00:00;00;FC
1;AB;2021;209;2021-04-24 10:00:00;01;EM
1;AB;2021;209;2021-04-25 10:00:00;02;CE
1;AB;2021;209;2021-05-21 10:00:00;03;CO
1;AB;2021;210;2021-05-24 08:00:00;00;FC
1;AB;2021;210;2021-05-24 10:00:00;01;EM
1;AB;2021;210;2021-05-25 10:00:00;02;CE
1;AB;2021;210;2021-06-05 10:00:00;03;CO
1;AB;2021;211;2021-06-24 08:00:00;00;FC
1;AB;2021;211;2021-06-24 10:00:00;01;EM
1;AB;2021;211;2021-06-25 10:00:00;02;CE
1;AB;2021;211;2021-07-24 10:00:00;03;CO
1;AB;2021;212;2021-07-24 08:00:00;00;FC
1;AB;2021;212;2021-07-24 10:00:00;01;EM
1;AB;2021;212;2021-07-25 10:00:00;02;CE
1;AB;2021;212;2021-08-11 10:00:00;03;CO
1;AB;2021;213;2021-08-24 08:00:00;00;FC
1;AB;2021;213;2021-08-24 10:00:00;01;EM
1;AB;2021;213;2021-08-25 10:00:00;02;CE
1;AB;2021;213;2021-09-22 10:00:00;03;CO
1;AB;2021;214;2021-09-24 08:00:00;00;FC
1;AB;2021;214;2021-09-24 10:00:00;01;EM
1;AB;2021;214;2021-09-25 10:00:00;02;CE
1;AB;2021;214;2021-10-02 10:00:00;03;CO
1;AB;2021;215;2021-10-24 08:00:00;00;FC
1;AB;2021;215;2021-10-24 10:00:00;01;EM
1;AB;2021;215;2021-10-25 10:00:00;02;CE
1;AB;2021;215;2021-11-21 10:00:00;03;CO
1;AB;2021;216;2021-11-24 08:00:00;00;FC
1;AB;2021;216;2021-11-24 10:00:00;01;EM
1;AB;2021;216;2021-11-25 10:00:00;02;CE
1;AB;2021;216;2021-12-03 10:00:00;03;CO
1;AB;2021;217;2021-12-24 08:00:00;00;FC
1;AB;2021;217;2021-12-24 10:00:00;01;EM
1;AB;2021;217;2021-12-25 10:00:00;02;CE
1;AB;2021;217;2021-12-31 10:00:00;03;CO
1;AB;2022;328;2022-01-24 08:00:00;00;FC
1;AB;2022;328;2022-01-24 10:00:00;01;EM
1;AB;2022;328;2022-01-25 10:00:00;02;CE
1;AB;2022;328;2022-02-04 10:00:00;03;CO
1;AB;2022;329;2022-02-24 08:00:00;00;FC
1;AB;2022;329;2022-02-24 10:00:00;01;EM
1;AB;2022;329;2022-02-25 10:00:00;02;CE
1;AB;2022;329;2022-03-09 10:00:00;03;CO
1;AB;2022;330;2022-03-24 08:00:00;00;FC
1;AB;2022;330;2022-03-24 10:00:00;01;EM
1;AB;2022;330;2022-03-25 10:00:00;02;CE
1;AB;2022;330;2022-04-06 10:00:00;03;CO
1;AB;2022;331;2022-04-24 08:00:00;00;FC
1;AB;2022;331;2022-04-24 10:00:00;01;EM
1;AB;2022;331;2022-04-25 10:00:00;02;CE
1;AB;2022;331;2022-05-15 10:00:00;03;CO
1;AB;2022;332;2022-05-24 08:00:00;00;FC
1;AB;2022;332;2022-05-24 10:00:00;01;EM
1;AB;2022;332;2022-05-25 10:00:00;02;CE
1;AB;2022;332;2022-05-30 10:00:00;03;CO
1;AB;2022;333;2022-06-24 08:00:00;00;FC
1;AB;2022;333;2022-06-24 10:00:00;01;EM
1;AB;2022;333;2022-06-25 10:00:00;02;CE
1;AB;2022;333;2022-07-14 10:00:00;03;CO
1;AB;2022;334;2022-07-24 08:00:00;00;FC
1;AB;2022;334;2022-07-24 10:00:00;01;EM
1;AB;2022;334;2022-07-25 10:00:00;02;CE
1;AB;2022;334;2022-08-20 10:00:00;03;CO
1;AB;2022;335;2022-08-24 08:00:00;00;FC
1;AB;2022;335;2022-08-24 10:00:00;01;EM
1;AB;2022;335;2022-08-25 10:00:00;02;CE
1;AB;2022;335;2022-09-01 10:00:00;03;CO
1;AB;2022;336;2022-09-24 08:00:00;00;FC
1;AB;2022;336;2022-09-24 10:00:00;01;EM
1;AB;2022;336;2022-09-25 10:00:00;02;CE
1;AB;2022;336;2022-10-02 10:00:00;03;CO
1;AB;2022;337;2022-10-24 08:00:00;00;FC
1;AB;2022;337;2022-10-24 10:00:00;01;EM
1;AB;2022;337;2022-10-25 10:00:00;02;CE
1;AB;2022;337;2022-11-15 10:00:00;03;CO
1;AB;2022;338;2022-11-24 08:00:00;00;FC
1;AB;2022;338;2022-11-24 10:00:00;01;EM
1;AB;2022;338;2022-11-25 10:00:00;02;CE
1;AB;2022;338;2022-12-04 10:00:00;03;CO
1;AB;2022;339;2022-12-24 08:00:00;00;FC
1;AB;2022;339;2022-12-24 10:00:00;01;EM
1;AB;2022;339;2022-12-25 10:00:00;02;CE
1;AB;2022;339;2023-01-10 10:00:00;03;CO
1;AB;2023;447;2023-01-24 08:00:00;00;FC
1;AB;2023;447;2023-01-24 10:00:00;01;EM
1;AB;2023;447;2023-01-25 10:00:00;02;CE
1;AB;2023;447;2023-02-03 10:00:00;03;CO
1;AB;2023;448;2023-02-24 08:00:00;00;FC
1;AB;2023;448;2023-02-24 10:00:00;01;EM
1;AB;2023;448;2023-02-25 10:00:00;02;CE
1;AB;2023;448;2023-03-21 10:00:00;03;CO
1;AB;2023;449;2023-03-24 08:00:00;00;FC
1;AB;2023;449;2023-03-24 10:00:00;01;EM
1;AB;2023;449;2023-03-25 10:00:00;02;CE
1;AB;2023;449;2023-04-01 10:00:00;03;CO
1;AB;2023;450;2023-04-24 08:00:00;00;FC
1;AB;2023;450;2023-04-24 10:00:00;01;EM
1;AB;2023;450;2023-04-25 10:00:00;02;CE
1;AB;2023;450;2023-05-18 10:00:00;03;CO
1;AB;2023;451;2023-05-24 08:00:00;00;FC
1;AB;2023;451;2023-05-24 10:00:00;01;EM
1;AB;2023;451;2023-05-25 10:00:00;02;CE
1;AB;2023;451;2023-05-30 10:00:00;03;CO
1;AB;2023;452;2023-06-24 08:00:00;00;FC
1;AB;2023;452;2023-06-24 10:00:00;01;EM
1;AB;2023;452;2023-06-25 10:00:00;02;CE
1;AB;2023;452;2023-07-14 10:00:00;03;CO
1;AB;2023;453;2023-07-24 08:00:00;00;FC
1;AB;2023;453;2023-07-24 10:00:00;01;EM
1;AB;2023;453;2023-07-25 10:00:00;02;CE
1;AB;2023;453;2023-08-12 10:00:00;03;CO
1;AB;2023;454;2023-08-24 08:00:00;00;FC
1;AB;2023;454;2023-08-24 10:00:00;01;EM
1;AB;2023;454;2023-08-25 10:00:00;02;CE
1;AB;2023;454;2023-09-20 10:00:00;03;CO
1;AB;2023;455;2023-09-24 08:00:00;00;FC
1;AB;2023;455;2023-09-24 10:00:00;01;EM
1;AB;2023;455;2023-09-25 10:00:00;02;CE
1;AB;2023;455;2023-10-02 10:00:00;03;CO
1;AB;2023;456;2023-10-24 08:00:00;00;FC
1;AB;2023;456;2023-10-24 10:00:00;01;EM
1;AB;2023;456;2023-10-25 10:00:00;05;CN
1;AB;2023;457;2023-11-24 08:00:00;00;FC
1;AB;2023;457;2023-11-24 10:00:00;01;EM
1;AB;2023;457;2023-11-25 10:00:00;02;CE
1;AB;2023;457;2023-12-10 10:00:00;03;CO
1;AB;2023;458;2023-12-24 08:00:00;00;FC
1;AB;2023;458;2023-12-24 10:00:00;01;EM
1;AB;2023;458;2023-12-25 10:00:00;02;CE
1;AB;2023;458;2024-01-11 10:00:00;03;CO
1;AB;2024;570;2024-01-24 08:00:00;00;FC
1;AB;2024;570;2024-01-24 10:00:00;01;EM
1;AB;2024;570;2024-01-25 10:00:00;02;CE
1;AB;2024;570;2024-02-01 10:00:00;03;CO
1;AB;2024;571;2024-02-24 08:00:00;00;FC
1;AB;2024;571;2024-02-24 10:00:00;01;EM
1;AB;2024;571;2024-02-25 10:00:00;02;CE
1;AB;2024;571;2024-03-09 10:00:00;03;CO
1;AB;2024;572;2024-03-24 08:00:00;00;FC
1;AB;2024;572;2024-03-24 10:00:00;01;EM
1;AB;2024;572;2024-03-25 10:00:00;02;CE
1;AB;2024;572;2024-04-08 10:00:00;03;CO
1;AB;2024;573;2024-04-24 08:00:00;00;FC
1;AB;2024;573;2024-04-24 10:00:00;01;EM
1;AB;2024;573;2024-04-25 10:00:00;02;CE
1;AB;2024;573;2024-05-19 10:00:00;03;CO
1;AB;2024;574;2024-05-24 08:00:00;00;FC
1;AB;2024;574;2024-05-24 10:00:00;01;EM
1;AB;2024;574;2024-05-25 10:00:00;02;CE
1;AB;2024;574;2024-06-16 10:00:00;03;CO
1;AB;2024;575;2024-06-24 08:00:00;00;FC
1;AB;2024;575;2024-06-24 10:00:00;01;EM
1;AB;2024;575;2024-06-25 10:00:00;02;CE
1;AB;2024;575;2024-07-25 10:00:00;03;CO
1;AB;2024;576;2024-07-24 08:00:00;00;FC
1;AB;2024;576;2024-07-24 10:00:00;01;EM
1;AB;2024;576;2024-07-25 10:00:00;02;CE
1;AB;2024;576;2024-08-20 10:00:00;03;CO
1;AB;2024;577;2024-08-24 08:00:00;00;FC
1;AB;2024;577;2024-08-24 10:00:00;01;EM
1;AB;2024;577;2024-08-25 10:00:00;02;CE
1;AB;2024;577;2024-09-04 10:00:00;03;CO
1;AB;2024;578;2024-09-24 08:00:00;00;FC
1;AB;2024;578;2024-09-24 10:00:00;01;EM
1;AB;2024;578;2024-09-25 10:00:00;02;CE
1;AB;2024;578;2024-10-20 10:00:00;03;CO
1;AB;2024;579;2024-10-24 08:00:00;00;FC
1;AB;2024;579;2024-10-24 10:00:00;01;EM
1;AB;2024;579;2024-10-25 10:00:00;02;CE
1;AB;2024;579;2024-11-21 10:00:00;03;CO
1;AB;2024;580;2024-11-24 08:00:00;00;FC
1;AB;2024;580;2024-11-24 10:00:00;01;EM
1;AB;2024;580;2024-11-25 10:00:00;02;CE
1;AB;2024;580;2024-12-03 10:00:00;03;CO
1;AB;2024;581;2024-12-24 08:00:00;00;FC
1;AB;2024;581;2024-12-24 10:00:00;01;EM
1;AB;2024;581;2024-12-25 10:00:00;02;CE
1;AB;2024;581;2025-01-23 10:00:00;03;CO
1;AB;2025;691;2025-01-24 08:00:00;00;FC
1;AB;2025;691;2025-01-24 10:00:00;01;EM
1;AB;2025;691;2025-01-25 10:00:00;02;CE
1;AB;2025;691;2025-02-24 10:00:00;03;CO
1;AB;2025;692;2025-02-24 08:00:00;00;FC
1;AB;2025;692;2025-02-24 10:00:00;01;EM
1;AB;2025;692;2025-02-25 10:00:00;02;CE
1;AB;2025;692;2025-03-23 10:00:00;03;CO
1;AB;2025;693;2025-03-24 08:00:00;00;FC
1;AB;2025;693;2025-03-24 10:00:00;01;EM
1;AB;2025;693;2025-03-25 10:00:00;02;CE
1;AB;2025;693;2025-04-08 10:00:00;03;CO
1;AB;2025;694;2025-04-24 08:00:00;00;FC
1;AB;2025;694;2025-04-24 10:00:00;01;EM
1;AB;2025;694;2025-04-25 10:00:00;02;CE
1;AB;2025;694;2025-04-30 10:00:00;03;CO
1;AB;2025;695;2025-05-24 08:00:00;00;FC
1;AB;2025;695;2025-05-24 10:00:00;01;EM
1;AB;2025;695;2025-05-25 10:00:00;02;CE
1;AB;2025;695;2025-06-05 10:00:00;03;CO
1;AB;2025;696;2025-06-24 08:00:00;00;FC
1;AB;2025;696;2025-06-24 10:00:00;01;EM
1;AB;2025;696;2025-06-25 10:00:00;02;CE
1;AB;2025;696;2025-07-23 10:00:00;03;CO
1;AB;2025;697;2025-07-24 08:00:00;00;FC
1;AB;2025;697;2025-07-24 10:00:00;01;EM
1;AB;2025;697;2025-07-25 10:00:00;02;CE
1;AB;2025;697;2025-08-20 10:00:00;03;CO
1;AB;2025;698;2025-08-24 08:00:00;00;FC
1;AB;2025;698;2025-08-24 10:00:00;01;EM
1;AB;2025;698;2025-08-25 10:00:00;02;CE
1;AB;2025;698;2025-09-06 10:00:00;03;CO
1;AB;2025;699;2025-09-24 08:00:00;00;FC
1;AB;2025;699;2025-09-24 10:00:00;01;EM
1;AB;2025;699;2025-09-25 10:00:00;02;CE
1;AB;2025;699;2025-10-10 10:00:00;03;CO
1;AB;2025;700;2025-10-24 08:00:00;00;FC
1;AB;2025;700;2025-10-24 10:00:00;01;EM
1;AB;2025;700;2025-10-25 10:00:00;02;CE
1;AB;2025;700;2025-11-20 10:00:00;04;DV
1;AB;2025;700;2025-12-03 10:00:00;24;RC
1;AB;2025;701;2025-11-24 08:00:00;00;FC
1;AB;2025;701;2025-11-24 10:00:00;01;EM
1;AB;2025;701;2025-11-25 10:00:00;02;CE
1;AB;2025;701;2025-12-23 10:00:00;03;CO
1;AB;2025;702;2025-12-24 08:00:00;00;FC
1;AB;2025;702;2025-12-24 10:00:00;01;EM
1;AB;2025;702;2025-12-25 10:00:00;02;CE
1;AB;2025;702;2026-01-20 10:00:00;03;CO
1;AB;2026;477;2026-01-24 08:00:00;00;FC
1;AB;2026;477;2026-01-24 10:00:00;01;EM
1;AB;2026;478;2026-02-24 08:00:00;00;FC
1;AB;2026;478;2026-02-24 10:00:00;01;EM
1;AB;2026;478;2026-02-25 10:00:00;02;CE
1;AB;2026;478;2026-03-10 10:00:00;04;DV
1;AB;2026;478;2026-03-20 10:00:00;24;RC
1;AB;2026;479;2026-03-24 08:00:00;00;FC
1;AB;2026;479;2026-03-24 10:00:00;01;EM
1;AB;2026;479;2026-03-25 10:00:00;02;CE
1;AB;2026;479;2026-04-05 10:00:00;03;CO
1;AB;2026;480;2026-04-24 08:00:00;00;FC
1;AB;2026;480;2026-04-24 10:00:00;01;EM
1;AB;2026;481;2026-05-24 08:00:00;00;FC
1;AB;2026;481;2026-05-24 10:00:00;01;EM
1;AB;2026;481;2026-05-25 10:00:00;02;CE
1;AB;2026;481;2026-06-08 10:00:00;03;CO
1;AB;2026;482;2026-06-24 08:00:00;00;FC
1;AB;2026;482;2026-06-24 10:00:00;01;EM
1;AB;2026;483;2026-07-24 08:00:00;00;FC
1;AB;2026;483;2026-07-24 10:00:00;01;EM
1;AB;2026;483;2026-07-25 10:00:00;02;CE
1;AB;2026;483;2026-08-22 10:00:00;03;CO
1;AB;2021;218;2021-08-24 08:00:00;00;FC
1;AB;2021;218;2021-08-24 10:00:00;01;EM
1;AB;2021;218;2021-08-25 10:00:00;02;CE
1;AB;2021;218;2021-09-08 10:00:00;03;CO
1;AB;2021;219;2021-09-24 08:00:00;00;FC
1;AB;2021;219;2021-09-24 10:00:00;01;EM
1;AB;2021;219;2021-09-25 10:00:00;02;CE
1;AB;2021;219;2021-10-07 10:00:00;03;CO
1;AB;2021;220;2021-10-24 08:00:00;00;FC
1;AB;2021;220;2021-10-24 10:00:00;01;EM
1;AB;2021;220;2021-10-25 10:00:00;02;CE
1;AB;2021;220;2021-11-19 10:00:00;03;CO
1;AB;2021;221;2021-11-24 08:00:00;00;FC
1;AB;2021;221;2021-11-24 10:00:00;01;EM
1;AB;2021;221;2021-11-25 10:00:00;02;CE
1;AB;2021;221;2021-12-21 10:00:00;03;CO
1;AB;2021;222;2021-12-24 08:00:00;00;FC
1;AB;2021;222;2021-12-24 10:00:00;01;EM
1;AB;2021;222;2021-12-25 10:00:00;02;CE
1;AB;2021;222;2022-01-06 10:00:00;03;CO
1;AB;2022;340;2022-01-24 08:00:00;00;FC
1;AB;2022;340;2022-01-24 10:00:00;01;EM
1;AB;2022;340;2022-01-25 10:00:00;02;CE
1;AB;2022;340;2022-02-03 10:00:00;03;CO
1;AB;2022;341;2022-02-24 08:00:00;00;FC
1;AB;2022;341;2022-02-24 10:00:00;01;EM
1;AB;2022;341;2022-02-25 10:00:00;02;CE
1;AB;2022;341;2022-03-02 10:00:00;03;CO
1;AB;2022;342;2022-03-24 08:00:00;00;FC
1;AB;2022;342;2022-03-24 10:00:00;01;EM
1;AB;2022;342;2022-03-25 10:00:00;02;CE
1;AB;2022;342;2022-03-30 10:00:00;03;CO
1;AB;2022;343;2022-04-24 08:00:00;00;FC
1;AB;2022;343;2022-04-24 10:00:00;01;EM
1;AB;2022;343;2022-04-25 10:00:00;02;CE
1;AB;2022;343;2022-05-15 10:00:00;03;CO
1;AB;2022;344;2022-05-24 08:00:00;00;FC
1;AB;2022;344;2022-05-24 10:00:00;01;EM
1;AB;2022;344;2022-05-25 10:00:00;02;CE
1;AB;2022;344;2022-06-08 10:00:00;03;CO
1;AB;2022;345;2022-06-24 08:00:00;00;FC
1;AB;2022;345;2022-06-24 10:00:00;01;EM
1;AB;2022;345;2022-06-25 10:00:00;02;CE
1;AB;2022;345;2022-07-09 10:00:00;03;CO
1;AB;2022;346;2022-07-24 08:00:00;00;FC
1;AB;2022;346;2022-07-24 10:00:00;01;EM
1;AB;2022;346;2022-07-25 10:00:00;02;CE
1;AB;2022;346;2022-08-03 10:00:00;03;CO
1;AB;2022;347;2022-08-24 08:00:00;00;FC
1;AB;2022;347;2022-08-24 10:00:00;01;EM
1;AB;2022;347;2022-08-25 10:00:00;02;CE
1;AB;2022;347;2022-09-10 10:00:00;03;CO
1;AB;2022;348;2022-09-24 08:00:00;00;FC
1;AB;2022;348;2022-09-24 10:00:00;01;EM
1;AB;2022;348;2022-09-25 10:00:00;02;CE
1;AB;2022;348;2022-10-18 10:00:00;03;CO
1;AB;2022;349;2022-10-24 08:00:00;00;FC
1;AB;2022;349;2022-10-24 10:00:00;01;EM
1;AB;2022;349;2022-10-25 10:00:00;02;CE
1;AB;2022;349;2022-11-01 10:00:00;03;CO
1;AB;2022;350;2022-11-24 08:00:00;00;FC
1;AB;2022;350;2022-11-24 10:00:00;01;EM
1;AB;2022;350;2022-11-25 10:00:00;02;CE
1;AB;2022;350;2022-12-05 10:00:00;03;CO
1;AB;2022;351;2022-12-24 08:00:00;00;FC
1;AB;2022;351;2022-12-24 10:00:00;01;EM
1;AB;2022;351;2022-12-25 10:00:00;02;CE
1;AB;2022;351;2022-12-31 10:00:00;03;CO
1;AB;2023;459;2023-01-24 08:00:00;00;FC
1;AB;2023;459;2023-01-24 10:00:00;01;EM
1;AB;2023;459;2023-01-25 10:00:00;02;CE
1;AB;2023;459;2023-02-18 10:00:00;03;CO
1;AB;2023;460;2023-02-24 08:00:00;00;FC
1;AB;2023;460;2023-02-24 10:00:00;01;EM
1;AB;2023;460;2023-02-25 10:00:00;02;CE
1;AB;2023;460;2023-03-21 10:00:00;03;CO
1;AB;2023;461;2023-03-24 08:00:00;00;FC
1;AB;2023;461;2023-03-24 10:00:00;01;EM
1;AB;2023;461;2023-03-25 10:00:00;02;CE
1;AB;2023;461;2023-04-23 10:00:00;03;CO
1;AB;2023;462;2023-04-24 08:00:00;00;FC
1;AB;2023;462;2023-04-24 10:00:00;01;EM
1;AB;2023;462;2023-04-25 10:00:00;02;CE
1;AB;2023;462;2023-05-13 10:00:00;03;CO
1;AB;2023;463;2023-05-24 08:00:00;00;FC
1;AB;2023;463;2023-05-24 10:00:00;01;EM
1;AB;2023;463;2023-05-25 10:00:00;02;CE
1;AB;2023;463;2023-06-18 10:00:00;03;CO
1;AB;2023;464;2023-06-24 08:00:00;00;FC
1;AB;2023;464;2023-06-24 10:00:00;01;EM
1;AB;2023;464;2023-06-25 10:00:00;02;CE
1;AB;2023;464;2023-07-13 10:00:00;03;CO
1;AB;2023;465;2023-07-24 08:00:00;00;FC
1;AB;2023;465;2023-07-24 10:00:00;01;EM
1;AB;2023;465;2023-07-25 10:00:00;02;CE
1;AB;2023;465;2023-08-18 10:00:00;03;CO
1;AB;2023;466;2023-08-24 08:00:00;00;FC
1;AB;2023;466;2023-08-24 10:00:00;01;EM
1;AB;2023;466;2023-08-25 10:00:00;02;CE
1;AB;2023;466;2023-09-20 10:00:00;03;CO
1;AB;2023;467;2023-09-24 08:00:00;00;FC
1;AB;2023;467;2023-09-24 10:00:00;01;EM
1;AB;2023;467;2023-09-25 10:00:00;02;CE
1;AB;2023;467;2023-10-21 10:00:00;03;CO
1;AB;2023;468;2023-10-24 08:00:00;00;FC
1;AB;2023;468;2023-10-24 10:00:00;01;EM
1;AB;2023;468;2023-10-25 10:00:00;02;CE
1;AB;2023;468;2023-11-06 10:00:00;03;CO
1;AB;2023;469;2023-11-24 08:00:00;00;FC
1;AB;2023;469;2023-11-24 10:00:00;01;EM
1;AB;2023;469;2023-11-25 10:00:00;05;CN
1;AB;2023;470;2023-12-24 08:00:00;00;FC
1;AB;2023;470;2023-12-24 10:00:00;01;EM
1;AB;2023;470;2023-12-25 10:00:00;02;CE
1;AB;2023;470;2024-01-19 10:00:00;03;CO
1;AB;2024;582;2024-01-24 08:00:00;00;FC
1;AB;2024;582;2024-01-24 10:00:00;01;EM
1;AB;2024;582;2024-01-25 10:00:00;02;CE
1;AB;2024;582;2024-02-18 10:00:00;03;CO
1;AB;2024;583;2024-02-24 08:00:00;00;FC
1;AB;2024;583;2024-02-24 10:00:00;01;EM
1;AB;2024;583;2024-02-25 10:00:00;02;CE
1;AB;2024;583;2024-03-21 10:00:00;03;CO
1;AB;2024;584;2024-03-24 08:00:00;00;FC
1;AB;2024;584;2024-03-24 10:00:00;01;EM
1;AB;2024;584;2024-03-25 10:00:00;02;CE
1;AB;2024;584;2024-04-03 10:00:00;03;CO
1;AB;2024;585;2024-04-24 08:00:00;00;FC
1;AB;2024;585;2024-04-24 10:00:00;01;EM
1;AB;2024;585;2024-04-25 10:00:00;02;CE
1;AB;2024;585;2024-05-19 10:00:00;03;CO
1;AB;2024;586;2024-05-24 08:00:00;00;FC
1;AB;2024;586;2024-05-24 10:00:00;01;EM
1;AB;2024;586;2024-05-25 10:00:00;02;CE
1;AB;2024;586;2024-06-01 10:00:00;03;CO
1;AB;2024;587;2024-06-24 08:00:00;00;FC
1;AB;2024;587;2024-06-24 10:00:00;01;EM
1;AB;2024;587;2024-06-25 10:00:00;02;CE
1;AB;2024;587;2024-07-08 10:00:00;03;CO
1;AB;2024;588;2024-07-24 08:00:00;00;FC
1;AB;2024;588;2024-07-24 10:00:00;01;EM
1;AB;2024;588;2024-07-25 10:00:00;02;CE
1;AB;2024;588;2024-08-07 10:00:00;03;CO
1;AB;2024;589;2024-08-24 08:00:00;00;FC
1;AB;2024;589;2024-08-24 10:00:00;01;EM
1;AB;2024;589;2024-08-25 10:00:00;02;CE
1;AB;2024;589;2024-09-19 10:00:00;03;CO
1;AB;2024;590;2024-09-24 08:00:00;00;FC
1;AB;2024;590;2024-09-24 10:00:00;01;EM
1;AB;2024;590;2024-09-25 10:00:00;02;CE
1;AB;2024;590;2024-10-10 10:00:00;03;CO
1;AB;2024;591;2024-10-24 08:00:00;00;FC
1;AB;2024;591;2024-10-24 10:00:00;01;EM
1;AB;2024;591;2024-10-25 10:00:00;02;CE
1;AB;2024;591;2024-11-03 10:00:00;03;CO
1;AB;2024;592;2024-11-24 08:00:00;00;FC
1;AB;2024;592;2024-11-24 10:00:00;01;EM
1;AB;2024;592;2024-11-25 10:00:00;02;CE
1;AB;2024;592;2024-12-24 10:00:00;03;CO
1;AB;2024;593;2024-12-24 08:00:00;00;FC
1;AB;2024;593;2024-12-24 10:00:00;01;EM
1;AB;2024;593;2024-12-25 10:00:00;02;CE
1;AB;2024;593;2025-01-05 10:00:00;03;CO
1;AB;2025;703;2025-01-24 08:00:00;00;FC
1;AB;2025;703;2025-01-24 10:00:00;01;EM
1;AB;2025;703;2025-01-25 10:00:00;02;CE
1;AB;2025;703;2025-02-20 10:00:00;03;CO
1;AB;2025;704;2025-02-24 08:00:00;00;FC
1;AB;2025;704;2025-02-24 10:00:00;01;EM
1;AB;2025;704;2025-02-25 10:00:00;02;CE
1;AB;2025;704;2025-03-10 10:00:00;03;CO
1;AB;2025;705;2025-03-24 08:00:00;00;FC
1;AB;2025;705;2025-03-24 10:00:00;01;EM
1;AB;2025;705;2025-03-25 10:00:00;02;CE
1;AB;2025;705;2025-04-04 10:00:00;03;CO
1;AB;2025;706;2025-04-24 08:00:00;00;FC
1;AB;2025;706;2025-04-24 10:00:00;01;EM
1;AB;2025;706;2025-04-25 10:00:00;02;CE
1;AB;2025;706;2025-05-07 10:00:00;03;CO
1;AB;2025;707;2025-05-24 08:00:00;00;FC
1;AB;2025;707;2025-05-24 10:00:00;01;EM
1;AB;2025;707;2025-05-25 10:00:00;02;CE
1;AB;2025;707;2025-06-14 10:00:00;03;CO
1;AB;2025;708;2025-06-24 08:00:00;00;FC
1;AB;2025;708;2025-06-24 10:00:00;01;EM
1;AB;2025;708;2025-06-25 10:00:00;02;CE
1;AB;2025;708;2025-07-04 10:00:00;03;CO
1;AB;2025;709;2025-07-24 08:00:00;00;FC
1;AB;2025;709;2025-07-24 10:00:00;01;EM
1;AB;2025;709;2025-07-25 10:00:00;02;CE
1;AB;2025;709;2025-08-13 10:00:00;03;CO
1;AB;2025;710;2025-08-24 08:00:00;00;FC
1;AB;2025;710;2025-08-24 10:00:00;01;EM
1;AB;2025;710;2025-08-25 10:00:00;02;CE
1;AB;2025;710;2025-09-02 10:00:00;03;CO
1;AB;2025;711;2025-09-24 08:00:00;00;FC
1;AB;2025;711;2025-09-24 10:00:00;01;EM
1;AB;2025;711;2025-09-25 10:00:00;02;CE
1;AB;2025;711;2025-10-22 10:00:00;03;CO
1;AB;2025;712;2025-10-24 08:00:00;00;FC
1;AB;2025;712;2025-10-24 10:00:00;01;EM
1;AB;2025;713;2025-11-24 08:00:00;00;FC
1;AB;2025;713;2025-11-24 10:00:00;01;EM
1;AB;2025;713;2025-11-25 10:00:00;05;CN
1;AB;2025;714;2025-12-24 08:00:00;00;FC
1;AB;2025;714;2025-12-24 10:00:00;01;EM
1;AB;2025;714;2025-12-25 10:00:00;02;CE
1;AB;2025;714;2026-01-24 10:00:00;03;CO
1;AB;2026;484;2026-01-24 08:00:00;00;FC
1;AB;2026;484;2026-01-24 10:00:00;01;EM
1;AB;2026;484;2026-01-25 10:00:00;02;CE
1;AB;2026;484;2026-02-05 10:00:00;03;CO
1;AB;2026;485;2026-02-24 08:00:00;00;FC
1;AB;2026;485;2026-02-24 10:00:00;01;EM
1;AB;2026;485;2026-02-25 10:00:00;02;CE
1;AB;2026;485;2026-03-11 10:00:00;03;CO
1;AB;2026;486;2026-03-24 08:00:00;00;FC
1;AB;2026;486;2026-03-24 10:00:00;01;EM
1;AB;2026;486;2026-03-25 10:00:00;02;CE
1;AB;2026;486;2026-04-09 10:00:00;03;CO
1;AB;2026;487;2026-04-24 08:00:00;00;FC
1;AB;2026;487;2026-04-24 10:00:00;01;EM
1;AB;2026;487;2026-04-25 10:00:00;02;CE
1;AB;2026;487;2026-05-13 10:00:00;03;CO
1;AB;2026;488;2026-05-24 08:00:00;00;FC
1;AB;2026;488;2026-05-24 10:00:00;01;EM
1;AB;2026;488;2026-05-25 10:00:00;02;CE
1;AB;2026;488;2026-06-20 10:00:00;03;CO
1;AB;2026;489;2026-06-24 08:00:00;00;FC
1;AB;2026;489;2026-06-24 10:00:00;01;EM
1;AB;2026;489;2026-06-25 10:00:00;02;CE
1;AB;2026;489;2026-07-06 10:00:00;03;CO
1;AB;2026;490;2026-07-24 08:00:00;00;FC
1;AB;2026;490;2026-07-24 10:00:00;01;EM
1;AB;2026;490;2026-07-25 10:00:00;02;CE
1;AB;2026;490;2026-08-06 10:00:00;03;CO
1;AB;2022;352;2022-10-04 08:00:00;00;FC
1;AB;2022;352;2022-10-04 10:00:00;01;EM
1;AB;2022;352;2022-10-05 10:00:00;02;CE
1;AB;2022;352;2022-10-27 10:00:00;03;CO
1;AB;2022;353;2022-11-04 08:00:00;00;FC
1;AB;2022;353;2022-11-04 10:00:00;01;EM
1;AB;2022;353;2022-11-05 10:00:00;02;CE
1;AB;2022;353;2022-12-05 10:00:00;03;CO
1;AB;2022;354;2022-12-04 08:00:00;00;FC
1;AB;2022;354;2022-12-04 10:00:00;01;EM
1;AB;2022;354;2022-12-05 10:00:00;02;CE
1;AB;2022;354;2022-12-20 10:00:00;03;CO
1;AB;2023;471;2023-01-04 08:00:00;00;FC
1;AB;2023;471;2023-01-04 10:00:00;01;EM
1;AB;2023;471;2023-01-05 10:00:00;02;CE
1;AB;2023;471;2023-01-11 10:00:00;03;CO
1;AB;2023;472;2023-02-04 08:00:00;00;FC
1;AB;2023;472;2023-02-04 10:00:00;01;EM
1;AB;2023;472;2023-02-05 10:00:00;02;CE
1;AB;2023;472;2023-02-15 10:00:00;03;CO
1;AB;2023;473;2023-03-04 08:00:00;00;FC
1;AB;2023;473;2023-03-04 10:00:00;01;EM
1;AB;2023;473;2023-03-05 10:00:00;02;CE
1;AB;2023;473;2023-03-19 10:00:00;03;CO
1;AB;2023;474;2023-04-04 08:00:00;00;FC
1;AB;2023;474;2023-04-04 10:00:00;01;EM
1;AB;2023;474;2023-04-05 10:00:00;02;CE
1;AB;2023;474;2023-05-04 10:00:00;03;CO
1;AB;2023;475;2023-05-04 08:00:00;00;FC
1;AB;2023;475;2023-05-04 10:00:00;01;EM
1;AB;2023;475;2023-05-05 10:00:00;02;CE
1;AB;2023;475;2023-05-20 10:00:00;03;CO
1;AB;2023;476;2023-06-04 08:00:00;00;FC
1;AB;2023;476;2023-06-04 10:00:00;01;EM
1;AB;2023;476;2023-06-05 10:00:00;02;CE
1;AB;2023;476;2023-06-11 10:00:00;03;CO
1;AB;2023;477;2023-07-04 08:00:00;00;FC
1;AB;2023;477;2023-07-04 10:00:00;01;EM
1;AB;2023;477;2023-07-05 10:00:00;02;CE
1;AB;2023;477;2023-07-12 10:00:00;03;CO
1;AB;2023;478;2023-08-04 08:00:00;00;FC
1;AB;2023;478;2023-08-04 10:00:00;01;EM
1;AB;2023;478;2023-08-05 10:00:00;02;CE
1;AB;2023;478;2023-09-02 10:00:00;03;CO
1;AB;2023;479;2023-09-04 08:00:00;00;FC
1;AB;2023;479;2023-09-04 10:00:00;01;EM
1;AB;2023;479;2023-09-05 10:00:00;02;CE
1;AB;2023;479;2023-09-13 10:00:00;03;CO
1;AB;2023;480;2023-10-04 08:00:00;00;FC
1;AB;2023;480;2023-10-04 10:00:00;01;EM
1;AB;2023;480;2023-10-05 10:00:00;02;CE
1;AB;2023;480;2023-11-02 10:00:00;03;CO
1;AB;2023;481;2023-11-04 08:00:00;00;FC
1;AB;2023;481;2023-11-04 10:00:00;01;EM
1;AB;2023;481;2023-11-05 10:00:00;02;CE
1;AB;2023;481;2023-11-27 10:00:00;03;CO
1;AB;2023;482;2023-12-04 08:00:00;00;FC
1;AB;2023;482;2023-12-04 10:00:00;01;EM
1;AB;2023;482;2023-12-05 10:00:00;02;CE
1;AB;2023;482;2023-12-19 10:00:00;03;CO
1;AB;2024;594;2024-01-04 08:00:00;00;FC
1;AB;2024;594;2024-01-04 10:00:00;01;EM
1;AB;2024;594;2024-01-05 10:00:00;02;CE
1;AB;2024;594;2024-01-13 10:00:00;03;CO
1;AB;2024;595;2024-02-04 08:00:00;00;FC
1;AB;2024;595;2024-02-04 10:00:00;01;EM
1;AB;2024;595;2024-02-05 10:00:00;02;CE
1;AB;2024;595;2024-02-17 10:00:00;03;CO
1;AB;2024;596;2024-03-04 08:00:00;00;FC
1;AB;2024;596;2024-03-04 10:00:00;01;EM
1;AB;2024;596;2024-03-05 10:00:00;02;CE
1;AB;2024;596;2024-03-24 10:00:00;03;CO
1;AB;2024;597;2024-04-04 08:00:00;00;FC
1;AB;2024;597;2024-04-04 10:00:00;01;EM
1;AB;2024;597;2024-04-05 10:00:00;02;CE
1;AB;2024;597;2024-04-28 10:00:00;03;CO
1;AB;2024;598;2024-05-04 08:00:00;00;FC
1;AB;2024;598;2024-05-04 10:00:00;01;EM
1;AB;2024;598;2024-05-05 10:00:00;02;CE
1;AB;2024;598;2024-05-20 10:00:00;03;CO
1;AB;2024;599;2024-06-04 08:00:00;00;FC
1;AB;2024;599;2024-06-04 10:00:00;01;EM
1;AB;2024;599;2024-06-05 10:00:00;02;CE
1;AB;2024;599;2024-06-21 10:00:00;03;CO
1;AB;2024;600;2024-07-04 08:00:00;00;FC
1;AB;2024;600;2024-07-04 10:00:00;01;EM
1;AB;2024;600;2024-07-05 10:00:00;02;CE
1;AB;2024;600;2024-07-14 10:00:00;03;CO
1;AB;2024;601;2024-08-04 08:00:00;00;FC
1;AB;2024;601;2024-08-04 10:00:00;01;EM
1;AB;2024;601;2024-08-05 10:00:00;02;CE
1;AB;2024;601;2024-08-20 10:00:00;03;CO
1;AB;2024;602;2024-09-04 08:00:00;00;FC
1;AB;2024;602;2024-09-04 10:00:00;01;EM
1;AB;2024;602;2024-09-05 10:00:00;02;CE
1;AB;2024;602;2024-09-13 10:00:00;03;CO
1;AB;2024;603;2024-10-04 08:00:00;00;FC
1;AB;2024;603;2024-10-04 10:00:00;01;EM
1;AB;2024;603;2024-10-05 10:00:00;02;CE
1;AB;2024;603;2024-10-14 10:00:00;03;CO
1;AB;2024;604;2024-11-04 08:00:00;00;FC
1;AB;2024;604;2024-11-04 10:00:00;01;EM
1;AB;2024;604;2024-11-05 10:00:00;02;CE
1;AB;2024;604;2024-11-16 10:00:00;03;CO
1;AB;2024;605;2024-12-04 08:00:00;00;FC
1;AB;2024;605;2024-12-04 10:00:00;01;EM
1;AB;2024;605;2024-12-05 10:00:00;02;CE
1;AB;2024;605;2025-01-03 10:00:00;03;CO
1;AB;2025;715;2025-01-04 08:00:00;00;FC
1;AB;2025;715;2025-01-04 10:00:00;01;EM
1;AB;2025;715;2025-01-05 10:00:00;02;CE
1;AB;2025;715;2025-01-27 10:00:00;03;CO
1;AB;2025;716;2025-02-04 08:00:00;00;FC
1;AB;2025;716;2025-02-04 10:00:00;01;EM
1;AB;2025;716;2025-02-05 10:00:00;02;CE
1;AB;2025;716;2025-03-01 10:00:00;03;CO
1;AB;2025;717;2025-03-04 08:00:00;00;FC
1;AB;2025;717;2025-03-04 10:00:00;01;EM
1;AB;2025;717;2025-03-05 10:00:00;02;CE
1;AB;2025;717;2025-03-13 10:00:00;03;CO
1;AB;2025;718;2025-04-04 08:00:00;00;FC
1;AB;2025;718;2025-04-04 10:00:00;01;EM
1;AB;2025;718;2025-04-05 10:00:00;02;CE
1;AB;2025;718;2025-04-29 10:00:00;03;CO
1;AB;2025;719;2025-05-04 08:00:00;00;FC
1;AB;2025;719;2025-05-04 10:00:00;01;EM
1;AB;2025;719;2025-05-05 10:00:00;02;CE
1;AB;2025;719;2025-06-03 10:00:00;03;CO
1;AB;2025;720;2025-06-04 08:00:00;00;FC
1;AB;2025;720;2025-06-04 10:00:00;01;EM
1;AB;2025;720;2025-06-05 10:00:00;02;CE
1;AB;2025;720;2025-06-11 10:00:00;03;CO
1;AB;2025;721;2025-07-04 08:00:00;00;FC
1;AB;2025;721;2025-07-04 10:00:00;01;EM
1;AB;2025;721;2025-07-05 10:00:00;05;CN
1;AB;2025;722;2025-08-04 08:00:00;00;FC
1;AB;2025;722;2025-08-04 10:00:00;01;EM
1;AB;2025;722;2025-08-05 10:00:00;02;CE
1;AB;2025;722;2025-08-15 10:00:00;03;CO
1;AB;2025;723;2025-09-04 08:00:00;00;FC
1;AB;2025;723;2025-09-04 10:00:00;01;EM
1;AB;2025;723;2025-09-05 10:00:00;02;CE
1;AB;2025;723;2025-09-11 10:00:00;03;CO
1;AB;2025;724;2025-10-04 08:00:00;00;FC
1;AB;2025;724;2025-10-04 10:00:00;01;EM
1;AB;2025;724;2025-10-05 10:00:00;02;CE
1;AB;2025;724;2025-10-19 10:00:00;03;CO
1;AB;2025;725;2025-11-04 08:00:00;00;FC
1;AB;2025;725;2025-11-04 10:00:00;01;EM
1;AB;2025;726;2025-12-04 08:00:00;00;FC
1;AB;2025;726;2025-12-04 10:00:00;01;EM
1;AB;2026;491;2026-01-04 08:00:00;00;FC
1;AB;2026;491;2026-01-04 10:00:00;01;EM
1;AB;2026;491;2026-01-05 10:00:00;02;CE
1;AB;2026;491;2026-02-02 10:00:00;03;CO
1;AB;2026;492;2026-02-04 08:00:00;00;FC
1;AB;2026;492;2026-02-04 10:00:00;01;EM
1;AB;2026;492;2026-02-05 10:00:00;02;CE
1;AB;2026;492;2026-02-22 10:00:00;20;AJ
1;AB;2026;493;2026-03-04 08:00:00;00;FC
1;AB;2026;493;2026-03-04 10:00:00;01;EM
1;AB;2026;493;2026-03-05 10:00:00;02;CE
1;AB;2026;493;2026-04-10 10:00:00;04;DV
1;AB;2026;494;2026-04-04 08:00:00;00;FC
1;AB;2026;494;2026-04-04 10:00:00;01;EM
1;AB;2026;494;2026-04-05 10:00:00;02;CE
1;AB;2026;494;2026-04-14 10:00:00;03;CO
1;AB;2026;495;2026-05-04 08:00:00;00;FC
1;AB;2026;495;2026-05-04 10:00:00;01;EM
1;AB;2026;495;2026-05-05 10:00:00;02;CE
1;AB;2026;495;2026-06-04 10:00:00;03;CO
1;AB;2026;496;2026-06-04 08:00:00;00;FC
1;AB;2026;496;2026-06-04 10:00:00;01;EM
1;AB;2026;497;2026-07-04 08:00:00;00;FC
1;AB;2026;497;2026-07-04 10:00:00;01;EM
1;AB;2026;497;2026-07-05 10:00:00;02;CE
1;AB;2026;497;2026-07-19 10:00:00;03;CO
1;AB;2026;498;2026-08-04 08:00:00;00;FC
1;AB;2026;498;2026-08-04 10:00:00;01;EM
1;AB;2026;498;2026-08-05 10:00:00;02;CE
1;AB;2026;498;2026-09-03 10:00:00;03;CO
1;AB;2023;483;2023-11-04 08:00:00;00;FC
1;AB;2023;483;2023-11-04 10:00:00;01;EM
1;AB;2023;483;2023-11-05 10:00:00;02;CE
1;AB;2023;483;2023-12-04 10:00:00;03;CO
1;AB;2023;484;2023-12-04 08:00:00;00;FC
1;AB;2023;484;2023-12-04 10:00:00;01;EM
1;AB;2023;484;2023-12-05 10:00:00;02;CE
1;AB;2023;484;2023-12-28 10:00:00;03;CO
1;AB;2024;606;2024-01-04 08:00:00;00;FC
1;AB;2024;606;2024-01-04 10:00:00;01;EM
1;AB;2024;606;2024-01-05 10:00:00;02;CE
1;AB;2024;606;2024-01-22 10:00:00;03;CO
1;AB;2024;607;2024-02-04 08:00:00;00;FC
1;AB;2024;607;2024-02-04 10:00:00;01;EM
1;AB;2024;607;2024-02-05 10:00:00;02;CE
1;AB;2024;607;2024-02-13 10:00:00;03;CO
1;AB;2024;608;2024-03-04 08:00:00;00;FC
1;AB;2024;608;2024-03-04 10:00:00;01;EM
1;AB;2024;608;2024-03-05 10:00:00;02;CE
1;AB;2024;608;2024-03-31 10:00:00;03;CO
1;AB;2024;609;2024-04-04 08:00:00;00;FC
1;AB;2024;609;2024-04-04 10:00:00;01;EM
1;AB;2024;609;2024-04-05 10:00:00;02;CE
1;AB;2024;609;2024-04-10 10:00:00;03;CO
1;AB;2024;610;2024-05-04 08:00:00;00;FC
1;AB;2024;610;2024-05-04 10:00:00;01;EM
1;AB;2024;610;2024-05-05 10:00:00;02;CE
1;AB;2024;610;2024-06-03 10:00:00;03;CO
1;AB;2024;611;2024-06-04 08:00:00;00;FC
1;AB;2024;611;2024-06-04 10:00:00;01;EM
1;AB;2024;611;2024-06-05 10:00:00;02;CE
1;AB;2024;611;2024-06-19 10:00:00;03;CO
1;AB;2024;612;2024-07-04 08:00:00;00;FC
1;AB;2024;612;2024-07-04 10:00:00;01;EM
1;AB;2024;612;2024-07-05 10:00:00;02;CE
1;AB;2024;612;2024-07-13 10:00:00;03;CO
1;AB;2024;613;2024-08-04 08:00:00;00;FC
1;AB;2024;613;2024-08-04 10:00:00;01;EM
1;AB;2024;613;2024-08-05 10:00:00;02;CE
1;AB;2024;613;2024-08-10 10:00:00;03;CO
1;AB;2024;614;2024-09-04 08:00:00;00;FC
1;AB;2024;614;2024-09-04 10:00:00;01;EM
1;AB;2024;614;2024-09-05 10:00:00;02;CE
1;AB;2024;614;2024-09-30 10:00:00;03;CO
1;AB;2024;615;2024-10-04 08:00:00;00;FC
1;AB;2024;615;2024-10-04 10:00:00;01;EM
1;AB;2024;615;2024-10-05 10:00:00;02;CE
1;AB;2024;615;2024-10-29 10:00:00;03;CO
1;AB;2024;616;2024-11-04 08:00:00;00;FC
1;AB;2024;616;2024-11-04 10:00:00;01;EM
1;AB;2024;616;2024-11-05 10:00:00;02;CE
1;AB;2024;616;2024-11-14 10:00:00;03;CO
1;AB;2024;617;2024-12-04 08:00:00;00;FC
1;AB;2024;617;2024-12-04 10:00:00;01;EM
1;AB;2024;617;2024-12-05 10:00:00;02;CE
1;AB;2024;617;2024-12-16 10:00:00;03;CO
1;AB;2025;727;2025-01-04 08:00:00;00;FC
1;AB;2025;727;2025-01-04 10:00:00;01;EM
1;AB;2025;727;2025-01-05 10:00:00;02;CE
1;AB;2025;727;2025-01-29 10:00:00;03;CO
1;AB;2025;728;2025-02-04 08:00:00;00;FC
1;AB;2025;728;2025-02-04 10:00:00;01;EM
1;AB;2025;728;2025-02-05 10:00:00;02;CE
1;AB;2025;728;2025-02-20 10:00:00;03;CO
1;AB;2025;729;2025-03-04 08:00:00;00;FC
1;AB;2025;729;2025-03-04 10:00:00;01;EM
1;AB;2025;729;2025-03-05 10:00:00;02;CE
1;AB;2025;729;2025-03-28 10:00:00;03;CO
1;AB;2025;730;2025-04-04 08:00:00;00;FC
1;AB;2025;730;2025-04-04 10:00:00;01;EM
1;AB;2025;730;2025-04-05 10:00:00;02;CE
1;AB;2025;730;2025-04-11 10:00:00;03;CO
1;AB;2025;731;2025-05-04 08:00:00;00;FC
1;AB;2025;731;2025-05-04 10:00:00;01;EM
1;AB;2025;731;2025-05-05 10:00:00;02;CE
1;AB;2025;731;2025-05-14 10:00:00;03;CO
1;AB;2025;732;2025-06-04 08:00:00;00;FC
1;AB;2025;732;2025-06-04 10:00:00;01;EM
1;AB;2025;732;2025-06-05 10:00:00;02;CE
1;AB;2025;732;2025-06-17 10:00:00;03;CO
1;AB;2025;733;2025-07-04 08:00:00;00;FC
1;AB;2025;733;2025-07-04 10:00:00;01;EM
1;AB;2025;733;2025-07-05 10:00:00;02;CE
1;AB;2025;733;2025-07-14 10:00:00;03;CO
1;AB;2025;734;2025-08-04 08:00:00;00;FC
1;AB;2025;734;2025-08-04 10:00:00;01;EM
1;AB;2025;734;2025-08-05 10:00:00;02;CE
1;AB;2025;734;2025-08-26 10:00:00;03;CO
1;AB;2025;735;2025-09-04 08:00:00;00;FC
1;AB;2025;735;2025-09-04 10:00:00;01;EM
1;AB;2025;735;2025-09-05 10:00:00;02;CE
1;AB;2025;735;2025-10-02 10:00:00;04;DV
1;AB;2025;735;2025-10-10 10:00:00;24;RC
1;AB;2025;736;2025-10-04 08:00:00;00;FC
1;AB;2025;736;2025-10-04 10:00:00;01;EM
1;AB;2025;736;2025-10-05 10:00:00;02;CE
1;AB;2025;736;2025-10-12 10:00:00;03;CO
1;AB;2025;737;2025-11-04 08:00:00;00;FC
1;AB;2025;737;2025-11-04 10:00:00;01;EM
1;AB;2025;737;2025-11-05 10:00:00;02;CE
1;AB;2025;737;2025-11-16 10:00:00;03;CO
1;AB;2025;738;2025-12-04 08:00:00;00;FC
1;AB;2025;738;2025-12-04 10:00:00;01;EM
1;AB;2025;738;2025-12-05 10:00:00;02;CE
1;AB;2025;738;2025-12-15 10:00:00;03;CO
1;AB;2026;499;2026-01-04 08:00:00;00;FC
1;AB;2026;499;2026-01-04 10:00:00;01;EM
1;AB;2026;499;2026-01-05 10:00:00;02;CE
1;AB;2026;499;2026-01-22 10:00:00;03;CO
1;AB;2026;500;2026-02-04 08:00:00;00;FC
1;AB;2026;500;2026-02-04 10:00:00;01;EM
1;AB;2026;500;2026-02-05 10:00:00;02;CE
1;AB;2026;500;2026-03-07 10:00:00;03;CO
1;AB;2026;501;2026-03-04 08:00:00;00;FC
1;AB;2026;501;2026-03-04 10:00:00;01;EM
1;AB;2026;501;2026-03-05 10:00:00;02;CE
1;AB;2026;501;2026-03-24 10:00:00;03;CO
1;AB;2026;502;2026-04-04 08:00:00;00;FC
1;AB;2026;502;2026-04-04 10:00:00;01;EM
1;AB;2026;502;2026-04-05 10:00:00;02;CE
1;AB;2026;502;2026-05-04 10:00:00;03;CO
1;AB;2026;503;2026-05-04 08:00:00;00;FC
1;AB;2026;503;2026-05-04 10:00:00;01;EM
1;AB;2026;503;2026-05-05 10:00:00;02;CE
1;AB;2026;503;2026-05-27 10:00:00;03;CO
1;AB;2026;504;2026-06-04 08:00:00;00;FC
1;AB;2026;504;2026-06-04 10:00:00;01;EM
1;AB;2026;504;2026-06-05 10:00:00;02;CE
1;AB;2026;504;2026-06-19 10:00:00;03;CO
1;AB;2026;505;2026-07-04 08:00:00;00;FC
1;AB;2026;505;2026-07-04 10:00:00;01;EM
1;AB;2026;505;2026-07-05 10:00:00;02;CE
1;AB;2026;505;2026-07-26 10:00:00;03;CO
1;AB;2026;506;2026-08-04 08:00:00;00;FC
1;AB;2026;506;2026-08-04 10:00:00;01;EM
1;AB;2024;618;2024-12-04 08:00:00;00;FC
1;AB;2024;618;2024-12-04 10:00:00;01;EM
1;AB;2024;618;2024-12-05 10:00:00;02;CE
1;AB;2024;618;2025-01-01 10:00:00;03;CO
1;AB;2025;739;2025-01-04 08:00:00;00;FC
1;AB;2025;739;2025-01-04 10:00:00;01;EM
1;AB;2025;739;2025-01-05 10:00:00;02;CE
1;AB;2025;739;2025-01-11 10:00:00;03;CO
1;AB;2025;740;2025-02-04 08:00:00;00;FC
1;AB;2025;740;2025-02-04 10:00:00;01;EM
1;AB;2025;740;2025-02-05 10:00:00;02;CE
1;AB;2025;740;2025-02-10 10:00:00;03;CO
1;AB;2025;741;2025-03-04 08:00:00;00;FC
1;AB;2025;741;2025-03-04 10:00:00;01;EM
1;AB;2025;741;2025-03-05 10:00:00;02;CE
1;AB;2025;741;2025-03-15 10:00:00;03;CO
1;AB;2025;742;2025-04-04 08:00:00;00;FC
1;AB;2025;742;2025-04-04 10:00:00;01;EM
1;AB;2025;742;2025-04-05 10:00:00;02;CE
1;AB;2025;742;2025-04-14 10:00:00;03;CO
1;AB;2025;743;2025-05-04 08:00:00;00;FC
1;AB;2025;743;2025-05-04 10:00:00;01;EM
1;AB;2025;743;2025-05-05 10:00:00;02;CE
1;AB;2025;743;2025-05-30 10:00:00;03;CO
1;AB;2025;744;2025-06-04 08:00:00;00;FC
1;AB;2025;744;2025-06-04 10:00:00;01;EM
1;AB;2025;744;2025-06-05 10:00:00;02;CE
1;AB;2025;744;2025-07-05 10:00:00;03;CO
1;AB;2025;745;2025-07-04 08:00:00;00;FC
1;AB;2025;745;2025-07-04 10:00:00;01;EM
1;AB;2025;745;2025-07-05 10:00:00;02;CE
1;AB;2025;745;2025-08-03 10:00:00;03;CO
1;AB;2025;746;2025-08-04 08:00:00;00;FC
1;AB;2025;746;2025-08-04 10:00:00;01;EM
1;AB;2025;746;2025-08-05 10:00:00;02;CE
1;AB;2025;746;2025-08-30 10:00:00;03;CO
1;AB;2025;747;2025-09-04 08:00:00;00;FC
1;AB;2025;747;2025-09-04 10:00:00;01;EM
1;AB;2025;747;2025-09-05 10:00:00;02;CE
1;AB;2025;747;2025-09-23 10:00:00;03;CO
1;AB;2025;748;2025-10-04 08:00:00;00;FC
1;AB;2025;748;2025-10-04 10:00:00;01;EM
1;AB;2025;748;2025-10-05 10:00:00;02;CE
1;AB;2025;748;2025-10-12 10:00:00;03;CO
1;AB;2025;749;2025-11-04 08:00:00;00;FC
1;AB;2025;749;2025-11-04 10:00:00;01;EM
1;AB;2025;749;2025-11-05 10:00:00;02;CE
1;AB;2025;749;2025-11-19 10:00:00;03;CO
1;AB;2025;750;2025-12-04 08:00:00;00;FC
1;AB;2025;750;2025-12-04 10:00:00;01;EM
1;AB;2025;750;2025-12-05 10:00:00;02;CE
1;AB;2025;750;2025-12-26 10:00:00;03;CO
1;AB;2026;507;2026-01-04 08:00:00;00;FC
1;AB;2026;507;2026-01-04 10:00:00;01;EM
1;AB;2026;507;2026-01-05 10:00:00;02;CE
1;AB;2026;507;2026-01-29 10:00:00;03;CO
1;AB;2026;508;2026-02-04 08:00:00;00;FC
1;AB;2026;508;2026-02-04 10:00:00;01;EM
1;AB;2026;508;2026-02-05 10:00:00;02;CE
1;AB;2026;508;2026-02-28 10:00:00;03;CO
1;AB;2026;509;2026-03-04 08:00:00;00;FC
1;AB;2026;509;2026-03-04 10:00:00;01;EM
1;AB;2026;509;2026-03-05 10:00:00;02;CE
1;AB;2026;509;2026-03-27 10:00:00;03;CO
1;AB;2026;510;2026-04-04 08:00:00;00;FC
1;AB;2026;510;2026-04-04 10:00:00;01;EM
1;AB;2026;510;2026-04-05 10:00:00;02;CE
1;AB;2026;510;2026-04-14 10:00:00;03;CO
1;AB;2026;511;2026-05-04 08:00:00;00;FC
1;AB;2026;511;2026-05-04 10:00:00;01;EM
1;AB;2026;511;2026-05-05 10:00:00;02;CE
1;AB;2026;511;2026-05-25 10:00:00;03;CO
1;AB;2026;512;2026-06-04 08:00:00;00;FC
1;AB;2026;512;2026-06-04 10:00:00;01;EM
1;AB;2026;512;2026-06-05 10:00:00;02;CE
1;AB;2026;512;2026-06-23 10:00:00;03;CO
1;AB;2026;513;2026-07-04 08:00:00;00;FC
1;AB;2026;513;2026-07-04 10:00:00;01;EM
1;AB;2026;513;2026-07-05 10:00:00;02;CE
1;AB;2026;513;2026-07-21 10:00:00;03;CO
1;AB;2026;514;2026-08-04 08:00:00;00;FC
1;AB;2026;514;2026-08-04 10:00:00;01;EM
1;AB;2026;514;2026-08-05 10:00:00;02;CE
1;AB;2026;514;2026-08-24 10:00:00;03;CO
1;AB;2026;515;2026-01-04 08:00:00;00;FC
1;AB;2026;515;2026-01-04 10:00:00;01;EM
1;AB;2026;515;2026-01-05 10:00:00;02;CE
1;AB;2026;515;2026-02-03 10:00:00;03;CO
1;AB;2026;516;2026-02-04 08:00:00;00;FC
1;AB;2026;516;2026-02-04 10:00:00;01;EM
1;AB;2026;516;2026-02-05 10:00:00;02;CE
1;AB;2026;516;2026-02-15 10:00:00;03;CO
1;AB;2026;517;2026-03-04 08:00:00;00;FC
1;AB;2026;517;2026-03-04 10:00:00;01;EM
1;AB;2026;517;2026-03-05 10:00:00;02;CE
1;AB;2026;517;2026-03-10 10:00:00;03;CO
1;AB;2026;518;2026-04-04 08:00:00;00;FC
1;AB;2026;518;2026-04-04 10:00:00;01;EM
1;AB;2026;518;2026-04-05 10:00:00;02;CE
1;AB;2026;518;2026-04-28 10:00:00;03;CO
1;AB;2026;519;2026-05-04 08:00:00;00;FC
1;AB;2026;519;2026-05-04 10:00:00;01;EM
1;AB;2026;519;2026-05-05 10:00:00;02;CE
1;AB;2026;519;2026-05-31 10:00:00;03;CO
1;AB;2026;520;2026-06-04 08:00:00;00;FC
1;AB;2026;520;2026-06-04 10:00:00;01;EM
1;AB;2026;520;2026-06-05 10:00:00;02;CE
1;AB;2026;520;2026-06-16 10:00:00;03;CO
1;AB;2026;521;2026-07-04 08:00:00;00;FC
1;AB;2026;521;2026-07-04 10:00:00;01;EM
1;AB;2026;521;2026-07-05 10:00:00;02;CE
1;AB;2026;521;2026-07-24 10:00:00;03;CO
1;AB;2026;522;2026-08-04 08:00:00;00;FC
1;AB;2026;522;2026-08-04 10:00:00;01;EM
1;AB;2026;522;2026-08-05 10:00:00;02;CE
1;AB;2026;522;2026-08-24 10:00:00;03;CO
1;AB;2020;92;2020-02-14 08:00:00;00;FC
1;AB;2020;92;2020-02-14 10:00:00;01;EM
1;AB;2020;92;2020-02-15 10:00:00;02;CE
1;AB;2020;92;2020-03-14 10:00:00;03;CO
1;AB;2020;93;2020-03-14 08:00:00;00;FC
1;AB;2020;93;2020-03-14 10:00:00;01;EM
1;AB;2020;93;2020-03-15 10:00:00;02;CE
1;AB;2020;93;2020-03-31 10:00:00;03;CO
1;AB;2020;94;2020-04-14 08:00:00;00;FC
1;AB;2020;94;2020-04-14 10:00:00;01;EM
1;AB;2020;94;2020-04-15 10:00:00;02;CE
1;AB;2020;94;2020-05-10 10:00:00;03;CO
1;AB;2020;95;2020-05-14 08:00:00;00;FC
1;AB;2020;95;2020-05-14 10:00:00;01;EM
1;AB;2020;95;2020-05-15 10:00:00;02;CE
1;AB;2020;95;2020-06-11 10:00:00;03;CO
1;AB;2020;96;2020-06-14 08:00:00;00;FC
1;AB;2020;96;2020-06-14 10:00:00;01;EM
1;AB;2020;96;2020-06-15 10:00:00;02;CE
1;AB;2020;96;2020-07-13 10:00:00;03;CO
1;AB;2020;97;2020-07-14 08:00:00;00;FC
1;AB;2020;97;2020-07-14 10:00:00;01;EM
1;AB;2020;97;2020-07-15 10:00:00;02;CE
1;AB;2020;97;2020-07-31 10:00:00;03;CO
1;AB;2020;98;2020-08-14 08:00:00;00;FC
1;AB;2020;98;2020-08-14 10:00:00;01;EM
1;AB;2020;98;2020-08-15 10:00:00;02;CE
1;AB;2020;98;2020-08-22 10:00:00;03;CO
1;AB;2020;99;2020-09-14 08:00:00;00;FC
1;AB;2020;99;2020-09-14 10:00:00;01;EM
1;AB;2020;99;2020-09-15 10:00:00;02;CE
1;AB;2020;99;2020-09-30 10:00:00;03;CO
1;AB;2020;100;2020-10-14 08:00:00;00;FC
1;AB;2020;100;2020-10-14 10:00:00;01;EM
1;AB;2020;100;2020-10-15 10:00:00;02;CE
1;AB;2020;100;2020-11-05 10:00:00;03;CO
1;AB;2020;101;2020-11-14 08:00:00;00;FC
1;AB;2020;101;2020-11-14 10:00:00;01;EM
1;AB;2020;101;2020-11-15 10:00:00;02;CE
1;AB;2020;101;2020-12-05 10:00:00;03;CO
1;AB;2020;102;2020-12-14 08:00:00;00;FC
1;AB;2020;102;2020-12-14 10:00:00;01;EM
1;AB;2020;102;2020-12-15 10:00:00;02;CE
1;AB;2020;102;2021-01-01 10:00:00;03;CO
1;AB;2021;223;2021-01-14 08:00:00;00;FC
1;AB;2021;223;2021-01-14 10:00:00;01;EM
1;AB;2021;223;2021-01-15 10:00:00;02;CE
1;AB;2021;223;2021-01-27 10:00:00;03;CO
1;AB;2021;224;2021-02-14 08:00:00;00;FC
1;AB;2021;224;2021-02-14 10:00:00;01;EM
1;AB;2021;224;2021-02-15 10:00:00;02;CE
1;AB;2021;224;2021-03-03 10:00:00;03;CO
1;AB;2021;225;2021-03-14 08:00:00;00;FC
1;AB;2021;225;2021-03-14 10:00:00;01;EM
1;AB;2021;225;2021-03-15 10:00:00;02;CE
1;AB;2021;225;2021-04-12 10:00:00;03;CO
1;AB;2021;226;2021-04-14 08:00:00;00;FC
1;AB;2021;226;2021-04-14 10:00:00;01;EM
1;AB;2021;226;2021-04-15 10:00:00;02;CE
1;AB;2021;226;2021-05-07 10:00:00;03;CO
1;AB;2021;227;2021-05-14 08:00:00;00;FC
1;AB;2021;227;2021-05-14 10:00:00;01;EM
1;AB;2021;227;2021-05-15 10:00:00;02;CE
1;AB;2021;227;2021-06-13 10:00:00;03;CO
1;AB;2021;228;2021-06-14 08:00:00;00;FC
1;AB;2021;228;2021-06-14 10:00:00;01;EM
1;AB;2021;228;2021-06-15 10:00:00;02;CE
1;AB;2021;228;2021-07-01 10:00:00;03;CO
1;AB;2021;229;2021-07-14 08:00:00;00;FC
1;AB;2021;229;2021-07-14 10:00:00;01;EM
1;AB;2021;229;2021-07-15 10:00:00;02;CE
1;AB;2021;229;2021-08-10 10:00:00;03;CO
1;AB;2021;230;2021-08-14 08:00:00;00;FC
1;AB;2021;230;2021-08-14 10:00:00;01;EM
1;AB;2021;230;2021-08-15 10:00:00;02;CE
1;AB;2021;230;2021-08-31 10:00:00;03;CO
1;AB;2021;231;2021-09-14 08:00:00;00;FC
1;AB;2021;231;2021-09-14 10:00:00;01;EM
1;AB;2021;231;2021-09-15 10:00:00;02;CE
1;AB;2021;231;2021-10-09 10:00:00;03;CO
1;AB;2021;232;2021-10-14 08:00:00;00;FC
1;AB;2021;232;2021-10-14 10:00:00;01;EM
1;AB;2021;232;2021-10-15 10:00:00;02;CE
1;AB;2021;232;2021-10-21 10:00:00;03;CO
1;AB;2021;233;2021-11-14 08:00:00;00;FC
1;AB;2021;233;2021-11-14 10:00:00;01;EM
1;AB;2021;233;2021-11-15 10:00:00;02;CE
1;AB;2021;233;2021-12-07 10:00:00;03;CO
1;AB;2021;234;2021-12-14 08:00:00;00;FC
1;AB;2021;234;2021-12-14 10:00:00;01;EM
1;AB;2021;234;2021-12-15 10:00:00;02;CE
1;AB;2021;234;2022-01-14 10:00:00;03;CO
1;AB;2022;355;2022-01-14 08:00:00;00;FC
1;AB;2022;355;2022-01-14 10:00:00;01;EM
1;AB;2022;355;2022-01-15 10:00:00;02;CE
1;AB;2022;355;2022-01-20 10:00:00;03;CO
1;AB;2022;356;2022-02-14 08:00:00;00;FC
1;AB;2022;356;2022-02-14 10:00:00;01;EM
1;AB;2022;356;2022-02-15 10:00:00;02;CE
1;AB;2022;356;2022-02-23 10:00:00;03;CO
1;AB;2022;357;2022-03-14 08:00:00;00;FC
1;AB;2022;357;2022-03-14 10:00:00;01;EM
1;AB;2022;357;2022-03-15 10:00:00;02;CE
1;AB;2022;357;2022-04-06 10:00:00;03;CO
1;AB;2022;358;2022-04-14 08:00:00;00;FC
1;AB;2022;358;2022-04-14 10:00:00;01;EM
1;AB;2022;358;2022-04-15 10:00:00;02;CE
1;AB;2022;358;2022-05-08 10:00:00;03;CO
1;AB;2022;359;2022-05-14 08:00:00;00;FC
1;AB;2022;359;2022-05-14 10:00:00;01;EM
1;AB;2022;359;2022-05-15 10:00:00;02;CE
1;AB;2022;359;2022-05-20 10:00:00;03;CO
1;AB;2022;360;2022-06-14 08:00:00;00;FC
1;AB;2022;360;2022-06-14 10:00:00;01;EM
1;AB;2022;360;2022-06-15 10:00:00;02;CE
1;AB;2022;360;2022-06-24 10:00:00;03;CO
1;AB;2022;361;2022-07-14 08:00:00;00;FC
1;AB;2022;361;2022-07-14 10:00:00;01;EM
1;AB;2022;361;2022-07-15 10:00:00;02;CE
1;AB;2022;361;2022-08-01 10:00:00;03;CO
1;AB;2022;362;2022-08-14 08:00:00;00;FC
1;AB;2022;362;2022-08-14 10:00:00;01;EM
1;AB;2022;362;2022-08-15 10:00:00;02;CE
1;AB;2022;362;2022-09-12 10:00:00;03;CO
1;AB;2022;363;2022-09-14 08:00:00;00;FC
1;AB;2022;363;2022-09-14 10:00:00;01;EM
1;AB;2022;363;2022-09-15 10:00:00;02;CE
1;AB;2022;363;2022-10-14 10:00:00;03;CO
1;AB;2022;364;2022-10-14 08:00:00;00;FC
1;AB;2022;364;2022-10-14 10:00:00;01;EM
1;AB;2022;364;2022-10-15 10:00:00;02;CE
1;AB;2022;364;2022-11-01 10:00:00;03;CO
1;AB;2022;365;2022-11-14 08:00:00;00;FC
1;AB;2022;365;2022-11-14 10:00:00;01;EM
1;AB;2022;365;2022-11-15 10:00:00;02;CE
1;AB;2022;365;2022-12-09 10:00:00;03;CO
1;AB;2022;366;2022-12-14 08:00:00;00;FC
1;AB;2022;366;2022-12-14 10:00:00;01;EM
1;AB;2022;366;2022-12-15 10:00:00;05;CN
1;AB;2023;485;2023-01-14 08:00:00;00;FC
1;AB;2023;485;2023-01-14 10:00:00;01;EM
1;AB;2023;485;2023-01-15 10:00:00;02;CE
1;AB;2023;485;2023-01-21 10:00:00;03;CO
1;AB;2023;486;2023-02-14 08:00:00;00;FC
1;AB;2023;486;2023-02-14 10:00:00;01;EM
1;AB;2023;486;2023-02-15 10:00:00;02;CE
1;AB;2023;486;2023-03-17 10:00:00;03;CO
1;AB;2023;487;2023-03-14 08:00:00;00;FC
1;AB;2023;487;2023-03-14 10:00:00;01;EM
1;AB;2023;487;2023-03-15 10:00:00;02;CE
1;AB;2023;487;2023-03-26 10:00:00;03;CO
1;AB;2023;488;2023-04-14 08:00:00;00;FC
1;AB;2023;488;2023-04-14 10:00:00;01;EM
1;AB;2023;488;2023-04-15 10:00:00;02;CE
1;AB;2023;488;2023-05-06 10:00:00;03;CO
1;AB;2023;489;2023-05-14 08:00:00;00;FC
1;AB;2023;489;2023-05-14 10:00:00;01;EM
1;AB;2023;489;2023-05-15 10:00:00;02;CE
1;AB;2023;489;2023-06-12 10:00:00;03;CO
1;AB;2023;490;2023-06-14 08:00:00;00;FC
1;AB;2023;490;2023-06-14 10:00:00;01;EM
1;AB;2023;490;2023-06-15 10:00:00;02;CE
1;AB;2023;490;2023-06-30 10:00:00;03;CO
1;AB;2023;491;2023-07-14 08:00:00;00;FC
1;AB;2023;491;2023-07-14 10:00:00;01;EM
1;AB;2023;491;2023-07-15 10:00:00;02;CE
1;AB;2023;491;2023-08-14 10:00:00;03;CO
1;AB;2023;492;2023-08-14 08:00:00;00;FC
1;AB;2023;492;2023-08-14 10:00:00;01;EM
1;AB;2023;492;2023-08-15 10:00:00;02;CE
1;AB;2023;492;2023-08-30 10:00:00;03;CO
1;AB;2023;493;2023-09-14 08:00:00;00;FC
1;AB;2023;493;2023-09-14 10:00:00;01;EM
1;AB;2023;493;2023-09-15 10:00:00;02;CE
1;AB;2023;493;2023-10-01 10:00:00;03;CO
1;AB;2023;494;2023-10-14 08:00:00;00;FC
1;AB;2023;494;2023-10-14 10:00:00;01;EM
1;AB;2023;494;2023-10-15 10:00:00;02;CE
1;AB;2023;494;2023-11-08 10:00:00;03;CO
1;AB;2023;495;2023-11-14 08:00:00;00;FC
1;AB;2023;495;2023-11-14 10:00:00;01;EM
1;AB;2023;495;2023-11-15 10:00:00;02;CE
1;AB;2023;495;2023-12-10 10:00:00;03;CO
1;AB;2023;496;2023-12-14 08:00:00;00;FC
1;AB;2023;496;2023-12-14 10:00:00;01;EM
1;AB;2023;496;2023-12-15 10:00:00;02;CE
1;AB;2023;496;2024-01-12 10:00:00;03;CO
1;AB;2024;619;2024-01-14 08:00:00;00;FC
1;AB;2024;619;2024-01-14 10:00:00;01;EM
1;AB;2024;619;2024-01-15 10:00:00;02;CE
1;AB;2024;619;2024-02-04 10:00:00;03;CO
1;AB;2024;620;2024-02-14 08:00:00;00;FC
1;AB;2024;620;2024-02-14 10:00:00;01;EM
1;AB;2024;620;2024-02-15 10:00:00;02;CE
1;AB;2024;620;2024-03-07 10:00:00;03;CO
1;AB;2024;621;2024-03-14 08:00:00;00;FC
1;AB;2024;621;2024-03-14 10:00:00;01;EM
1;AB;2024;621;2024-03-15 10:00:00;02;CE
1;AB;2024;621;2024-04-05 10:00:00;03;CO
1;AB;2024;622;2024-04-14 08:00:00;00;FC
1;AB;2024;622;2024-04-14 10:00:00;01;EM
1;AB;2024;622;2024-04-15 10:00:00;02;CE
1;AB;2024;622;2024-05-15 10:00:00;03;CO
1;AB;2024;623;2024-05-14 08:00:00;00;FC
1;AB;2024;623;2024-05-14 10:00:00;01;EM
1;AB;2024;623;2024-05-15 10:00:00;02;CE
1;AB;2024;623;2024-06-12 10:00:00;03;CO
1;AB;2024;624;2024-06-14 08:00:00;00;FC
1;AB;2024;624;2024-06-14 10:00:00;01;EM
1;AB;2024;624;2024-06-15 10:00:00;02;CE
1;AB;2024;624;2024-07-11 10:00:00;03;CO
1;AB;2024;625;2024-07-14 08:00:00;00;FC
1;AB;2024;625;2024-07-14 10:00:00;01;EM
1;AB;2024;625;2024-07-15 10:00:00;02;CE
1;AB;2024;625;2024-07-20 10:00:00;03;CO
1;AB;2024;626;2024-08-14 08:00:00;00;FC
1;AB;2024;626;2024-08-14 10:00:00;01;EM
1;AB;2024;626;2024-08-15 10:00:00;02;CE
1;AB;2024;626;2024-08-23 10:00:00;03;CO
1;AB;2024;627;2024-09-14 08:00:00;00;FC
1;AB;2024;627;2024-09-14 10:00:00;01;EM
1;AB;2024;627;2024-09-15 10:00:00;02;CE
1;AB;2024;627;2024-09-26 10:00:00;03;CO
1;AB;2024;628;2024-10-14 08:00:00;00;FC
1;AB;2024;628;2024-10-14 10:00:00;01;EM
1;AB;2024;628;2024-10-15 10:00:00;02;CE
1;AB;2024;628;2024-11-03 10:00:00;03;CO
1;AB;2024;629;2024-11-14 08:00:00;00;FC
1;AB;2024;629;2024-11-14 10:00:00;01;EM
1;AB;2024;629;2024-11-15 10:00:00;02;CE
1;AB;2024;629;2024-11-27 10:00:00;03;CO
1;AB;2024;630;2024-12-14 08:00:00;00;FC
1;AB;2024;630;2024-12-14 10:00:00;01;EM
1;AB;2024;630;2024-12-15 10:00:00;02;CE
1;AB;2024;630;2025-01-06 10:00:00;03;CO
1;AB;2025;751;2025-01-14 08:00:00;00;FC
1;AB;2025;751;2025-01-14 10:00:00;01;EM
1;AB;2025;751;2025-01-15 10:00:00;02;CE
1;AB;2025;751;2025-02-09 10:00:00;03;CO
1;AB;2025;752;2025-02-14 08:00:00;00;FC
1;AB;2025;752;2025-02-14 10:00:00;01;EM
1;AB;2025;752;2025-02-15 10:00:00;02;CE
1;AB;2025;752;2025-03-10 10:00:00;03;CO
1;AB;2025;753;2025-03-14 08:00:00;00;FC
1;AB;2025;753;2025-03-14 10:00:00;01;EM
1;AB;2025;753;2025-03-15 10:00:00;02;CE
1;AB;2025;753;2025-03-29 10:00:00;03;CO
1;AB;2025;754;2025-04-14 08:00:00;00;FC
1;AB;2025;754;2025-04-14 10:00:00;01;EM
1;AB;2025;754;2025-04-15 10:00:00;02;CE
1;AB;2025;754;2025-04-27 10:00:00;03;CO
1;AB;2025;755;2025-05-14 08:00:00;00;FC
1;AB;2025;755;2025-05-14 10:00:00;01;EM
1;AB;2025;755;2025-05-15 10:00:00;02;CE
1;AB;2025;755;2025-05-29 10:00:00;03;CO
1;AB;2025;756;2025-06-14 08:00:00;00;FC
1;AB;2025;756;2025-06-14 10:00:00;01;EM
1;AB;2025;756;2025-06-15 10:00:00;02;CE
1;AB;2025;756;2025-06-23 10:00:00;03;CO
1;AB;2025;757;2025-07-14 08:00:00;00;FC
1;AB;2025;757;2025-07-14 10:00:00;01;EM
1;AB;2025;757;2025-07-15 10:00:00;02;CE
1;AB;2025;757;2025-07-25 10:00:00;03;CO
1;AB;2025;758;2025-08-14 08:00:00;00;FC
1;AB;2025;758;2025-08-14 10:00:00;01;EM
1;AB;2025;758;2025-08-15 10:00:00;02;CE
1;AB;2025;758;2025-09-11 10:00:00;03;CO
1;AB;2025;759;2025-09-14 08:00:00;00;FC
1;AB;2025;759;2025-09-14 10:00:00;01;EM
1;AB;2025;759;2025-09-15 10:00:00;02;CE
1;AB;2025;759;2025-09-26 10:00:00;03;CO
1;AB;2025;760;2025-10-14 08:00:00;00;FC
1;AB;2025;760;2025-10-14 10:00:00;01;EM
1;AB;2025;760;2025-10-15 10:00:00;02;CE
1;AB;2025;760;2025-11-05 10:00:00;03;CO
1;AB;2025;761;2025-11-14 08:00:00;00;FC
1;AB;2025;761;2025-11-14 10:00:00;01;EM
1;AB;2025;761;2025-11-15 10:00:00;02;CE
1;AB;2025;761;2025-12-01 10:00:00;03;CO
1;AB;2025;762;2025-12-14 08:00:00;00;FC
1;AB;2025;762;2025-12-14 10:00:00;01;EM
1;AB;2026;523;2026-01-14 08:00:00;00;FC
1;AB;2026;523;2026-01-14 10:00:00;01;EM
1;AB;2026;523;2026-01-15 10:00:00;02;CE
1;AB;2026;523;2026-02-05 10:00:00;03;CO
1;AB;2026;524;2026-02-14 08:00:00;00;FC
1;AB;2026;524;2026-02-14 10:00:00;01;EM
1;AB;2026;524;2026-02-15 10:00:00;02;CE
1;AB;2026;524;2026-03-17 10:00:00;03;CO
1;AB;2026;525;2026-03-14 08:00:00;00;FC
1;AB;2026;525;2026-03-14 10:00:00;01;EM
1;AB;2026;526;2026-04-14 08:00:00;00;FC
1;AB;2026;526;2026-04-14 10:00:00;01;EM
1;AB;2026;526;2026-04-15 10:00:00;02;CE
1;AB;2026;526;2026-05-07 10:00:00;03;CO
1;AB;2026;527;2026-05-14 08:00:00;00;FC
1;AB;2026;527;2026-05-14 10:00:00;01;EM
1;AB;2026;527;2026-05-15 10:00:00;02;CE
1;AB;2026;527;2026-06-09 10:00:00;03;CO
1;AB;2026;528;2026-06-14 08:00:00;00;FC
1;AB;2026;528;2026-06-14 10:00:00;01;EM
1;AB;2026;529;2026-07-14 08:00:00;00;FC
1;AB;2026;529;2026-07-14 10:00:00;01;EM
1;AB;2026;529;2026-07-15 10:00:00;02;CE
1;AB;2026;529;2026-08-16 10:00:00;04;DV
1;AB;2021;235;2021-03-14 08:00:00;00;FC
1;AB;2021;235;2021-03-14 10:00:00;01;EM
1;AB;2021;235;2021-03-15 10:00:00;02;CE
1;AB;2021;235;2021-03-25 10:00:00;03;CO
1;AB;2021;236;2021-04-14 08:00:00;00;FC
1;AB;2021;236;2021-04-14 10:00:00;01;EM
1;AB;2021;236;2021-04-15 10:00:00;02;CE
1;AB;2021;236;2021-05-04 10:00:00;03;CO
1;AB;2021;237;2021-05-14 08:00:00;00;FC
1;AB;2021;237;2021-05-14 10:00:00;01;EM
1;AB;2021;237;2021-05-15 10:00:00;02;CE
1;AB;2021;237;2021-06-06 10:00:00;03;CO
1;AB;2021;238;2021-06-14 08:00:00;00;FC
1;AB;2021;238;2021-06-14 10:00:00;01;EM
1;AB;2021;238;2021-06-15 10:00:00;02;CE
1;AB;2021;238;2021-06-21 10:00:00;03;CO
1;AB;2021;239;2021-07-14 08:00:00;00;FC
1;AB;2021;239;2021-07-14 10:00:00;01;EM
1;AB;2021;239;2021-07-15 10:00:00;02;CE
1;AB;2021;239;2021-08-14 10:00:00;03;CO
1;AB;2021;240;2021-08-14 08:00:00;00;FC
1;AB;2021;240;2021-08-14 10:00:00;01;EM
1;AB;2021;240;2021-08-15 10:00:00;02;CE
1;AB;2021;240;2021-08-27 10:00:00;03;CO
1;AB;2021;241;2021-09-14 08:00:00;00;FC
1;AB;2021;241;2021-09-14 10:00:00;01;EM
1;AB;2021;241;2021-09-15 10:00:00;02;CE
1;AB;2021;241;2021-09-29 10:00:00;03;CO
1;AB;2021;242;2021-10-14 08:00:00;00;FC
1;AB;2021;242;2021-10-14 10:00:00;01;EM
1;AB;2021;242;2021-10-15 10:00:00;02;CE
1;AB;2021;242;2021-11-14 10:00:00;03;CO
1;AB;2021;243;2021-11-14 08:00:00;00;FC
1;AB;2021;243;2021-11-14 10:00:00;01;EM
1;AB;2021;243;2021-11-15 10:00:00;02;CE
1;AB;2021;243;2021-12-08 10:00:00;03;CO
1;AB;2021;244;2021-12-14 08:00:00;00;FC
1;AB;2021;244;2021-12-14 10:00:00;01;EM
1;AB;2021;244;2021-12-15 10:00:00;02;CE
1;AB;2021;244;2021-12-30 10:00:00;03;CO
1;AB;2022;367;2022-01-14 08:00:00;00;FC
1;AB;2022;367;2022-01-14 10:00:00;01;EM
1;AB;2022;367;2022-01-15 10:00:00;02;CE
1;AB;2022;367;2022-02-14 10:00:00;03;CO
1;AB;2022;368;2022-02-14 08:00:00;00;FC
1;AB;2022;368;2022-02-14 10:00:00;01;EM
1;AB;2022;368;2022-02-15 10:00:00;02;CE
1;AB;2022;368;2022-02-23 10:00:00;03;CO
1;AB;2022;369;2022-03-14 08:00:00;00;FC
1;AB;2022;369;2022-03-14 10:00:00;01;EM
1;AB;2022;369;2022-03-15 10:00:00;02;CE
1;AB;2022;369;2022-03-29 10:00:00;03;CO
1;AB;2022;370;2022-04-14 08:00:00;00;FC
1;AB;2022;370;2022-04-14 10:00:00;01;EM
1;AB;2022;370;2022-04-15 10:00:00;02;CE
1;AB;2022;370;2022-04-22 10:00:00;03;CO
1;AB;2022;371;2022-05-14 08:00:00;00;FC
1;AB;2022;371;2022-05-14 10:00:00;01;EM
1;AB;2022;371;2022-05-15 10:00:00;02;CE
1;AB;2022;371;2022-05-25 10:00:00;03;CO
1;AB;2022;372;2022-06-14 08:00:00;00;FC
1;AB;2022;372;2022-06-14 10:00:00;01;EM
1;AB;2022;372;2022-06-15 10:00:00;02;CE
1;AB;2022;372;2022-07-10 10:00:00;03;CO
1;AB;2022;373;2022-07-14 08:00:00;00;FC
1;AB;2022;373;2022-07-14 10:00:00;01;EM
1;AB;2022;373;2022-07-15 10:00:00;02;CE
1;AB;2022;373;2022-07-23 10:00:00;03;CO
1;AB;2022;374;2022-08-14 08:00:00;00;FC
1;AB;2022;374;2022-08-14 10:00:00;01;EM
1;AB;2022;374;2022-08-15 10:00:00;02;CE
1;AB;2022;374;2022-08-27 10:00:00;03;CO
1;AB;2022;375;2022-09-14 08:00:00;00;FC
1;AB;2022;375;2022-09-14 10:00:00;01;EM
1;AB;2022;375;2022-09-15 10:00:00;02;CE
1;AB;2022;375;2022-09-26 10:00:00;03;CO
1;AB;2022;376;2022-10-14 08:00:00;00;FC
1;AB;2022;376;2022-10-14 10:00:00;01;EM
1;AB;2022;376;2022-10-15 10:00:00;02;CE
1;AB;2022;376;2022-10-23 10:00:00;03;CO
1;AB;2022;377;2022-11-14 08:00:00;00;FC
1;AB;2022;377;2022-11-14 10:00:00;01;EM
1;AB;2022;377;2022-11-15 10:00:00;02;CE
1;AB;2022;377;2022-11-24 10:00:00;03;CO
1;AB;2022;378;2022-12-14 08:00:00;00;FC
1;AB;2022;378;2022-12-14 10:00:00;01;EM
1;AB;2022;378;2022-12-15 10:00:00;02;CE
1;AB;2022;378;2022-12-31 10:00:00;03;CO
1;AB;2023;497;2023-01-14 08:00:00;00;FC
1;AB;2023;497;2023-01-14 10:00:00;01;EM
1;AB;2023;497;2023-01-15 10:00:00;02;CE
1;AB;2023;497;2023-02-03 10:00:00;03;CO
1;AB;2023;498;2023-02-14 08:00:00;00;FC
1;AB;2023;498;2023-02-14 10:00:00;01;EM
1;AB;2023;498;2023-02-15 10:00:00;02;CE
1;AB;2023;498;2023-03-15 10:00:00;03;CO
1;AB;2023;499;2023-03-14 08:00:00;00;FC
1;AB;2023;499;2023-03-14 10:00:00;01;EM
1;AB;2023;499;2023-03-15 10:00:00;02;CE
1;AB;2023;499;2023-04-06 10:00:00;03;CO
1;AB;2023;500;2023-04-14 08:00:00;00;FC
1;AB;2023;500;2023-04-14 10:00:00;01;EM
1;AB;2023;500;2023-04-15 10:00:00;02;CE
1;AB;2023;500;2023-04-28 10:00:00;03;CO
1;AB;2023;501;2023-05-14 08:00:00;00;FC
1;AB;2023;501;2023-05-14 10:00:00;01;EM
1;AB;2023;501;2023-05-15 10:00:00;02;CE
1;AB;2023;501;2023-06-12 10:00:00;03;CO
1;AB;2023;502;2023-06-14 08:00:00;00;FC
1;AB;2023;502;2023-06-14 10:00:00;01;EM
1;AB;2023;502;2023-06-15 10:00:00;02;CE
1;AB;2023;502;2023-07-13 10:00:00;03;CO
1;AB;2023;503;2023-07-14 08:00:00;00;FC
1;AB;2023;503;2023-07-14 10:00:00;01;EM
1;AB;2023;503;2023-07-15 10:00:00;02;CE
1;AB;2023;503;2023-07-28 10:00:00;03;CO
1;AB;2023;504;2023-08-14 08:00:00;00;FC
1;AB;2023;504;2023-08-14 10:00:00;01;EM
1;AB;2023;504;2023-08-15 10:00:00;02;CE
1;AB;2023;504;2023-09-12 10:00:00;03;CO
1;AB;2023;505;2023-09-14 08:00:00;00;FC
1;AB;2023;505;2023-09-14 10:00:00;01;EM
1;AB;2023;505;2023-09-15 10:00:00;02;CE
1;AB;2023;505;2023-10-15 10:00:00;03;CO
1;AB;2023;506;2023-10-14 08:00:00;00;FC
1;AB;2023;506;2023-10-14 10:00:00;01;EM
1;AB;2023;506;2023-10-15 10:00:00;02;CE
1;AB;2023;506;2023-11-01 10:00:00;03;CO
1;AB;2023;507;2023-11-14 08:00:00;00;FC
1;AB;2023;507;2023-11-14 10:00:00;01;EM
1;AB;2023;507;2023-11-15 10:00:00;02;CE
1;AB;2023;507;2023-11-28 10:00:00;03;CO
1;AB;2023;508;2023-12-14 08:00:00;00;FC
1;AB;2023;508;2023-12-14 10:00:00;01;EM
1;AB;2023;508;2023-12-15 10:00:00;02;CE
1;AB;2023;508;2024-01-02 10:00:00;03;CO
1;AB;2024;631;2024-01-14 08:00:00;00;FC
1;AB;2024;631;2024-01-14 10:00:00;01;EM
1;AB;2024;631;2024-01-15 10:00:00;02;CE
1;AB;2024;631;2024-02-11 10:00:00;03;CO
1;AB;2024;632;2024-02-14 08:00:00;00;FC
1;AB;2024;632;2024-02-14 10:00:00;01;EM
1;AB;2024;632;2024-02-15 10:00:00;02;CE
1;AB;2024;632;2024-03-12 10:00:00;03;CO
1;AB;2024;633;2024-03-14 08:00:00;00;FC
1;AB;2024;633;2024-03-14 10:00:00;01;EM
1;AB;2024;633;2024-03-15 10:00:00;02;CE
1;AB;2024;633;2024-04-08 10:00:00;03;CO
1;AB;2024;634;2024-04-14 08:00:00;00;FC
1;AB;2024;634;2024-04-14 10:00:00;01;EM
1;AB;2024;634;2024-04-15 10:00:00;02;CE
1;AB;2024;634;2024-05-13 10:00:00;03;CO
1;AB;2024;635;2024-05-14 08:00:00;00;FC
1;AB;2024;635;2024-05-14 10:00:00;01;EM
1;AB;2024;635;2024-05-15 10:00:00;02;CE
1;AB;2024;635;2024-06-04 10:00:00;03;CO
1;AB;2024;636;2024-06-14 08:00:00;00;FC
1;AB;2024;636;2024-06-14 10:00:00;01;EM
1;AB;2024;636;2024-06-15 10:00:00;02;CE
1;AB;2024;636;2024-07-12 10:00:00;03;CO
1;AB;2024;637;2024-07-14 08:00:00;00;FC
1;AB;2024;637;2024-07-14 10:00:00;01;EM
1;AB;2024;637;2024-07-15 10:00:00;02;CE
1;AB;2024;637;2024-07-27 10:00:00;03;CO
1;AB;2024;638;2024-08-14 08:00:00;00;FC
1;AB;2024;638;2024-08-14 10:00:00;01;EM
1;AB;2024;638;2024-08-15 10:00:00;02;CE
1;AB;2024;638;2024-08-29 10:00:00;03;CO
1;AB;2024;639;2024-09-14 08:00:00;00;FC
1;AB;2024;639;2024-09-14 10:00:00;01;EM
1;AB;2024;639;2024-09-15 10:00:00;05;CN
1;AB;2024;640;2024-10-14 08:00:00;00;FC
1;AB;2024;640;2024-10-14 10:00:00;01;EM
1;AB;2024;640;2024-10-15 10:00:00;02;CE
1;AB;2024;640;2024-10-21 10:00:00;03;CO
1;AB;2024;641;2024-11-14 08:00:00;00;FC
1;AB;2024;641;2024-11-14 10:00:00;01;EM
1;AB;2024;641;2024-11-15 10:00:00;02;CE
1;AB;2024;641;2024-12-04 10:00:00;03;CO
1;AB;2024;642;2024-12-14 08:00:00;00;FC
1;AB;2024;642;2024-12-14 10:00:00;01;EM
1;AB;2024;642;2024-12-15 10:00:00;02;CE
1;AB;2024;642;2024-12-22 10:00:00;03;CO
1;AB;2025;763;2025-01-14 08:00:00;00;FC
1;AB;2025;763;2025-01-14 10:00:00;01;EM
1;AB;2025;763;2025-01-15 10:00:00;02;CE
1;AB;2025;763;2025-02-04 10:00:00;03;CO
1;AB;2025;764;2025-02-14 08:00:00;00;FC
1;AB;2025;764;2025-02-14 10:00:00;01;EM
1;AB;2025;764;2025-02-15 10:00:00;02;CE
1;AB;2025;764;2025-03-10 10:00:00;03;CO
1;AB;2025;765;2025-03-14 08:00:00;00;FC
1;AB;2025;765;2025-03-14 10:00:00;01;EM
1;AB;2025;765;2025-03-15 10:00:00;02;CE
1;AB;2025;765;2025-04-06 10:00:00;03;CO
1;AB;2025;766;2025-04-14 08:00:00;00;FC
1;AB;2025;766;2025-04-14 10:00:00;01;EM
1;AB;2025;766;2025-04-15 10:00:00;02;CE
1;AB;2025;766;2025-04-28 10:00:00;03;CO
1;AB;2025;767;2025-05-14 08:00:00;00;FC
1;AB;2025;767;2025-05-14 10:00:00;01;EM
1;AB;2025;767;2025-05-15 10:00:00;02;CE
1;AB;2025;767;2025-06-12 10:00:00;03;CO
1;AB;2025;768;2025-06-14 08:00:00;00;FC
1;AB;2025;768;2025-06-14 10:00:00;01;EM
1;AB;2025;768;2025-06-15 10:00:00;02;CE
1;AB;2025;768;2025-07-09 10:00:00;03;CO
1;AB;2025;769;2025-07-14 08:00:00;00;FC
1;AB;2025;769;2025-07-14 10:00:00;01;EM
1;AB;2025;769;2025-07-15 10:00:00;02;CE
1;AB;2025;769;2025-08-08 10:00:00;03;CO
1;AB;2025;770;2025-08-14 08:00:00;00;FC
1;AB;2025;770;2025-08-14 10:00:00;01;EM
1;AB;2025;770;2025-08-15 10:00:00;02;CE
1;AB;2025;770;2025-08-29 10:00:00;03;CO
1;AB;2025;771;2025-09-14 08:00:00;00;FC
1;AB;2025;771;2025-09-14 10:00:00;01;EM
1;AB;2025;771;2025-09-15 10:00:00;02;CE
1;AB;2025;771;2025-09-28 10:00:00;03;CO
1;AB;2025;772;2025-10-14 08:00:00;00;FC
1;AB;2025;772;2025-10-14 10:00:00;01;EM
1;AB;2025;772;2025-10-15 10:00:00;02;CE
1;AB;2025;772;2025-10-25 10:00:00;03;CO
1;AB;2025;773;2025-11-14 08:00:00;00;FC
1;AB;2025;773;2025-11-14 10:00:00;01;EM
1;AB;2025;773;2025-11-15 10:00:00;02;CE
1;AB;2025;773;2025-11-21 10:00:00;03;CO
1;AB;2025;774;2025-12-14 08:00:00;00;FC
1;AB;2025;774;2025-12-14 10:00:00;01;EM
1;AB;2025;774;2025-12-15 10:00:00;02;CE
1;AB;2025;774;2026-01-13 10:00:00;03;CO
1;AB;2026;530;2026-01-14 08:00:00;00;FC
1;AB;2026;530;2026-01-14 10:00:00;01;EM
1;AB;2026;531;2026-02-14 08:00:00;00;FC
1;AB;2026;531;2026-02-14 10:00:00;01;EM
1;AB;2026;531;2026-02-15 10:00:00;02;CE
1;AB;2026;531;2026-03-12 10:00:00;03;CO
1;AB;2026;532;2026-03-14 08:00:00;00;FC
1;AB;2026;532;2026-03-14 10:00:00;01;EM
1;AB;2026;532;2026-03-15 10:00:00;02;CE
1;AB;2026;532;2026-03-22 10:00:00;03;CO
1;AB;2026;533;2026-04-14 08:00:00;00;FC
1;AB;2026;533;2026-04-14 10:00:00;01;EM
1;AB;2026;533;2026-04-15 10:00:00;02;CE
1;AB;2026;533;2026-05-10 10:00:00;03;CO
1;AB;2026;534;2026-05-14 08:00:00;00;FC
1;AB;2026;534;2026-05-14 10:00:00;01;EM
1;AB;2026;534;2026-05-15 10:00:00;02;CE
1;AB;2026;534;2026-05-24 10:00:00;03;CO
1;AB;2026;535;2026-06-14 08:00:00;00;FC
1;AB;2026;535;2026-06-14 10:00:00;01;EM
1;AB;2026;535;2026-06-15 10:00:00;02;CE
1;AB;2026;535;2026-07-05 10:00:00;03;CO
1;AB;2026;536;2026-07-14 08:00:00;00;FC
1;AB;2026;536;2026-07-14 10:00:00;01;EM
1;AB;2026;536;2026-07-15 10:00:00;02;CE
1;AB;2026;536;2026-08-12 10:00:00;03;CO
1;AB;2022;379;2022-04-14 08:00:00;00;FC
1;AB;2022;379;2022-04-14 10:00:00;01;EM
1;AB;2022;379;2022-04-15 10:00:00;02;CE
1;AB;2022;379;2022-05-07 10:00:00;03;CO
1;AB;2022;380;2022-05-14 08:00:00;00;FC
1;AB;2022;380;2022-05-14 10:00:00;01;EM
1;AB;2022;380;2022-05-15 10:00:00;02;CE
1;AB;2022;380;2022-06-02 10:00:00;03;CO
1;AB;2022;381;2022-06-14 08:00:00;00;FC
1;AB;2022;381;2022-06-14 10:00:00;01;EM
1;AB;2022;381;2022-06-15 10:00:00;02;CE
1;AB;2022;381;2022-07-10 10:00:00;03;CO
1;AB;2022;382;2022-07-14 08:00:00;00;FC
1;AB;2022;382;2022-07-14 10:00:00;01;EM
1;AB;2022;382;2022-07-15 10:00:00;02;CE
1;AB;2022;382;2022-08-09 10:00:00;03;CO
1;AB;2022;383;2022-08-14 08:00:00;00;FC
1;AB;2022;383;2022-08-14 10:00:00;01;EM
1;AB;2022;383;2022-08-15 10:00:00;02;CE
1;AB;2022;383;2022-09-09 10:00:00;03;CO
1;AB;2022;384;2022-09-14 08:00:00;00;FC
1;AB;2022;384;2022-09-14 10:00:00;01;EM
1;AB;2022;384;2022-09-15 10:00:00;02;CE
1;AB;2022;384;2022-09-27 10:00:00;03;CO
1;AB;2022;385;2022-10-14 08:00:00;00;FC
1;AB;2022;385;2022-10-14 10:00:00;01;EM
1;AB;2022;385;2022-10-15 10:00:00;02;CE
1;AB;2022;385;2022-11-03 10:00:00;03;CO
1;AB;2022;386;2022-11-14 08:00:00;00;FC
1;AB;2022;386;2022-11-14 10:00:00;01;EM
1;AB;2022;386;2022-11-15 10:00:00;02;CE
1;AB;2022;386;2022-12-02 10:00:00;03;CO
1;AB;2022;387;2022-12-14 08:00:00;00;FC
1;AB;2022;387;2022-12-14 10:00:00;01;EM
1;AB;2022;387;2022-12-15 10:00:00;02;CE
1;AB;2022;387;2023-01-08 10:00:00;03;CO
1;AB;2023;509;2023-01-14 08:00:00;00;FC
1;AB;2023;509;2023-01-14 10:00:00;01;EM
1;AB;2023;509;2023-01-15 10:00:00;02;CE
1;AB;2023;509;2023-01-28 10:00:00;03;CO
1;AB;2023;510;2023-02-14 08:00:00;00;FC
1;AB;2023;510;2023-02-14 10:00:00;01;EM
1;AB;2023;510;2023-02-15 10:00:00;02;CE
1;AB;2023;510;2023-03-09 10:00:00;03;CO
1;AB;2023;511;2023-03-14 08:00:00;00;FC
1;AB;2023;511;2023-03-14 10:00:00;01;EM
1;AB;2023;511;2023-03-15 10:00:00;02;CE
1;AB;2023;511;2023-04-02 10:00:00;03;CO
1;AB;2023;512;2023-04-14 08:00:00;00;FC
1;AB;2023;512;2023-04-14 10:00:00;01;EM
1;AB;2023;512;2023-04-15 10:00:00;02;CE
1;AB;2023;512;2023-05-04 10:00:00;03;CO
1;AB;2023;513;2023-05-14 08:00:00;00;FC
1;AB;2023;513;2023-05-14 10:00:00;01;EM
1;AB;2023;513;2023-05-15 10:00:00;02;CE
1;AB;2023;513;2023-06-08 10:00:00;03;CO
1;AB;2023;514;2023-06-14 08:00:00;00;FC
1;AB;2023;514;2023-06-14 10:00:00;01;EM
1;AB;2023;514;2023-06-15 10:00:00;02;CE
1;AB;2023;514;2023-06-28 10:00:00;03;CO
1;AB;2023;515;2023-07-14 08:00:00;00;FC
1;AB;2023;515;2023-07-14 10:00:00;01;EM
1;AB;2023;515;2023-07-15 10:00:00;02;CE
1;AB;2023;515;2023-07-23 10:00:00;03;CO
1;AB;2023;516;2023-08-14 08:00:00;00;FC
1;AB;2023;516;2023-08-14 10:00:00;01;EM
1;AB;2023;516;2023-08-15 10:00:00;02;CE
1;AB;2023;516;2023-08-23 10:00:00;03;CO
1;AB;2023;517;2023-09-14 08:00:00;00;FC
1;AB;2023;517;2023-09-14 10:00:00;01;EM
1;AB;2023;517;2023-09-15 10:00:00;02;CE
1;AB;2023;517;2023-09-23 10:00:00;03;CO
1;AB;2023;518;2023-10-14 08:00:00;00;FC
1;AB;2023;518;2023-10-14 10:00:00;01;EM
1;AB;2023;518;2023-10-15 10:00:00;02;CE
1;AB;2023;518;2023-11-14 10:00:00;03;CO
1;AB;2023;519;2023-11-14 08:00:00;00;FC
1;AB;2023;519;2023-11-14 10:00:00;01;EM
1;AB;2023;519;2023-11-15 10:00:00;02;CE
1;AB;2023;519;2023-12-08 10:00:00;03;CO
1;AB;2023;520;2023-12-14 08:00:00;00;FC
1;AB;2023;520;2023-12-14 10:00:00;01;EM
1;AB;2023;520;2023-12-15 10:00:00;02;CE
1;AB;2023;520;2023-12-25 10:00:00;03;CO
1;AB;2024;643;2024-01-14 08:00:00;00;FC
1;AB;2024;643;2024-01-14 10:00:00;01;EM
1;AB;2024;643;2024-01-15 10:00:00;02;CE
1;AB;2024;643;2024-01-21 10:00:00;03;CO
1;AB;2024;644;2024-02-14 08:00:00;00;FC
1;AB;2024;644;2024-02-14 10:00:00;01;EM
1;AB;2024;644;2024-02-15 10:00:00;02;CE
1;AB;2024;644;2024-03-15 10:00:00;03;CO
1;AB;2024;645;2024-03-14 08:00:00;00;FC
1;AB;2024;645;2024-03-14 10:00:00;01;EM
1;AB;2024;645;2024-03-15 10:00:00;02;CE
1;AB;2024;645;2024-04-02 10:00:00;03;CO
1;AB;2024;646;2024-04-14 08:00:00;00;FC
1;AB;2024;646;2024-04-14 10:00:00;01;EM
1;AB;2024;646;2024-04-15 10:00:00;02;CE
1;AB;2024;646;2024-04-25 10:00:00;03;CO
1;AB;2024;647;2024-05-14 08:00:00;00;FC
1;AB;2024;647;2024-05-14 10:00:00;01;EM
1;AB;2024;647;2024-05-15 10:00:00;02;CE
1;AB;2024;647;2024-05-21 10:00:00;03;CO
1;AB;2024;648;2024-06-14 08:00:00;00;FC
1;AB;2024;648;2024-06-14 10:00:00;01;EM
1;AB;2024;648;2024-06-15 10:00:00;02;CE
1;AB;2024;648;2024-07-07 10:00:00;03;CO
1;AB;2024;649;2024-07-14 08:00:00;00;FC
1;AB;2024;649;2024-07-14 10:00:00;01;EM
1;AB;2024;649;2024-07-15 10:00:00;02;CE
1;AB;2024;649;2024-07-24 10:00:00;03;CO
1;AB;2024;650;2024-08-14 08:00:00;00;FC
1;AB;2024;650;2024-08-14 10:00:00;01;EM
1;AB;2024;650;2024-08-15 10:00:00;02;CE
1;AB;2024;650;2024-09-04 10:00:00;03;CO
1;AB;2024;651;2024-09-14 08:00:00;00;FC
1;AB;2024;651;2024-09-14 10:00:00;01;EM
1;AB;2024;651;2024-09-15 10:00:00;02;CE
1;AB;2024;651;2024-10-09 10:00:00;03;CO
1;AB;2024;652;2024-10-14 08:00:00;00;FC
1;AB;2024;652;2024-10-14 10:00:00;01;EM
1;AB;2024;652;2024-10-15 10:00:00;02;CE
1;AB;2024;652;2024-11-07 10:00:00;03;CO
1;AB;2024;653;2024-11-14 08:00:00;00;FC
1;AB;2024;653;2024-11-14 10:00:00;01;EM
1;AB;2024;653;2024-11-15 10:00:00;02;CE
1;AB;2024;653;2024-11-21 10:00:00;03;CO
1;AB;2024;654;2024-12-14 08:00:00;00;FC
1;AB;2024;654;2024-12-14 10:00:00;01;EM
1;AB;2024;654;2024-12-15 10:00:00;02;CE
1;AB;2024;654;2024-12-29 10:00:00;03;CO
1;AB;2025;775;2025-01-14 08:00:00;00;FC
1;AB;2025;775;2025-01-14 10:00:00;01;EM
1;AB;2025;775;2025-01-15 10:00:00;02;CE
1;AB;2025;775;2025-01-22 10:00:00;03;CO
1;AB;2025;776;2025-02-14 08:00:00;00;FC
1;AB;2025;776;2025-02-14 10:00:00;01;EM
1;AB;2025;776;2025-02-15 10:00:00;02;CE
1;AB;2025;776;2025-02-28 10:00:00;03;CO
1;AB;2025;777;2025-03-14 08:00:00;00;FC
1;AB;2025;777;2025-03-14 10:00:00;01;EM
1;AB;2025;777;2025-03-15 10:00:00;02;CE
1;AB;2025;777;2025-04-05 10:00:00;03;CO
1;AB;2025;778;2025-04-14 08:00:00;00;FC
1;AB;2025;778;2025-04-14 10:00:00;01;EM
1;AB;2025;778;2025-04-15 10:00:00;02;CE
1;AB;2025;778;2025-04-20 10:00:00;03;CO
1;AB;2025;779;2025-05-14 08:00:00;00;FC
1;AB;2025;779;2025-05-14 10:00:00;01;EM
1;AB;2025;779;2025-05-15 10:00:00;02;CE
1;AB;2025;779;2025-05-21 10:00:00;03;CO
1;AB;2025;780;2025-06-14 08:00:00;00;FC
1;AB;2025;780;2025-06-14 10:00:00;01;EM
1;AB;2025;780;2025-06-15 10:00:00;02;CE
1;AB;2025;780;2025-07-08 10:00:00;03;CO
1;AB;2025;781;2025-07-14 08:00:00;00;FC
1;AB;2025;781;2025-07-14 10:00:00;01;EM
1;AB;2025;781;2025-07-15 10:00:00;02;CE
1;AB;2025;781;2025-07-27 10:00:00;03;CO
1;AB;2025;782;2025-08-14 08:00:00;00;FC
1;AB;2025;782;2025-08-14 10:00:00;01;EM
1;AB;2025;782;2025-08-15 10:00:00;02;CE
1;AB;2025;782;2025-08-24 10:00:00;03;CO
1;AB;2025;783;2025-09-14 08:00:00;00;FC
1;AB;2025;783;2025-09-14 10:00:00;01;EM
1;AB;2025;783;2025-09-15 10:00:00;02;CE
1;AB;2025;783;2025-10-09 10:00:00;03;CO
1;AB;2025;784;2025-10-14 08:00:00;00;FC
1;AB;2025;784;2025-10-14 10:00:00;01;EM
1;AB;2025;784;2025-10-15 10:00:00;02;CE
1;AB;2025;784;2025-10-25 10:00:00;03;CO
1;AB;2025;785;2025-11-14 08:00:00;00;FC
1;AB;2025;785;2025-11-14 10:00:00;01;EM
1;AB;2025;785;2025-11-15 10:00:00;02;CE
1;AB;2025;785;2025-12-09 10:00:00;03;CO
1;AB;2025;786;2025-12-14 08:00:00;00;FC
1;AB;2025;786;2025-12-14 10:00:00;01;EM
1;AB;2025;786;2025-12-15 10:00:00;02;CE
1;AB;2025;786;2025-12-24 10:00:00;03;CO
1;AB;2026;537;2026-01-14 08:00:00;00;FC
1;AB;2026;537;2026-01-14 10:00:00;01;EM
1;AB;2026;538;2026-02-14 08:00:00;00;FC
1;AB;2026;538;2026-02-14 10:00:00;01;EM
1;AB;2026;538;2026-02-15 10:00:00;02;CE
1;AB;2026;538;2026-02-25 10:00:00;03;CO
1;AB;2026;539;2026-03-14 08:00:00;00;FC
1;AB;2026;539;2026-03-14 10:00:00;01;EM
1;AB;2026;539;2026-03-15 10:00:00;02;CE
1;AB;2026;539;2026-03-27 10:00:00;03;CO
1;AB;2026;540;2026-04-14 08:00:00;00;FC
1;AB;2026;540;2026-04-14 10:00:00;01;EM
1;AB;2026;540;2026-04-15 10:00:00;02;CE
1;AB;2026;540;2026-05-11 10:00:00;03;CO
1;AB;2026;541;2026-05-14 08:00:00;00;FC
1;AB;2026;541;2026-05-14 10:00:00;01;EM
1;AB;2026;541;2026-05-15 10:00:00;02;CE
1;AB;2026;541;2026-06-01 10:00:00;03;CO
1;AB;2026;542;2026-06-14 08:00:00;00;FC
1;AB;2026;542;2026-06-14 10:00:00;01;EM
1;AB;2026;542;2026-06-15 10:00:00;02;CE
1;AB;2026;542;2026-07-13 10:00:00;03;CO
1;AB;2026;543;2026-07-14 08:00:00;00;FC
1;AB;2026;543;2026-07-14 10:00:00;01;EM
1;AB;2026;543;2026-07-15 10:00:00;02;CE
1;AB;2026;543;2026-08-13 10:00:00;03;CO
1;AB;2023;521;2023-05-14 08:00:00;00;FC
1;AB;2023;521;2023-05-14 10:00:00;01;EM
1;AB;2023;521;2023-05-15 10:00:00;02;CE
1;AB;2023;521;2023-05-25 10:00:00;03;CO
1;AB;2023;522;2023-06-14 08:00:00;00;FC
1;AB;2023;522;2023-06-14 10:00:00;01;EM
1;AB;2023;522;2023-06-15 10:00:00;02;CE
1;AB;2023;522;2023-06-23 10:00:00;03;CO
1;AB;2023;523;2023-07-14 08:00:00;00;FC
1;AB;2023;523;2023-07-14 10:00:00;01;EM
1;AB;2023;523;2023-07-15 10:00:00;02;CE
1;AB;2023;523;2023-08-05 10:00:00;03;CO
1;AB;2023;524;2023-08-14 08:00:00;00;FC
1;AB;2023;524;2023-08-14 10:00:00;01;EM
1;AB;2023;524;2023-08-15 10:00:00;02;CE
1;AB;2023;524;2023-09-04 10:00:00;03;CO
1;AB;2023;525;2023-09-14 08:00:00;00;FC
1;AB;2023;525;2023-09-14 10:00:00;01;EM
1;AB;2023;525;2023-09-15 10:00:00;02;CE
1;AB;2023;525;2023-10-07 10:00:00;03;CO
1;AB;2023;526;2023-10-14 08:00:00;00;FC
1;AB;2023;526;2023-10-14 10:00:00;01;EM
1;AB;2023;526;2023-10-15 10:00:00;02;CE
1;AB;2023;526;2023-10-25 10:00:00;03;CO
1;AB;2023;527;2023-11-14 08:00:00;00;FC
1;AB;2023;527;2023-11-14 10:00:00;01;EM
1;AB;2023;527;2023-11-15 10:00:00;02;CE
1;AB;2023;527;2023-11-20 10:00:00;03;CO
1;AB;2023;528;2023-12-14 08:00:00;00;FC
1;AB;2023;528;2023-12-14 10:00:00;01;EM
1;AB;2023;528;2023-12-15 10:00:00;02;CE
1;AB;2023;528;2024-01-13 10:00:00;03;CO
1;AB;2024;655;2024-01-14 08:00:00;00;FC
1;AB;2024;655;2024-01-14 10:00:00;01;EM
1;AB;2024;655;2024-01-15 10:00:00;02;CE
1;AB;2024;655;2024-01-24 10:00:00;03;CO
1;AB;2024;656;2024-02-14 08:00:00;00;FC
1;AB;2024;656;2024-02-14 10:00:00;01;EM
1;AB;2024;656;2024-02-15 10:00:00;02;CE
1;AB;2024;656;2024-02-21 10:00:00;03;CO
1;AB;2024;657;2024-03-14 08:00:00;00;FC
1;AB;2024;657;2024-03-14 10:00:00;01;EM
1;AB;2024;657;2024-03-15 10:00:00;02;CE
1;AB;2024;657;2024-04-08 10:00:00;03;CO
1;AB;2024;658;2024-04-14 08:00:00;00;FC
1;AB;2024;658;2024-04-14 10:00:00;01;EM
1;AB;2024;658;2024-04-15 10:00:00;02;CE
1;AB;2024;658;2024-04-21 10:00:00;03;CO
1;AB;2024;659;2024-05-14 08:00:00;00;FC
1;AB;2024;659;2024-05-14 10:00:00;01;EM
1;AB;2024;659;2024-05-15 10:00:00;02;CE
1;AB;2024;659;2024-06-05 10:00:00;03;CO
1;AB;2024;660;2024-06-14 08:00:00;00;FC
1;AB;2024;660;2024-06-14 10:00:00;01;EM
1;AB;2024;660;2024-06-15 10:00:00;02;CE
1;AB;2024;660;2024-07-07 10:00:00;03;CO
1;AB;2024;661;2024-07-14 08:00:00;00;FC
1;AB;2024;661;2024-07-14 10:00:00;01;EM
1;AB;2024;661;2024-07-15 10:00:00;02;CE
1;AB;2024;661;2024-08-02 10:00:00;03;CO
1;AB;2024;662;2024-08-14 08:00:00;00;FC
1;AB;2024;662;2024-08-14 10:00:00;01;EM
1;AB;2024;662;2024-08-15 10:00:00;02;CE
1;AB;2024;662;2024-09-09 10:00:00;03;CO
1;AB;2024;663;2024-09-14 08:00:00;00;FC
1;AB;2024;663;2024-09-14 10:00:00;01;EM
1;AB;2024;663;2024-09-15 10:00:00;02;CE
1;AB;2024;663;2024-09-25 10:00:00;03;CO
1;AB;2024;664;2024-10-14 08:00:00;00;FC
1;AB;2024;664;2024-10-14 10:00:00;01;EM
1;AB;2024;664;2024-10-15 10:00:00;02;CE
1;AB;2024;664;2024-11-08 10:00:00;03;CO
1;AB;2024;665;2024-11-14 08:00:00;00;FC
1;AB;2024;665;2024-11-14 10:00:00;01;EM
1;AB;2024;665;2024-11-15 10:00:00;02;CE
1;AB;2024;665;2024-11-29 10:00:00;03;CO
1;AB;2024;666;2024-12-14 08:00:00;00;FC
1;AB;2024;666;2024-12-14 10:00:00;01;EM
1;AB;2024;666;2024-12-15 10:00:00;02;CE
1;AB;2024;666;2024-12-20 10:00:00;03;CO
1;AB;2025;787;2025-01-14 08:00:00;00;FC
1;AB;2025;787;2025-01-14 10:00:00;01;EM
1;AB;2025;787;2025-01-15 10:00:00;02;CE
1;AB;2025;787;2025-02-01 10:00:00;03;CO
1;AB;2025;788;2025-02-14 08:00:00;00;FC
1;AB;2025;788;2025-02-14 10:00:00;01;EM
1;AB;2025;788;2025-02-15 10:00:00;02;CE
1;AB;2025;788;2025-03-09 10:00:00;03;CO
1;AB;2025;789;2025-03-14 08:00:00;00;FC
1;AB;2025;789;2025-03-14 10:00:00;01;EM
1;AB;2025;789;2025-03-15 10:00:00;02;CE
1;AB;2025;789;2025-04-07 10:00:00;03;CO
1;AB;2025;790;2025-04-14 08:00:00;00;FC
1;AB;2025;790;2025-04-14 10:00:00;01;EM
1;AB;2025;790;2025-04-15 10:00:00;02;CE
1;AB;2025;790;2025-05-06 10:00:00;03;CO
1;AB;2025;791;2025-05-14 08:00:00;00;FC
1;AB;2025;791;2025-05-14 10:00:00;01;EM
1;AB;2025;791;2025-05-15 10:00:00;02;CE
1;AB;2025;791;2025-05-21 10:00:00;03;CO
1;AB;2025;792;2025-06-14 08:00:00;00;FC
1;AB;2025;792;2025-06-14 10:00:00;01;EM
1;AB;2025;792;2025-06-15 10:00:00;02;CE
1;AB;2025;792;2025-06-25 10:00:00;03;CO
1;AB;2025;793;2025-07-14 08:00:00;00;FC
1;AB;2025;793;2025-07-14 10:00:00;01;EM
1;AB;2025;793;2025-07-15 10:00:00;02;CE
1;AB;2025;793;2025-07-22 10:00:00;03;CO
1;AB;2025;794;2025-08-14 08:00:00;00;FC
1;AB;2025;794;2025-08-14 10:00:00;01;EM
1;AB;2025;794;2025-08-15 10:00:00;02;CE
1;AB;2025;794;2025-09-13 10:00:00;03;CO
1;AB;2025;795;2025-09-14 08:00:00;00;FC
1;AB;2025;795;2025-09-14 10:00:00;01;EM
1;AB;2025;795;2025-09-15 10:00:00;02;CE
1;AB;2025;795;2025-10-09 10:00:00;03;CO
1;AB;2025;796;2025-10-14 08:00:00;00;FC
1;AB;2025;796;2025-10-14 10:00:00;01;EM
1;AB;2025;796;2025-10-15 10:00:00;02;CE
1;AB;2025;796;2025-10-28 10:00:00;03;CO
1;AB;2025;797;2025-11-14 08:00:00;00;FC
1;AB;2025;797;2025-11-14 10:00:00;01;EM
1;AB;2025;798;2025-12-14 08:00:00;00;FC
1;AB;2025;798;2025-12-14 10:00:00;01;EM
1;AB;2025;798;2025-12-15 10:00:00;02;CE
1;AB;2025;798;2026-01-19 10:00:00;04;DV
1;AB;2026;544;2026-01-14 08:00:00;00;FC
1;AB;2026;544;2026-01-14 10:00:00;01;EM
1;AB;2026;544;2026-01-15 10:00:00;02;CE
1;AB;2026;544;2026-02-13 10:00:00;03;CO
1;AB;2026;545;2026-02-14 08:00:00;00;FC
1;AB;2026;545;2026-02-14 10:00:00;01;EM
1;AB;2026;545;2026-02-15 10:00:00;02;CE
1;AB;2026;545;2026-03-16 10:00:00;03;CO
1;AB;2026;546;2026-03-14 08:00:00;00;FC
1;AB;2026;546;2026-03-14 10:00:00;01;EM
1;AB;2026;546;2026-03-15 10:00:00;02;CE
1;AB;2026;546;2026-04-06 10:00:00;03;CO
1;AB;2026;547;2026-04-14 08:00:00;00;FC
1;AB;2026;547;2026-04-14 10:00:00;01;EM
1;AB;2026;547;2026-04-15 10:00:00;02;CE
1;AB;2026;547;2026-05-01 10:00:00;03;CO
1;AB;2026;548;2026-05-14 08:00:00;00;FC
1;AB;2026;548;2026-05-14 10:00:00;01;EM
1;AB;2026;548;2026-05-15 10:00:00;02;CE
1;AB;2026;548;2026-06-05 10:00:00;03;CO
1;AB;2026;549;2026-06-14 08:00:00;00;FC
1;AB;2026;549;2026-06-14 10:00:00;01;EM
1;AB;2026;549;2026-06-15 10:00:00;02;CE
1;AB;2026;549;2026-06-22 10:00:00;03;CO
1;AB;2026;550;2026-07-14 08:00:00;00;FC
1;AB;2026;550;2026-07-14 10:00:00;01;EM
1;AB;2026;550;2026-07-15 10:00:00;02;CE
1;AB;2026;550;2026-08-08 10:00:00;03;CO
1;AB;2024;667;2024-05-24 08:00:00;00;FC
1;AB;2024;667;2024-05-24 10:00:00;01;EM
1;AB;2024;667;2024-05-25 10:00:00;02;CE
1;AB;2024;667;2024-06-22 10:00:00;03;CO
1;AB;2024;668;2024-06-24 08:00:00;00;FC
1;AB;2024;668;2024-06-24 10:00:00;01;EM
1;AB;2024;668;2024-06-25 10:00:00;02;CE
1;AB;2024;668;2024-07-24 10:00:00;03;CO
1;AB;2024;669;2024-07-24 08:00:00;00;FC
1;AB;2024;669;2024-07-24 10:00:00;01;EM
1;AB;2024;669;2024-07-25 10:00:00;02;CE
1;AB;2024;669;2024-08-20 10:00:00;03;CO
1;AB;2024;670;2024-08-24 08:00:00;00;FC
1;AB;2024;670;2024-08-24 10:00:00;01;EM
1;AB;2024;670;2024-08-25 10:00:00;02;CE
1;AB;2024;670;2024-09-05 10:00:00;03;CO
1;AB;2024;671;2024-09-24 08:00:00;00;FC
1;AB;2024;671;2024-09-24 10:00:00;01;EM
1;AB;2024;671;2024-09-25 10:00:00;02;CE
1;AB;2024;671;2024-10-07 10:00:00;03;CO
1;AB;2024;672;2024-10-24 08:00:00;00;FC
1;AB;2024;672;2024-10-24 10:00:00;01;EM
1;AB;2024;672;2024-10-25 10:00:00;02;CE
1;AB;2024;672;2024-11-01 10:00:00;03;CO
1;AB;2024;673;2024-11-24 08:00:00;00;FC
1;AB;2024;673;2024-11-24 10:00:00;01;EM
1;AB;2024;673;2024-11-25 10:00:00;02;CE
1;AB;2024;673;2024-12-21 10:00:00;03;CO
1;AB;2024;674;2024-12-24 08:00:00;00;FC
1;AB;2024;674;2024-12-24 10:00:00;01;EM
1;AB;2024;674;2024-12-25 10:00:00;02;CE
1;AB;2024;674;2024-12-31 10:00:00;03;CO
1;AB;2025;799;2025-01-24 08:00:00;00;FC
1;AB;2025;799;2025-01-24 10:00:00;01;EM
1;AB;2025;799;2025-01-25 10:00:00;02;CE
1;AB;2025;799;2025-02-18 10:00:00;03;CO
1;AB;2025;800;2025-02-24 08:00:00;00;FC
1;AB;2025;800;2025-02-24 10:00:00;01;EM
1;AB;2025;800;2025-02-25 10:00:00;02;CE
1;AB;2025;800;2025-03-22 10:00:00;03;CO
1;AB;2025;801;2025-03-24 08:00:00;00;FC
1;AB;2025;801;2025-03-24 10:00:00;01;EM
1;AB;2025;801;2025-03-25 10:00:00;02;CE
1;AB;2025;801;2025-04-13 10:00:00;03;CO
1;AB;2025;802;2025-04-24 08:00:00;00;FC
1;AB;2025;802;2025-04-24 10:00:00;01;EM
1;AB;2025;802;2025-04-25 10:00:00;02;CE
1;AB;2025;802;2025-05-01 10:00:00;03;CO
1;AB;2025;803;2025-05-24 08:00:00;00;FC
1;AB;2025;803;2025-05-24 10:00:00;01;EM
1;AB;2025;803;2025-05-25 10:00:00;02;CE
1;AB;2025;803;2025-06-03 10:00:00;03;CO
1;AB;2025;804;2025-06-24 08:00:00;00;FC
1;AB;2025;804;2025-06-24 10:00:00;01;EM
1;AB;2025;804;2025-06-25 10:00:00;02;CE
1;AB;2025;804;2025-07-05 10:00:00;03;CO
1;AB;2025;805;2025-07-24 08:00:00;00;FC
1;AB;2025;805;2025-07-24 10:00:00;01;EM
1;AB;2025;805;2025-07-25 10:00:00;02;CE
1;AB;2025;805;2025-08-13 10:00:00;03;CO
1;AB;2025;806;2025-08-24 08:00:00;00;FC
1;AB;2025;806;2025-08-24 10:00:00;01;EM
1;AB;2025;806;2025-08-25 10:00:00;02;CE
1;AB;2025;806;2025-09-11 10:00:00;04;DV
1;AB;2025;807;2025-09-24 08:00:00;00;FC
1;AB;2025;807;2025-09-24 10:00:00;01;EM
1;AB;2025;807;2025-09-25 10:00:00;02;CE
1;AB;2025;807;2025-10-25 10:00:00;03;CO
1;AB;2025;808;2025-10-24 08:00:00;00;FC
1;AB;2025;808;2025-10-24 10:00:00;01;EM
1;AB;2025;808;2025-10-25 10:00:00;02;CE
1;AB;2025;808;2025-11-20 10:00:00;03;CO
1;AB;2025;809;2025-11-24 08:00:00;00;FC
1;AB;2025;809;2025-11-24 10:00:00;01;EM
1;AB;2025;809;2025-11-25 10:00:00;02;CE
1;AB;2025;809;2025-12-22 10:00:00;03;CO
1;AB;2025;810;2025-12-24 08:00:00;00;FC
1;AB;2025;810;2025-12-24 10:00:00;01;EM
1;AB;2025;810;2025-12-25 10:00:00;02;CE
1;AB;2025;810;2026-01-06 10:00:00;03;CO
1;AB;2026;551;2026-01-24 08:00:00;00;FC
1;AB;2026;551;2026-01-24 10:00:00;01;EM
1;AB;2026;551;2026-01-25 10:00:00;02;CE
1;AB;2026;551;2026-01-30 10:00:00;03;CO
1;AB;2026;552;2026-02-24 08:00:00;00;FC
1;AB;2026;552;2026-02-24 10:00:00;01;EM
1;AB;2026;552;2026-02-25 10:00:00;02;CE
1;AB;2026;552;2026-03-12 10:00:00;03;CO
1;AB;2026;553;2026-03-24 08:00:00;00;FC
1;AB;2026;553;2026-03-24 10:00:00;01;EM
1;AB;2026;553;2026-03-25 10:00:00;02;CE
1;AB;2026;553;2026-04-24 10:00:00;03;CO
1;AB;2026;554;2026-04-24 08:00:00;00;FC
1;AB;2026;554;2026-04-24 10:00:00;01;EM
1;AB;2026;554;2026-04-25 10:00:00;02;CE
1;AB;2026;554;2026-05-02 10:00:00;03;CO
1;AB;2026;555;2026-05-24 08:00:00;00;FC
1;AB;2026;555;2026-05-24 10:00:00;01;EM
1;AB;2026;555;2026-05-25 10:00:00;02;CE
1;AB;2026;555;2026-06-17 10:00:00;03;CO
1;AB;2026;556;2026-06-24 08:00:00;00;FC
1;AB;2026;556;2026-06-24 10:00:00;01;EM
1;AB;2026;556;2026-06-25 10:00:00;02;CE
1;AB;2026;556;2026-07-06 10:00:00;03;CO
1;AB;2026;557;2026-07-24 08:00:00;00;FC
1;AB;2026;557;2026-07-24 10:00:00;01;EM
1;AB;2026;557;2026-07-25 10:00:00;02;CE
1;AB;2026;557;2026-08-14 10:00:00;03;CO
1;AB;2025;811;2025-07-24 08:00:00;00;FC
1;AB;2025;811;2025-07-24 10:00:00;01;EM
1;AB;2025;811;2025-07-25 10:00:00;02;CE
1;AB;2025;811;2025-08-05 10:00:00;03;CO
1;AB;2025;812;2025-08-24 08:00:00;00;FC
1;AB;2025;812;2025-08-24 10:00:00;01;EM
1;AB;2025;812;2025-08-25 10:00:00;02;CE
1;AB;2025;812;2025-09-04 10:00:00;03;CO
1;AB;2025;813;2025-09-24 08:00:00;00;FC
1;AB;2025;813;2025-09-24 10:00:00;01;EM
1;AB;2025;813;2025-09-25 10:00:00;02;CE
1;AB;2025;813;2025-10-06 10:00:00;03;CO
1;AB;2025;814;2025-10-24 08:00:00;00;FC
1;AB;2025;814;2025-10-24 10:00:00;01;EM
1;AB;2025;814;2025-10-25 10:00:00;02;CE
1;AB;2025;814;2025-11-02 10:00:00;03;CO
1;AB;2025;815;2025-11-24 08:00:00;00;FC
1;AB;2025;815;2025-11-24 10:00:00;01;EM
1;AB;2025;815;2025-11-25 10:00:00;02;CE
1;AB;2025;815;2025-12-11 10:00:00;03;CO
1;AB;2025;816;2025-12-24 08:00:00;00;FC
1;AB;2025;816;2025-12-24 10:00:00;01;EM
1;AB;2025;816;2025-12-25 10:00:00;02;CE
1;AB;2025;816;2026-01-14 10:00:00;04;DV
1;AB;2026;558;2026-01-24 08:00:00;00;FC
1;AB;2026;558;2026-01-24 10:00:00;01;EM
1;AB;2026;558;2026-01-25 10:00:00;02;CE
1;AB;2026;558;2026-02-17 10:00:00;03;CO
1;AB;2026;559;2026-02-24 08:00:00;00;FC
1;AB;2026;559;2026-02-24 10:00:00;01;EM
1;AB;2026;560;2026-03-24 08:00:00;00;FC
1;AB;2026;560;2026-03-24 10:00:00;01;EM
1;AB;2026;560;2026-03-25 10:00:00;02;CE
1;AB;2026;560;2026-04-13 10:00:00;03;CO
1;AB;2026;561;2026-04-24 08:00:00;00;FC
1;AB;2026;561;2026-04-24 10:00:00;01;EM
1;AB;2026;561;2026-04-25 10:00:00;02;CE
1;AB;2026;561;2026-05-16 10:00:00;03;CO
1;AB;2026;562;2026-05-24 08:00:00;00;FC
1;AB;2026;562;2026-05-24 10:00:00;01;EM
1;AB;2026;562;2026-05-25 10:00:00;02;CE
1;AB;2026;562;2026-06-06 10:00:00;03;CO
1;AB;2026;563;2026-06-24 08:00:00;00;FC
1;AB;2026;563;2026-06-24 10:00:00;01;EM
1;AB;2026;563;2026-06-25 10:00:00;02;CE
1;AB;2026;563;2026-07-25 10:00:00;03;CO
1;AB;2026;564;2026-07-24 08:00:00;00;FC
1;AB;2026;564;2026-07-24 10:00:00;01;EM
1;AB;2026;564;2026-07-25 10:00:00;02;CE
1;AB;2026;564;2026-08-19 10:00:00;03;CO
1;AB;2020;103;2020-08-24 08:00:00;00;FC
1;AB;2020;103;2020-08-24 10:00:00;01;EM
1;AB;2020;103;2020-08-25 10:00:00;02;CE
1;AB;2020;103;2020-09-08 10:00:00;03;CO
1;AB;2020;104;2020-09-24 08:00:00;00;FC
1;AB;2020;104;2020-09-24 10:00:00;01;EM
1;AB;2020;104;2020-09-25 10:00:00;02;CE
1;AB;2020;104;2020-10-18 10:00:00;03;CO
1;AB;2020;105;2020-10-24 08:00:00;00;FC
1;AB;2020;105;2020-10-24 10:00:00;01;EM
1;AB;2020;105;2020-10-25 10:00:00;02;CE
1;AB;2020;105;2020-11-24 10:00:00;03;CO
1;AB;2020;106;2020-11-24 08:00:00;00;FC
1;AB;2020;106;2020-11-24 10:00:00;01;EM
1;AB;2020;106;2020-11-25 10:00:00;02;CE
1;AB;2020;106;2020-12-14 10:00:00;03;CO
1;AB;2020;107;2020-12-24 08:00:00;00;FC
1;AB;2020;107;2020-12-24 10:00:00;01;EM
1;AB;2020;107;2020-12-25 10:00:00;02;CE
1;AB;2020;107;2021-01-05 10:00:00;03;CO
1;AB;2021;245;2021-01-24 08:00:00;00;FC
1;AB;2021;245;2021-01-24 10:00:00;01;EM
1;AB;2021;245;2021-01-25 10:00:00;02;CE
1;AB;2021;245;2021-02-15 10:00:00;03;CO
1;AB;2021;246;2021-02-24 08:00:00;00;FC
1;AB;2021;246;2021-02-24 10:00:00;01;EM
1;AB;2021;246;2021-02-25 10:00:00;02;CE
1;AB;2021;246;2021-03-08 10:00:00;03;CO
1;AB;2021;247;2021-03-24 08:00:00;00;FC
1;AB;2021;247;2021-03-24 10:00:00;01;EM
1;AB;2021;247;2021-03-25 10:00:00;02;CE
1;AB;2021;247;2021-04-13 10:00:00;03;CO
1;AB;2021;248;2021-04-24 08:00:00;00;FC
1;AB;2021;248;2021-04-24 10:00:00;01;EM
1;AB;2021;248;2021-04-25 10:00:00;02;CE
1;AB;2021;248;2021-05-04 10:00:00;03;CO
1;AB;2021;249;2021-05-24 08:00:00;00;FC
1;AB;2021;249;2021-05-24 10:00:00;01;EM
1;AB;2021;249;2021-05-25 10:00:00;02;CE
1;AB;2021;249;2021-05-30 10:00:00;03;CO
1;AB;2021;250;2021-06-24 08:00:00;00;FC
1;AB;2021;250;2021-06-24 10:00:00;01;EM
1;AB;2021;250;2021-06-25 10:00:00;02;CE
1;AB;2021;250;2021-07-19 10:00:00;03;CO
1;AB;2021;251;2021-07-24 08:00:00;00;FC
1;AB;2021;251;2021-07-24 10:00:00;01;EM
1;AB;2021;251;2021-07-25 10:00:00;02;CE
1;AB;2021;251;2021-07-31 10:00:00;03;CO
1;AB;2021;252;2021-08-24 08:00:00;00;FC
1;AB;2021;252;2021-08-24 10:00:00;01;EM
1;AB;2021;252;2021-08-25 10:00:00;02;CE
1;AB;2021;252;2021-09-06 10:00:00;03;CO
1;AB;2021;253;2021-09-24 08:00:00;00;FC
1;AB;2021;253;2021-09-24 10:00:00;01;EM
1;AB;2021;253;2021-09-25 10:00:00;02;CE
1;AB;2021;253;2021-10-02 10:00:00;03;CO
1;AB;2021;254;2021-10-24 08:00:00;00;FC
1;AB;2021;254;2021-10-24 10:00:00;01;EM
1;AB;2021;254;2021-10-25 10:00:00;02;CE
1;AB;2021;254;2021-11-15 10:00:00;03;CO
1;AB;2021;255;2021-11-24 08:00:00;00;FC
1;AB;2021;255;2021-11-24 10:00:00;01;EM
1;AB;2021;255;2021-11-25 10:00:00;02;CE
1;AB;2021;255;2021-12-01 10:00:00;03;CO
1;AB;2021;256;2021-12-24 08:00:00;00;FC
1;AB;2021;256;2021-12-24 10:00:00;01;EM
1;AB;2021;256;2021-12-25 10:00:00;02;CE
1;AB;2021;256;2022-01-07 10:00:00;03;CO
1;AB;2022;388;2022-01-24 08:00:00;00;FC
1;AB;2022;388;2022-01-24 10:00:00;01;EM
1;AB;2022;388;2022-01-25 10:00:00;02;CE
1;AB;2022;388;2022-02-10 10:00:00;03;CO
1;AB;2022;389;2022-02-24 08:00:00;00;FC
1;AB;2022;389;2022-02-24 10:00:00;01;EM
1;AB;2022;389;2022-02-25 10:00:00;02;CE
1;AB;2022;389;2022-03-08 10:00:00;03;CO
1;AB;2022;390;2022-03-24 08:00:00;00;FC
1;AB;2022;390;2022-03-24 10:00:00;01;EM
1;AB;2022;390;2022-03-25 10:00:00;02;CE
1;AB;2022;390;2022-04-04 10:00:00;03;CO
1;AB;2022;391;2022-04-24 08:00:00;00;FC
1;AB;2022;391;2022-04-24 10:00:00;01;EM
1;AB;2022;391;2022-04-25 10:00:00;02;CE
1;AB;2022;391;2022-05-14 10:00:00;03;CO
1;AB;2022;392;2022-05-24 08:00:00;00;FC
1;AB;2022;392;2022-05-24 10:00:00;01;EM
1;AB;2022;392;2022-05-25 10:00:00;02;CE
1;AB;2022;392;2022-06-06 10:00:00;03;CO
1;AB;2022;393;2022-06-24 08:00:00;00;FC
1;AB;2022;393;2022-06-24 10:00:00;01;EM
1;AB;2022;393;2022-06-25 10:00:00;02;CE
1;AB;2022;393;2022-07-12 10:00:00;03;CO
1;AB;2022;394;2022-07-24 08:00:00;00;FC
1;AB;2022;394;2022-07-24 10:00:00;01;EM
1;AB;2022;394;2022-07-25 10:00:00;02;CE
1;AB;2022;394;2022-07-31 10:00:00;03;CO
1;AB;2022;395;2022-08-24 08:00:00;00;FC
1;AB;2022;395;2022-08-24 10:00:00;01;EM
1;AB;2022;395;2022-08-25 10:00:00;02;CE
1;AB;2022;395;2022-09-23 10:00:00;03;CO
1;AB;2022;396;2022-09-24 08:00:00;00;FC
1;AB;2022;396;2022-09-24 10:00:00;01;EM
1;AB;2022;396;2022-09-25 10:00:00;02;CE
1;AB;2022;396;2022-10-10 10:00:00;03;CO
1;AB;2022;397;2022-10-24 08:00:00;00;FC
1;AB;2022;397;2022-10-24 10:00:00;01;EM
1;AB;2022;397;2022-10-25 10:00:00;02;CE
1;AB;2022;397;2022-11-03 10:00:00;03;CO
1;AB;2022;398;2022-11-24 08:00:00;00;FC
1;AB;2022;398;2022-11-24 10:00:00;01;EM
1;AB;2022;398;2022-11-25 10:00:00;02;CE
1;AB;2022;398;2022-12-16 10:00:00;03;CO
1;AB;2022;399;2022-12-24 08:00:00;00;FC
1;AB;2022;399;2022-12-24 10:00:00;01;EM
1;AB;2022;399;2022-12-25 10:00:00;02;CE
1;AB;2022;399;2023-01-09 10:00:00;03;CO
1;AB;2023;529;2023-01-24 08:00:00;00;FC
1;AB;2023;529;2023-01-24 10:00:00;01;EM
1;AB;2023;529;2023-01-25 10:00:00;02;CE
1;AB;2023;529;2023-02-16 10:00:00;03;CO
1;AB;2023;530;2023-02-24 08:00:00;00;FC
1;AB;2023;530;2023-02-24 10:00:00;01;EM
1;AB;2023;530;2023-02-25 10:00:00;02;CE
1;AB;2023;530;2023-03-09 10:00:00;03;CO
1;AB;2023;531;2023-03-24 08:00:00;00;FC
1;AB;2023;531;2023-03-24 10:00:00;01;EM
1;AB;2023;531;2023-03-25 10:00:00;02;CE
1;AB;2023;531;2023-04-05 10:00:00;03;CO
1;AB;2023;532;2023-04-24 08:00:00;00;FC
1;AB;2023;532;2023-04-24 10:00:00;01;EM
1;AB;2023;532;2023-04-25 10:00:00;02;CE
1;AB;2023;532;2023-05-14 10:00:00;03;CO
1;AB;2023;533;2023-05-24 08:00:00;00;FC
1;AB;2023;533;2023-05-24 10:00:00;01;EM
1;AB;2023;533;2023-05-25 10:00:00;02;CE
1;AB;2023;533;2023-06-12 10:00:00;03;CO
1;AB;2023;534;2023-06-24 08:00:00;00;FC
1;AB;2023;534;2023-06-24 10:00:00;01;EM
1;AB;2023;534;2023-06-25 10:00:00;02;CE
1;AB;2023;534;2023-07-13 10:00:00;03;CO
1;AB;2023;535;2023-07-24 08:00:00;00;FC
1;AB;2023;535;2023-07-24 10:00:00;01;EM
1;AB;2023;535;2023-07-25 10:00:00;02;CE
1;AB;2023;535;2023-08-06 10:00:00;03;CO
1;AB;2023;536;2023-08-24 08:00:00;00;FC
1;AB;2023;536;2023-08-24 10:00:00;01;EM
1;AB;2023;536;2023-08-25 10:00:00;02;CE
1;AB;2023;536;2023-09-10 10:00:00;03;CO
1;AB;2023;537;2023-09-24 08:00:00;00;FC
1;AB;2023;537;2023-09-24 10:00:00;01;EM
1;AB;2023;537;2023-09-25 10:00:00;02;CE
1;AB;2023;537;2023-10-21 10:00:00;03;CO
1;AB;2023;538;2023-10-24 08:00:00;00;FC
1;AB;2023;538;2023-10-24 10:00:00;01;EM
1;AB;2023;538;2023-10-25 10:00:00;02;CE
1;AB;2023;538;2023-11-10 10:00:00;03;CO
1;AB;2023;539;2023-11-24 08:00:00;00;FC
1;AB;2023;539;2023-11-24 10:00:00;01;EM
1;AB;2023;539;2023-11-25 10:00:00;02;CE
1;AB;2023;539;2023-12-06 10:00:00;03;CO
1;AB;2023;540;2023-12-24 08:00:00;00;FC
1;AB;2023;540;2023-12-24 10:00:00;01;EM
1;AB;2023;540;2023-12-25 10:00:00;02;CE
1;AB;2023;540;2024-01-07 10:00:00;03;CO
1;AB;2024;675;2024-01-24 08:00:00;00;FC
1;AB;2024;675;2024-01-24 10:00:00;01;EM
1;AB;2024;675;2024-01-25 10:00:00;02;CE
1;AB;2024;675;2024-02-01 10:00:00;03;CO
1;AB;2024;676;2024-02-24 08:00:00;00;FC
1;AB;2024;676;2024-02-24 10:00:00;01;EM
1;AB;2024;676;2024-02-25 10:00:00;02;CE
1;AB;2024;676;2024-03-12 10:00:00;03;CO
1;AB;2024;677;2024-03-24 08:00:00;00;FC
1;AB;2024;677;2024-03-24 10:00:00;01;EM
1;AB;2024;677;2024-03-25 10:00:00;02;CE
1;AB;2024;677;2024-04-03 10:00:00;03;CO
1;AB;2024;678;2024-04-24 08:00:00;00;FC
1;AB;2024;678;2024-04-24 10:00:00;01;EM
1;AB;2024;678;2024-04-25 10:00:00;02;CE
1;AB;2024;678;2024-05-13 10:00:00;03;CO
1;AB;2024;679;2024-05-24 08:00:00;00;FC
1;AB;2024;679;2024-05-24 10:00:00;01;EM
1;AB;2024;679;2024-05-25 10:00:00;02;CE
1;AB;2024;679;2024-06-23 10:00:00;03;CO
1;AB;2024;680;2024-06-24 08:00:00;00;FC
1;AB;2024;680;2024-06-24 10:00:00;01;EM
1;AB;2024;680;2024-06-25 10:00:00;02;CE
1;AB;2024;680;2024-07-24 10:00:00;03;CO
1;AB;2024;681;2024-07-24 08:00:00;00;FC
1;AB;2024;681;2024-07-24 10:00:00;01;EM
1;AB;2024;681;2024-07-25 10:00:00;02;CE
1;AB;2024;681;2024-08-06 10:00:00;03;CO
1;AB;2024;682;2024-08-24 08:00:00;00;FC
1;AB;2024;682;2024-08-24 10:00:00;01;EM
1;AB;2024;682;2024-08-25 10:00:00;02;CE
1;AB;2024;682;2024-09-23 10:00:00;03;CO
1;AB;2024;683;2024-09-24 08:00:00;00;FC
1;AB;2024;683;2024-09-24 10:00:00;01;EM
1;AB;2024;683;2024-09-25 10:00:00;02;CE
1;AB;2024;683;2024-10-09 10:00:00;03;CO
1;AB;2024;684;2024-10-24 08:00:00;00;FC
1;AB;2024;684;2024-10-24 10:00:00;01;EM
1;AB;2024;684;2024-10-25 10:00:00;02;CE
1;AB;2024;684;2024-11-17 10:00:00;03;CO
1;AB;2024;685;2024-11-24 08:00:00;00;FC
1;AB;2024;685;2024-11-24 10:00:00;01;EM
1;AB;2024;685;2024-11-25 10:00:00;02;CE
1;AB;2024;685;2024-12-15 10:00:00;03;CO
1;AB;2024;686;2024-12-24 08:00:00;00;FC
1;AB;2024;686;2024-12-24 10:00:00;01;EM
1;AB;2024;686;2024-12-25 10:00:00;02;CE
1;AB;2024;686;2025-01-16 10:00:00;03;CO
1;AB;2025;817;2025-01-24 08:00:00;00;FC
1;AB;2025;817;2025-01-24 10:00:00;01;EM
1;AB;2025;817;2025-01-25 10:00:00;02;CE
1;AB;2025;817;2025-02-01 10:00:00;03;CO
1;AB;2025;818;2025-02-24 08:00:00;00;FC
1;AB;2025;818;2025-02-24 10:00:00;01;EM
1;AB;2025;818;2025-02-25 10:00:00;02;CE
1;AB;2025;818;2025-03-12 10:00:00;03;CO
1;AB;2025;819;2025-03-24 08:00:00;00;FC
1;AB;2025;819;2025-03-24 10:00:00;01;EM
1;AB;2025;819;2025-03-25 10:00:00;02;CE
1;AB;2025;819;2025-04-05 10:00:00;03;CO
1;AB;2025;820;2025-04-24 08:00:00;00;FC
1;AB;2025;820;2025-04-24 10:00:00;01;EM
1;AB;2025;820;2025-04-25 10:00:00;02;CE
1;AB;2025;820;2025-05-25 10:00:00;03;CO
1;AB;2025;821;2025-05-24 08:00:00;00;FC
1;AB;2025;821;2025-05-24 10:00:00;01;EM
1;AB;2025;821;2025-05-25 10:00:00;02;CE
1;AB;2025;821;2025-06-14 10:00:00;03;CO
1;AB;2025;822;2025-06-24 08:00:00;00;FC
1;AB;2025;822;2025-06-24 10:00:00;01;EM
1;AB;2025;822;2025-06-25 10:00:00;02;CE
1;AB;2025;822;2025-07-15 10:00:00;03;CO
1;AB;2025;823;2025-07-24 08:00:00;00;FC
1;AB;2025;823;2025-07-24 10:00:00;01;EM
1;AB;2025;823;2025-07-25 10:00:00;02;CE
1;AB;2025;823;2025-08-22 10:00:00;03;CO
1;AB;2025;824;2025-08-24 08:00:00;00;FC
1;AB;2025;824;2025-08-24 10:00:00;01;EM
1;AB;2025;824;2025-08-25 10:00:00;02;CE
1;AB;2025;824;2025-09-02 10:00:00;03;CO
1;AB;2025;825;2025-09-24 08:00:00;00;FC
1;AB;2025;825;2025-09-24 10:00:00;01;EM
1;AB;2025;825;2025-09-25 10:00:00;02;CE
1;AB;2025;825;2025-10-08 10:00:00;03;CO
1;AB;2025;826;2025-10-24 08:00:00;00;FC
1;AB;2025;826;2025-10-24 10:00:00;01;EM
1;AB;2025;826;2025-10-25 10:00:00;02;CE
1;AB;2025;826;2025-11-01 10:00:00;03;CO
1;AB;2025;827;2025-11-24 08:00:00;00;FC
1;AB;2025;827;2025-11-24 10:00:00;01;EM
1;AB;2025;827;2025-11-25 10:00:00;02;CE
1;AB;2025;827;2025-12-11 10:00:00;03;CO
1;AB;2025;828;2025-12-24 08:00:00;00;FC
1;AB;2025;828;2025-12-24 10:00:00;01;EM
1;AB;2025;828;2025-12-25 10:00:00;02;CE
1;AB;2025;828;2026-01-01 10:00:00;03;CO
1;AB;2026;565;2026-01-24 08:00:00;00;FC
1;AB;2026;565;2026-01-24 10:00:00;01;EM
1;AB;2026;566;2026-02-24 08:00:00;00;FC
1;AB;2026;566;2026-02-24 10:00:00;01;EM
1;AB;2026;566;2026-02-25 10:00:00;02;CE
1;AB;2026;566;2026-03-11 10:00:00;03;CO
1;AB;2026;567;2026-03-24 08:00:00;00;FC
1;AB;2026;567;2026-03-24 10:00:00;01;EM
1;AB;2026;567;2026-03-25 10:00:00;02;CE
1;AB;2026;567;2026-04-23 10:00:00;04;DV
1;AB;2026;567;2026-04-30 10:00:00;24;RC
1;AB;2026;568;2026-04-24 08:00:00;00;FC
1;AB;2026;568;2026-04-24 10:00:00;01;EM
1;AB;2026;568;2026-04-25 10:00:00;02;CE
1;AB;2026;568;2026-05-10 10:00:00;20;AJ
1;AB;2026;569;2026-05-24 08:00:00;00;FC
1;AB;2026;569;2026-05-24 10:00:00;01;EM
1;AB;2026;569;2026-05-25 10:00:00;02;CE
1;AB;2026;569;2026-06-06 10:00:00;03;CO
1;AB;2026;570;2026-06-24 08:00:00;00;FC
1;AB;2026;570;2026-06-24 10:00:00;01;EM
1;AB;2026;570;2026-06-25 10:00:00;02;CE
1;AB;2026;570;2026-07-22 10:00:00;03;CO
1;AB;2026;571;2026-07-24 08:00:00;00;FC
1;AB;2026;571;2026-07-24 10:00:00;01;EM
1;AB;2026;571;2026-07-25 10:00:00;02;CE
1;AB;2026;571;2026-08-24 10:00:00;03;CO
1;AB;2021;257;2021-09-24 08:00:00;00;FC
1;AB;2021;257;2021-09-24 10:00:00;01;EM
1;AB;2021;257;2021-09-25 10:00:00;02;CE
1;AB;2021;257;2021-10-22 10:00:00;03;CO
1;AB;2021;258;2021-10-24 08:00:00;00;FC
1;AB;2021;258;2021-10-24 10:00:00;01;EM
1;AB;2021;258;2021-10-25 10:00:00;02;CE
1;AB;2021;258;2021-11-21 10:00:00;03;CO
1;AB;2021;259;2021-11-24 08:00:00;00;FC
1;AB;2021;259;2021-11-24 10:00:00;01;EM
1;AB;2021;259;2021-11-25 10:00:00;02;CE
1;AB;2021;259;2021-12-05 10:00:00;03;CO
1;AB;2021;260;2021-12-24 08:00:00;00;FC
1;AB;2021;260;2021-12-24 10:00:00;01;EM
1;AB;2021;260;2021-12-25 10:00:00;02;CE
1;AB;2021;260;2022-01-21 10:00:00;03;CO
1;AB;2022;400;2022-01-24 08:00:00;00;FC
1;AB;2022;400;2022-01-24 10:00:00;01;EM
1;AB;2022;400;2022-01-25 10:00:00;02;CE
1;AB;2022;400;2022-02-08 10:00:00;03;CO
1;AB;2022;401;2022-02-24 08:00:00;00;FC
1;AB;2022;401;2022-02-24 10:00:00;01;EM
1;AB;2022;401;2022-02-25 10:00:00;02;CE
1;AB;2022;401;2022-03-13 10:00:00;03;CO
1;AB;2022;402;2022-03-24 08:00:00;00;FC
1;AB;2022;402;2022-03-24 10:00:00;01;EM
1;AB;2022;402;2022-03-25 10:00:00;02;CE
1;AB;2022;402;2022-04-03 10:00:00;03;CO
1;AB;2022;403;2022-04-24 08:00:00;00;FC
1;AB;2022;403;2022-04-24 10:00:00;01;EM
1;AB;2022;403;2022-04-25 10:00:00;02;CE
1;AB;2022;403;2022-05-22 10:00:00;03;CO
1;AB;2022;404;2022-05-24 08:00:00;00;FC
1;AB;2022;404;2022-05-24 10:00:00;01;EM
1;AB;2022;404;2022-05-25 10:00:00;02;CE
1;AB;2022;404;2022-06-17 10:00:00;03;CO
1;AB;2022;405;2022-06-24 08:00:00;00;FC
1;AB;2022;405;2022-06-24 10:00:00;01;EM
1;AB;2022;405;2022-06-25 10:00:00;02;CE
1;AB;2022;405;2022-07-10 10:00:00;03;CO
1;AB;2022;406;2022-07-24 08:00:00;00;FC
1;AB;2022;406;2022-07-24 10:00:00;01;EM
1;AB;2022;406;2022-07-25 10:00:00;02;CE
1;AB;2022;406;2022-08-21 10:00:00;03;CO
1;AB;2022;407;2022-08-24 08:00:00;00;FC
1;AB;2022;407;2022-08-24 10:00:00;01;EM
1;AB;2022;407;2022-08-25 10:00:00;02;CE
1;AB;2022;407;2022-09-23 10:00:00;03;CO
1;AB;2022;408;2022-09-24 08:00:00;00;FC
1;AB;2022;408;2022-09-24 10:00:00;01;EM
1;AB;2022;408;2022-09-25 10:00:00;02;CE
1;AB;2022;408;2022-10-12 10:00:00;03;CO
1;AB;2022;409;2022-10-24 08:00:00;00;FC
1;AB;2022;409;2022-10-24 10:00:00;01;EM
1;AB;2022;409;2022-10-25 10:00:00;02;CE
1;AB;2022;409;2022-10-30 10:00:00;03;CO
1;AB;2022;410;2022-11-24 08:00:00;00;FC
1;AB;2022;410;2022-11-24 10:00:00;01;EM
1;AB;2022;410;2022-11-25 10:00:00;02;CE
1;AB;2022;410;2022-12-20 10:00:00;03;CO
1;AB;2022;411;2022-12-24 08:00:00;00;FC
1;AB;2022;411;2022-12-24 10:00:00;01;EM
1;AB;2022;411;2022-12-25 10:00:00;05;CN
1;AB;2023;541;2023-01-24 08:00:00;00;FC
1;AB;2023;541;2023-01-24 10:00:00;01;EM
1;AB;2023;541;2023-01-25 10:00:00;02;CE
1;AB;2023;541;2023-02-10 10:00:00;03;CO
1;AB;2023;542;2023-02-24 08:00:00;00;FC
1;AB;2023;542;2023-02-24 10:00:00;01;EM
1;AB;2023;542;2023-02-25 10:00:00;02;CE
1;AB;2023;542;2023-03-12 10:00:00;03;CO
1;AB;2023;543;2023-03-24 08:00:00;00;FC
1;AB;2023;543;2023-03-24 10:00:00;01;EM
1;AB;2023;543;2023-03-25 10:00:00;02;CE
1;AB;2023;543;2023-04-17 10:00:00;03;CO
1;AB;2023;544;2023-04-24 08:00:00;00;FC
1;AB;2023;544;2023-04-24 10:00:00;01;EM
1;AB;2023;544;2023-04-25 10:00:00;02;CE
1;AB;2023;544;2023-05-25 10:00:00;03;CO
1;AB;2023;545;2023-05-24 08:00:00;00;FC
1;AB;2023;545;2023-05-24 10:00:00;01;EM
1;AB;2023;545;2023-05-25 10:00:00;02;CE
1;AB;2023;545;2023-06-09 10:00:00;03;CO
1;AB;2023;546;2023-06-24 08:00:00;00;FC
1;AB;2023;546;2023-06-24 10:00:00;01;EM
1;AB;2023;546;2023-06-25 10:00:00;02;CE
1;AB;2023;546;2023-07-21 10:00:00;03;CO
1;AB;2023;547;2023-07-24 08:00:00;00;FC
1;AB;2023;547;2023-07-24 10:00:00;01;EM
1;AB;2023;547;2023-07-25 10:00:00;02;CE
1;AB;2023;547;2023-08-04 10:00:00;03;CO
1;AB;2023;548;2023-08-24 08:00:00;00;FC
1;AB;2023;548;2023-08-24 10:00:00;01;EM
1;AB;2023;548;2023-08-25 10:00:00;02;CE
1;AB;2023;548;2023-09-02 10:00:00;03;CO
1;AB;2023;549;2023-09-24 08:00:00;00;FC
1;AB;2023;549;2023-09-24 10:00:00;01;EM
1;AB;2023;549;2023-09-25 10:00:00;02;CE
1;AB;2023;549;2023-10-04 10:00:00;03;CO
1;AB;2023;550;2023-10-24 08:00:00;00;FC
1;AB;2023;550;2023-10-24 10:00:00;01;EM
1;AB;2023;550;2023-10-25 10:00:00;02;CE
1;AB;2023;550;2023-11-24 10:00:00;03;CO
1;AB;2023;551;2023-11-24 08:00:00;00;FC
1;AB;2023;551;2023-11-24 10:00:00;01;EM
1;AB;2023;551;2023-11-25 10:00:00;02;CE
1;AB;2023;551;2023-12-10 10:00:00;03;CO
1;AB;2023;552;2023-12-24 08:00:00;00;FC
1;AB;2023;552;2023-12-24 10:00:00;01;EM
1;AB;2023;552;2023-12-25 10:00:00;02;CE
1;AB;2023;552;2024-01-16 10:00:00;03;CO
1;AB;2024;687;2024-01-24 08:00:00;00;FC
1;AB;2024;687;2024-01-24 10:00:00;01;EM
1;AB;2024;687;2024-01-25 10:00:00;02;CE
1;AB;2024;687;2024-02-04 10:00:00;03;CO
1;AB;2024;688;2024-02-24 08:00:00;00;FC
1;AB;2024;688;2024-02-24 10:00:00;01;EM
1;AB;2024;688;2024-02-25 10:00:00;02;CE
1;AB;2024;688;2024-03-21 10:00:00;03;CO
1;AB;2024;689;2024-03-24 08:00:00;00;FC
1;AB;2024;689;2024-03-24 10:00:00;01;EM
1;AB;2024;689;2024-03-25 10:00:00;02;CE
1;AB;2024;689;2024-04-05 10:00:00;03;CO
1;AB;2024;690;2024-04-24 08:00:00;00;FC
1;AB;2024;690;2024-04-24 10:00:00;01;EM
1;AB;2024;690;2024-04-25 10:00:00;02;CE
1;AB;2024;690;2024-05-25 10:00:00;03;CO
1;AB;2024;691;2024-05-24 08:00:00;00;FC
1;AB;2024;691;2024-05-24 10:00:00;01;EM
1;AB;2024;691;2024-05-25 10:00:00;02;CE
1;AB;2024;691;2024-06-23 10:00:00;03;CO
1;AB;2024;692;2024-06-24 08:00:00;00;FC
1;AB;2024;692;2024-06-24 10:00:00;01;EM
1;AB;2024;692;2024-06-25 10:00:00;02;CE
1;AB;2024;692;2024-07-15 10:00:00;03;CO
1;AB;2024;693;2024-07-24 08:00:00;00;FC
1;AB;2024;693;2024-07-24 10:00:00;01;EM
1;AB;2024;693;2024-07-25 10:00:00;02;CE
1;AB;2024;693;2024-08-13 10:00:00;03;CO
1;AB;2024;694;2024-08-24 08:00:00;00;FC
1;AB;2024;694;2024-08-24 10:00:00;01;EM
1;AB;2024;694;2024-08-25 10:00:00;02;CE
1;AB;2024;694;2024-08-31 10:00:00;03;CO
1;AB;2024;695;2024-09-24 08:00:00;00;FC
1;AB;2024;695;2024-09-24 10:00:00;01;EM
1;AB;2024;695;2024-09-25 10:00:00;02;CE
1;AB;2024;695;2024-09-30 10:00:00;03;CO
1;AB;2024;696;2024-10-24 08:00:00;00;FC
1;AB;2024;696;2024-10-24 10:00:00;01;EM
1;AB;2024;696;2024-10-25 10:00:00;02;CE
1;AB;2024;696;2024-11-12 10:00:00;03;CO
1;AB;2024;697;2024-11-24 08:00:00;00;FC
1;AB;2024;697;2024-11-24 10:00:00;01;EM
1;AB;2024;697;2024-11-25 10:00:00;02;CE
1;AB;2024;697;2024-12-20 10:00:00;03;CO
1;AB;2024;698;2024-12-24 08:00:00;00;FC
1;AB;2024;698;2024-12-24 10:00:00;01;EM
1;AB;2024;698;2024-12-25 10:00:00;02;CE
1;AB;2024;698;2024-12-30 10:00:00;03;CO
1;AB;2025;829;2025-01-24 08:00:00;00;FC
1;AB;2025;829;2025-01-24 10:00:00;01;EM
1;AB;2025;829;2025-01-25 10:00:00;02;CE
1;AB;2025;829;2025-02-15 10:00:00;03;CO
1;AB;2025;830;2025-02-24 08:00:00;00;FC
1;AB;2025;830;2025-02-24 10:00:00;01;EM
1;AB;2025;830;2025-02-25 10:00:00;02;CE
1;AB;2025;830;2025-03-06 10:00:00;03;CO
1;AB;2025;831;2025-03-24 08:00:00;00;FC
1;AB;2025;831;2025-03-24 10:00:00;01;EM
1;AB;2025;831;2025-03-25 10:00:00;02;CE
1;AB;2025;831;2025-04-01 10:00:00;03;CO
1;AB;2025;832;2025-04-24 08:00:00;00;FC
1;AB;2025;832;2025-04-24 10:00:00;01;EM
1;AB;2025;832;2025-04-25 10:00:00;02;CE
1;AB;2025;832;2025-05-12 10:00:00;03;CO
1;AB;2025;833;2025-05-24 08:00:00;00;FC
1;AB;2025;833;2025-05-24 10:00:00;01;EM
1;AB;2025;833;2025-05-25 10:00:00;02;CE
1;AB;2025;833;2025-06-09 10:00:00;03;CO
1;AB;2025;834;2025-06-24 08:00:00;00;FC
1;AB;2025;834;2025-06-24 10:00:00;01;EM
1;AB;2025;834;2025-06-25 10:00:00;02;CE
1;AB;2025;834;2025-07-01 10:00:00;03;CO
1;AB;2025;835;2025-07-24 08:00:00;00;FC
1;AB;2025;835;2025-07-24 10:00:00;01;EM
1;AB;2025;835;2025-07-25 10:00:00;02;CE
1;AB;2025;835;2025-07-30 10:00:00;03;CO
1;AB;2025;836;2025-08-24 08:00:00;00;FC
1;AB;2025;836;2025-08-24 10:00:00;01;EM
1;AB;2025;837;2025-09-24 08:00:00;00;FC
1;AB;2025;837;2025-09-24 10:00:00;01;EM
1;AB;2025;837;2025-09-25 10:00:00;02;CE
1;AB;2025;837;2025-09-30 10:00:00;03;CO
1;AB;2025;838;2025-10-24 08:00:00;00;FC
1;AB;2025;838;2025-10-24 10:00:00;01;EM
1;AB;2025;838;2025-10-25 10:00:00;02;CE
1;AB;2025;838;2025-11-13 10:00:00;03;CO
1;AB;2025;839;2025-11-24 08:00:00;00;FC
1;AB;2025;839;2025-11-24 10:00:00;01;EM
1;AB;2025;839;2025-11-25 10:00:00;02;CE
1;AB;2025;839;2025-12-13 10:00:00;03;CO
1;AB;2025;840;2025-12-24 08:00:00;00;FC
1;AB;2025;840;2025-12-24 10:00:00;01;EM
1;AB;2025;840;2025-12-25 10:00:00;02;CE
1;AB;2025;840;2026-01-08 10:00:00;03;CO
1;AB;2026;572;2026-01-24 08:00:00;00;FC
1;AB;2026;572;2026-01-24 10:00:00;01;EM
1;AB;2026;572;2026-01-25 10:00:00;02;CE
1;AB;2026;572;2026-02-24 10:00:00;03;CO
1;AB;2026;573;2026-02-24 08:00:00;00;FC
1;AB;2026;573;2026-02-24 10:00:00;01;EM
1;AB;2026;573;2026-02-25 10:00:00;02;CE
1;AB;2026;573;2026-03-21 10:00:00;03;CO
1;AB;2026;574;2026-03-24 08:00:00;00;FC
1;AB;2026;574;2026-03-24 10:00:00;01;EM
1;AB;2026;574;2026-03-25 10:00:00;02;CE
1;AB;2026;574;2026-04-20 10:00:00;03;CO
1;AB;2026;575;2026-04-24 08:00:00;00;FC
1;AB;2026;575;2026-04-24 10:00:00;01;EM
1;AB;2026;575;2026-04-25 10:00:00;02;CE
1;AB;2026;575;2026-05-20 10:00:00;03;CO
1;AB;2026;576;2026-05-24 08:00:00;00;FC
1;AB;2026;576;2026-05-24 10:00:00;01;EM
1;AB;2026;576;2026-05-25 10:00:00;02;CE
1;AB;2026;576;2026-06-01 10:00:00;03;CO
1;AB;2026;577;2026-06-24 08:00:00;00;FC
1;AB;2026;577;2026-06-24 10:00:00;01;EM
1;AB;2026;577;2026-06-25 10:00:00;02;CE
1;AB;2026;577;2026-07-20 10:00:00;03;CO
1;AB;2026;578;2026-07-24 08:00:00;00;FC
1;AB;2026;578;2026-07-24 10:00:00;01;EM
1;AB;2026;578;2026-07-25 10:00:00;02;CE
1;AB;2026;578;2026-08-20 10:00:00;03;CO
1;AB;2022;412;2022-10-24 08:00:00;00;FC
1;AB;2022;412;2022-10-24 10:00:00;01;EM
1;AB;2022;412;2022-10-25 10:00:00;02;CE
1;AB;2022;412;2022-11-20 10:00:00;03;CO
1;AB;2022;413;2022-11-24 08:00:00;00;FC
1;AB;2022;413;2022-11-24 10:00:00;01;EM
1;AB;2022;413;2022-11-25 10:00:00;02;CE
1;AB;2022;413;2022-12-02 10:00:00;03;CO
1;AB;2022;414;2022-12-24 08:00:00;00;FC
1;AB;2022;414;2022-12-24 10:00:00;01;EM
1;AB;2022;414;2022-12-25 10:00:00;02;CE
1;AB;2022;414;2023-01-16 10:00:00;03;CO
1;AB;2023;553;2023-01-24 08:00:00;00;FC
1;AB;2023;553;2023-01-24 10:00:00;01;EM
1;AB;2023;553;2023-01-25 10:00:00;02;CE
1;AB;2023;553;2023-02-18 10:00:00;03;CO
1;AB;2023;554;2023-02-24 08:00:00;00;FC
1;AB;2023;554;2023-02-24 10:00:00;01;EM
1;AB;2023;554;2023-02-25 10:00:00;02;CE
1;AB;2023;554;2023-03-24 10:00:00;03;CO
1;AB;2023;555;2023-03-24 08:00:00;00;FC
1;AB;2023;555;2023-03-24 10:00:00;01;EM
1;AB;2023;555;2023-03-25 10:00:00;02;CE
1;AB;2023;555;2023-04-19 10:00:00;03;CO
1;AB;2023;556;2023-04-24 08:00:00;00;FC
1;AB;2023;556;2023-04-24 10:00:00;01;EM
1;AB;2023;556;2023-04-25 10:00:00;02;CE
1;AB;2023;556;2023-05-06 10:00:00;03;CO
1;AB;2023;557;2023-05-24 08:00:00;00;FC
1;AB;2023;557;2023-05-24 10:00:00;01;EM
1;AB;2023;557;2023-05-25 10:00:00;02;CE
1;AB;2023;557;2023-05-30 10:00:00;03;CO
1;AB;2023;558;2023-06-24 08:00:00;00;FC
1;AB;2023;558;2023-06-24 10:00:00;01;EM
1;AB;2023;558;2023-06-25 10:00:00;02;CE
1;AB;2023;558;2023-07-25 10:00:00;03;CO
1;AB;2023;559;2023-07-24 08:00:00;00;FC
1;AB;2023;559;2023-07-24 10:00:00;01;EM
1;AB;2023;559;2023-07-25 10:00:00;02;CE
1;AB;2023;559;2023-08-17 10:00:00;03;CO
1;AB;2023;560;2023-08-24 08:00:00;00;FC
1;AB;2023;560;2023-08-24 10:00:00;01;EM
1;AB;2023;560;2023-08-25 10:00:00;02;CE
1;AB;2023;560;2023-09-02 10:00:00;03;CO
1;AB;2023;561;2023-09-24 08:00:00;00;FC
1;AB;2023;561;2023-09-24 10:00:00;01;EM
1;AB;2023;561;2023-09-25 10:00:00;02;CE
1;AB;2023;561;2023-10-17 10:00:00;03;CO
1;AB;2023;562;2023-10-24 08:00:00;00;FC
1;AB;2023;562;2023-10-24 10:00:00;01;EM
1;AB;2023;562;2023-10-25 10:00:00;02;CE
1;AB;2023;562;2023-11-03 10:00:00;03;CO
1;AB;2023;563;2023-11-24 08:00:00;00;FC
1;AB;2023;563;2023-11-24 10:00:00;01;EM
1;AB;2023;563;2023-11-25 10:00:00;02;CE
1;AB;2023;563;2023-12-24 10:00:00;03;CO
1;AB;2023;564;2023-12-24 08:00:00;00;FC
1;AB;2023;564;2023-12-24 10:00:00;01;EM
1;AB;2023;564;2023-12-25 10:00:00;02;CE
1;AB;2023;564;2024-01-01 10:00:00;03;CO
1;AB;2024;699;2024-01-24 08:00:00;00;FC
1;AB;2024;699;2024-01-24 10:00:00;01;EM
1;AB;2024;699;2024-01-25 10:00:00;02;CE
1;AB;2024;699;2024-02-22 10:00:00;03;CO
1;AB;2024;700;2024-02-24 08:00:00;00;FC
1;AB;2024;700;2024-02-24 10:00:00;01;EM
1;AB;2024;700;2024-02-25 10:00:00;02;CE
1;AB;2024;700;2024-03-05 10:00:00;03;CO
1;AB;2024;701;2024-03-24 08:00:00;00;FC
1;AB;2024;701;2024-03-24 10:00:00;01;EM
1;AB;2024;701;2024-03-25 10:00:00;02;CE
1;AB;2024;701;2024-04-21 10:00:00;03;CO
1;AB;2024;702;2024-04-24 08:00:00;00;FC
1;AB;2024;702;2024-04-24 10:00:00;01;EM
1;AB;2024;702;2024-04-25 10:00:00;02;CE
1;AB;2024;702;2024-05-13 10:00:00;03;CO
1;AB;2024;703;2024-05-24 08:00:00;00;FC
1;AB;2024;703;2024-05-24 10:00:00;01;EM
1;AB;2024;703;2024-05-25 10:00:00;02;CE
1;AB;2024;703;2024-06-01 10:00:00;03;CO
1;AB;2024;704;2024-06-24 08:00:00;00;FC
1;AB;2024;704;2024-06-24 10:00:00;01;EM
1;AB;2024;704;2024-06-25 10:00:00;02;CE
1;AB;2024;704;2024-07-10 10:00:00;03;CO
1;AB;2024;705;2024-07-24 08:00:00;00;FC
1;AB;2024;705;2024-07-24 10:00:00;01;EM
1;AB;2024;705;2024-07-25 10:00:00;02;CE
1;AB;2024;705;2024-08-07 10:00:00;03;CO
1;AB;2024;706;2024-08-24 08:00:00;00;FC
1;AB;2024;706;2024-08-24 10:00:00;01;EM
1;AB;2024;706;2024-08-25 10:00:00;02;CE
1;AB;2024;706;2024-09-06 10:00:00;03;CO
1;AB;2024;707;2024-09-24 08:00:00;00;FC
1;AB;2024;707;2024-09-24 10:00:00;01;EM
1;AB;2024;707;2024-09-25 10:00:00;02;CE
1;AB;2024;707;2024-10-24 10:00:00;03;CO
1;AB;2024;708;2024-10-24 08:00:00;00;FC
1;AB;2024;708;2024-10-24 10:00:00;01;EM
1;AB;2024;708;2024-10-25 10:00:00;02;CE
1;AB;2024;708;2024-11-20 10:00:00;03;CO
1;AB;2024;709;2024-11-24 08:00:00;00;FC
1;AB;2024;709;2024-11-24 10:00:00;01;EM
1;AB;2024;709;2024-11-25 10:00:00;02;CE
1;AB;2024;709;2024-12-07 10:00:00;03;CO
1;AB;2024;710;2024-12-24 08:00:00;00;FC
1;AB;2024;710;2024-12-24 10:00:00;01;EM
1;AB;2024;710;2024-12-25 10:00:00;02;CE
1;AB;2024;710;2025-01-09 10:00:00;03;CO
1;AB;2025;841;2025-01-24 08:00:00;00;FC
1;AB;2025;841;2025-01-24 10:00:00;01;EM
1;AB;2025;841;2025-01-25 10:00:00;02;CE
1;AB;2025;841;2025-02-10 10:00:00;03;CO
1;AB;2025;842;2025-02-24 08:00:00;00;FC
1;AB;2025;842;2025-02-24 10:00:00;01;EM
1;AB;2025;842;2025-02-25 10:00:00;02;CE
1;AB;2025;842;2025-03-24 10:00:00;03;CO
1;AB;2025;843;2025-03-24 08:00:00;00;FC
1;AB;2025;843;2025-03-24 10:00:00;01;EM
1;AB;2025;843;2025-03-25 10:00:00;02;CE
1;AB;2025;843;2025-04-20 10:00:00;03;CO
1;AB;2025;844;2025-04-24 08:00:00;00;FC
1;AB;2025;844;2025-04-24 10:00:00;01;EM
1;AB;2025;844;2025-04-25 10:00:00;02;CE
1;AB;2025;844;2025-05-05 10:00:00;03;CO
1;AB;2025;845;2025-05-24 08:00:00;00;FC
1;AB;2025;845;2025-05-24 10:00:00;01;EM
1;AB;2025;845;2025-05-25 10:00:00;02;CE
1;AB;2025;845;2025-06-06 10:00:00;03;CO
1;AB;2025;846;2025-06-24 08:00:00;00;FC
1;AB;2025;846;2025-06-24 10:00:00;01;EM
1;AB;2025;846;2025-06-25 10:00:00;02;CE
1;AB;2025;846;2025-07-03 10:00:00;03;CO
1;AB;2025;847;2025-07-24 08:00:00;00;FC
1;AB;2025;847;2025-07-24 10:00:00;01;EM
1;AB;2025;847;2025-07-25 10:00:00;02;CE
1;AB;2025;847;2025-08-01 10:00:00;03;CO
1;AB;2025;848;2025-08-24 08:00:00;00;FC
1;AB;2025;848;2025-08-24 10:00:00;01;EM
1;AB;2025;848;2025-08-25 10:00:00;02;CE
1;AB;2025;848;2025-08-31 10:00:00;03;CO
1;AB;2025;849;2025-09-24 08:00:00;00;FC
1;AB;2025;849;2025-09-24 10:00:00;01;EM
1;AB;2025;849;2025-09-25 10:00:00;02;CE
1;AB;2025;849;2025-10-04 10:00:00;03;CO
1;AB;2025;850;2025-10-24 08:00:00;00;FC
1;AB;2025;850;2025-10-24 10:00:00;01;EM
1;AB;2025;850;2025-10-25 10:00:00;02;CE
1;AB;2025;850;2025-11-01 10:00:00;03;CO
1;AB;2025;851;2025-11-24 08:00:00;00;FC
1;AB;2025;851;2025-11-24 10:00:00;01;EM
1;AB;2025;851;2025-11-25 10:00:00;02;CE
1;AB;2025;851;2025-12-10 10:00:00;03;CO
1;AB;2025;852;2025-12-24 08:00:00;00;FC
1;AB;2025;852;2025-12-24 10:00:00;01;EM
1;AB;2025;852;2025-12-25 10:00:00;02;CE
1;AB;2025;852;2026-01-07 10:00:00;03;CO
1;AB;2026;579;2026-01-24 08:00:00;00;FC
1;AB;2026;579;2026-01-24 10:00:00;01;EM
1;AB;2026;579;2026-01-25 10:00:00;02;CE
1;AB;2026;579;2026-02-02 10:00:00;03;CO
1;AB;2026;580;2026-02-24 08:00:00;00;FC
1;AB;2026;580;2026-02-24 10:00:00;01;EM
1;AB;2026;580;2026-02-25 10:00:00;02;CE
1;AB;2026;580;2026-03-27 10:00:00;04;DV
1;AB;2026;580;2026-04-03 10:00:00;24;RC
1;AB;2026;581;2026-03-24 08:00:00;00;FC
1;AB;2026;581;2026-03-24 10:00:00;01;EM
1;AB;2026;581;2026-03-25 10:00:00;02;CE
1;AB;2026;581;2026-04-10 10:00:00;03;CO
1;AB;2026;582;2026-04-24 08:00:00;00;FC
1;AB;2026;582;2026-04-24 10:00:00;01;EM
1;AB;2026;582;2026-04-25 10:00:00;02;CE
1;AB;2026;582;2026-05-03 10:00:00;03;CO
1;AB;2026;583;2026-05-24 08:00:00;00;FC
1;AB;2026;583;2026-05-24 10:00:00;01;EM
1;AB;2026;583;2026-05-25 10:00:00;02;CE
1;AB;2026;583;2026-06-21 10:00:00;03;CO
1;AB;2026;584;2026-06-24 08:00:00;00;FC
1;AB;2026;584;2026-06-24 10:00:00;01;EM
1;AB;2026;584;2026-06-25 10:00:00;02;CE
1;AB;2026;584;2026-07-23 10:00:00;03;CO
1;AB;2026;585;2026-07-24 08:00:00;00;FC
1;AB;2026;585;2026-07-24 10:00:00;01;EM
1;AB;2026;585;2026-07-25 10:00:00;02;CE
1;AB;2026;585;2026-08-02 10:00:00;03;CO
1;AB;2023;565;2023-11-04 08:00:00;00;FC
1;AB;2023;565;2023-11-04 10:00:00;01;EM
1;AB;2023;565;2023-11-05 10:00:00;02;CE
1;AB;2023;565;2023-11-12 10:00:00;03;CO
1;AB;2023;566;2023-12-04 08:00:00;00;FC
1;AB;2023;566;2023-12-04 10:00:00;01;EM
1;AB;2023;566;2023-12-05 10:00:00;02;CE
1;AB;2023;566;2023-12-16 10:00:00;03;CO
1;AB;2024;711;2024-01-04 08:00:00;00;FC
1;AB;2024;711;2024-01-04 10:00:00;01;EM
1;AB;2024;711;2024-01-05 10:00:00;02;CE
1;AB;2024;711;2024-01-23 10:00:00;03;CO
1;AB;2024;712;2024-02-04 08:00:00;00;FC
1;AB;2024;712;2024-02-04 10:00:00;01;EM
1;AB;2024;712;2024-02-05 10:00:00;02;CE
1;AB;2024;712;2024-02-14 10:00:00;03;CO
1;AB;2024;713;2024-03-04 08:00:00;00;FC
1;AB;2024;713;2024-03-04 10:00:00;01;EM
1;AB;2024;713;2024-03-05 10:00:00;02;CE
1;AB;2024;713;2024-03-23 10:00:00;03;CO
1;AB;2024;714;2024-04-04 08:00:00;00;FC
1;AB;2024;714;2024-04-04 10:00:00;01;EM
1;AB;2024;714;2024-04-05 10:00:00;02;CE
1;AB;2024;714;2024-04-13 10:00:00;03;CO
1;AB;2024;715;2024-05-04 08:00:00;00;FC
1;AB;2024;715;2024-05-04 10:00:00;01;EM
1;AB;2024;715;2024-05-05 10:00:00;02;CE
1;AB;2024;715;2024-06-03 10:00:00;03;CO
1;AB;2024;716;2024-06-04 08:00:00;00;FC
1;AB;2024;716;2024-06-04 10:00:00;01;EM
1;AB;2024;716;2024-06-05 10:00:00;02;CE
1;AB;2024;716;2024-06-15 10:00:00;03;CO
1;AB;2024;717;2024-07-04 08:00:00;00;FC
1;AB;2024;717;2024-07-04 10:00:00;01;EM
1;AB;2024;717;2024-07-05 10:00:00;02;CE
1;AB;2024;717;2024-07-23 10:00:00;03;CO
1;AB;2024;718;2024-08-04 08:00:00;00;FC
1;AB;2024;718;2024-08-04 10:00:00;01;EM
1;AB;2024;718;2024-08-05 10:00:00;02;CE
1;AB;2024;718;2024-08-31 10:00:00;03;CO
1;AB;2024;719;2024-09-04 08:00:00;00;FC
1;AB;2024;719;2024-09-04 10:00:00;01;EM
1;AB;2024;719;2024-09-05 10:00:00;02;CE
1;AB;2024;719;2024-09-27 10:00:00;03;CO
1;AB;2024;720;2024-10-04 08:00:00;00;FC
1;AB;2024;720;2024-10-04 10:00:00;01;EM
1;AB;2024;720;2024-10-05 10:00:00;02;CE
1;AB;2024;720;2024-10-18 10:00:00;03;CO
1;AB;2024;721;2024-11-04 08:00:00;00;FC
1;AB;2024;721;2024-11-04 10:00:00;01;EM
1;AB;2024;721;2024-11-05 10:00:00;02;CE
1;AB;2024;721;2024-12-01 10:00:00;03;CO
1;AB;2024;722;2024-12-04 08:00:00;00;FC
1;AB;2024;722;2024-12-04 10:00:00;01;EM
1;AB;2024;722;2024-12-05 10:00:00;02;CE
1;AB;2024;722;2024-12-16 10:00:00;03;CO
1;AB;2025;853;2025-01-04 08:00:00;00;FC
1;AB;2025;853;2025-01-04 10:00:00;01;EM
1;AB;2025;853;2025-01-05 10:00:00;02;CE
1;AB;2025;853;2025-01-10 10:00:00;03;CO
1;AB;2025;854;2025-02-04 08:00:00;00;FC
1;AB;2025;854;2025-02-04 10:00:00;01;EM
1;AB;2025;854;2025-02-05 10:00:00;02;CE
1;AB;2025;854;2025-02-27 10:00:00;03;CO
1;AB;2025;855;2025-03-04 08:00:00;00;FC
1;AB;2025;855;2025-03-04 10:00:00;01;EM
1;AB;2025;855;2025-03-05 10:00:00;02;CE
1;AB;2025;855;2025-03-13 10:00:00;03;CO
1;AB;2025;856;2025-04-04 08:00:00;00;FC
1;AB;2025;856;2025-04-04 10:00:00;01;EM
1;AB;2025;856;2025-04-05 10:00:00;02;CE
1;AB;2025;856;2025-04-17 10:00:00;03;CO
1;AB;2025;857;2025-05-04 08:00:00;00;FC
1;AB;2025;857;2025-05-04 10:00:00;01;EM
1;AB;2025;857;2025-05-05 10:00:00;02;CE
1;AB;2025;857;2025-05-14 10:00:00;03;CO
1;AB;2025;858;2025-06-04 08:00:00;00;FC
1;AB;2025;858;2025-06-04 10:00:00;01;EM
1;AB;2025;858;2025-06-05 10:00:00;02;CE
1;AB;2025;858;2025-06-18 10:00:00;03;CO
1;AB;2025;859;2025-07-04 08:00:00;00;FC
1;AB;2025;859;2025-07-04 10:00:00;01;EM
1;AB;2025;859;2025-07-05 10:00:00;02;CE
1;AB;2025;859;2025-07-20 10:00:00;03;CO
1;AB;2025;860;2025-08-04 08:00:00;00;FC
1;AB;2025;860;2025-08-04 10:00:00;01;EM
1;AB;2025;860;2025-08-05 10:00:00;02;CE
1;AB;2025;860;2025-08-29 10:00:00;03;CO
1;AB;2025;861;2025-09-04 08:00:00;00;FC
1;AB;2025;861;2025-09-04 10:00:00;01;EM
1;AB;2025;861;2025-09-05 10:00:00;02;CE
1;AB;2025;861;2025-09-24 10:00:00;04;DV
1;AB;2025;861;2025-10-06 10:00:00;24;RC
1;AB;2025;862;2025-10-04 08:00:00;00;FC
1;AB;2025;862;2025-10-04 10:00:00;01;EM
1;AB;2025;862;2025-10-05 10:00:00;02;CE
1;AB;2025;862;2025-10-29 10:00:00;03;CO
1;AB;2025;863;2025-11-04 08:00:00;00;FC
1;AB;2025;863;2025-11-04 10:00:00;01;EM
1;AB;2025;863;2025-11-05 10:00:00;02;CE
1;AB;2025;863;2025-11-24 10:00:00;03;CO
1;AB;2025;864;2025-12-04 08:00:00;00;FC
1;AB;2025;864;2025-12-04 10:00:00;01;EM
1;AB;2025;864;2025-12-05 10:00:00;02;CE
1;AB;2025;864;2025-12-14 10:00:00;03;CO
1;AB;2026;586;2026-01-04 08:00:00;00;FC
1;AB;2026;586;2026-01-04 10:00:00;01;EM
1;AB;2026;586;2026-01-05 10:00:00;02;CE
1;AB;2026;586;2026-01-15 10:00:00;03;CO
1;AB;2026;587;2026-02-04 08:00:00;00;FC
1;AB;2026;587;2026-02-04 10:00:00;01;EM
1;AB;2026;587;2026-02-05 10:00:00;02;CE
1;AB;2026;587;2026-02-24 10:00:00;03;CO
1;AB;2026;588;2026-03-04 08:00:00;00;FC
1;AB;2026;588;2026-03-04 10:00:00;01;EM
1;AB;2026;588;2026-03-05 10:00:00;02;CE
1;AB;2026;588;2026-04-04 10:00:00;04;DV
1;AB;2026;588;2026-04-11 10:00:00;24;RC
1;AB;2026;589;2026-04-04 08:00:00;00;FC
1;AB;2026;589;2026-04-04 10:00:00;01;EM
1;AB;2026;589;2026-04-05 10:00:00;02;CE
1;AB;2026;589;2026-04-24 10:00:00;03;CO
1;AB;2026;590;2026-05-04 08:00:00;00;FC
1;AB;2026;590;2026-05-04 10:00:00;01;EM
1;AB;2026;590;2026-05-05 10:00:00;02;CE
1;AB;2026;590;2026-05-12 10:00:00;03;CO
1;AB;2026;591;2026-06-04 08:00:00;00;FC
1;AB;2026;591;2026-06-04 10:00:00;01;EM
1;AB;2026;592;2026-07-04 08:00:00;00;FC
1;AB;2026;592;2026-07-04 10:00:00;01;EM
1;AB;2026;593;2026-08-04 08:00:00;00;FC
1;AB;2026;593;2026-08-04 10:00:00;01;EM
1;AB;2026;593;2026-08-05 10:00:00;02;CE
1;AB;2026;593;2026-08-26 10:00:00;04;DV
1;AB;2026;593;2026-09-05 10:00:00;24;RC
1;AB;2024;723;2024-12-04 08:00:00;00;FC
1;AB;2024;723;2024-12-04 10:00:00;01;EM
1;AB;2024;723;2024-12-05 10:00:00;02;CE
1;AB;2024;723;2024-12-20 10:00:00;03;CO
1;AB;2025;865;2025-01-04 08:00:00;00;FC
1;AB;2025;865;2025-01-04 10:00:00;01;EM
1;AB;2025;865;2025-01-05 10:00:00;02;CE
1;AB;2025;865;2025-01-31 10:00:00;03;CO
1;AB;2025;866;2025-02-04 08:00:00;00;FC
1;AB;2025;866;2025-02-04 10:00:00;01;EM
1;AB;2025;866;2025-02-05 10:00:00;02;CE
1;AB;2025;866;2025-02-23 10:00:00;03;CO
1;AB;2025;867;2025-03-04 08:00:00;00;FC
1;AB;2025;867;2025-03-04 10:00:00;01;EM
1;AB;2025;867;2025-03-05 10:00:00;02;CE
1;AB;2025;867;2025-03-10 10:00:00;03;CO
1;AB;2025;868;2025-04-04 08:00:00;00;FC
1;AB;2025;868;2025-04-04 10:00:00;01;EM
1;AB;2025;868;2025-04-05 10:00:00;02;CE
1;AB;2025;868;2025-04-25 10:00:00;03;CO
1;AB;2025;869;2025-05-04 08:00:00;00;FC
1;AB;2025;869;2025-05-04 10:00:00;01;EM
1;AB;2025;869;2025-05-05 10:00:00;02;CE
1;AB;2025;869;2025-05-16 10:00:00;03;CO
1;AB;2025;870;2025-06-04 08:00:00;00;FC
1;AB;2025;870;2025-06-04 10:00:00;01;EM
1;AB;2025;870;2025-06-05 10:00:00;02;CE
1;AB;2025;870;2025-06-28 10:00:00;03;CO
1;AB;2025;871;2025-07-04 08:00:00;00;FC
1;AB;2025;871;2025-07-04 10:00:00;01;EM
1;AB;2025;871;2025-07-05 10:00:00;02;CE
1;AB;2025;871;2025-07-23 10:00:00;03;CO
1;AB;2025;872;2025-08-04 08:00:00;00;FC
1;AB;2025;872;2025-08-04 10:00:00;01;EM
1;AB;2025;873;2025-09-04 08:00:00;00;FC
1;AB;2025;873;2025-09-04 10:00:00;01;EM
1;AB;2025;873;2025-09-05 10:00:00;02;CE
1;AB;2025;873;2025-09-22 10:00:00;03;CO
1;AB;2025;874;2025-10-04 08:00:00;00;FC
1;AB;2025;874;2025-10-04 10:00:00;01;EM
1;AB;2025;874;2025-10-05 10:00:00;02;CE
1;AB;2025;874;2025-10-24 10:00:00;03;CO
1;AB;2025;875;2025-11-04 08:00:00;00;FC
1;AB;2025;875;2025-11-04 10:00:00;01;EM
1;AB;2025;875;2025-11-05 10:00:00;02;CE
1;AB;2025;875;2025-11-17 10:00:00;03;CO
1;AB;2025;876;2025-12-04 08:00:00;00;FC
1;AB;2025;876;2025-12-04 10:00:00;01;EM
1;AB;2025;876;2025-12-05 10:00:00;02;CE
1;AB;2025;876;2025-12-16 10:00:00;03;CO
1;AB;2026;594;2026-01-04 08:00:00;00;FC
1;AB;2026;594;2026-01-04 10:00:00;01;EM
1;AB;2026;594;2026-01-05 10:00:00;02;CE
1;AB;2026;594;2026-01-17 10:00:00;03;CO
1;AB;2026;595;2026-02-04 08:00:00;00;FC
1;AB;2026;595;2026-02-04 10:00:00;01;EM
1;AB;2026;595;2026-02-05 10:00:00;02;CE
1;AB;2026;595;2026-02-16 10:00:00;03;CO
1;AB;2026;596;2026-03-04 08:00:00;00;FC
1;AB;2026;596;2026-03-04 10:00:00;01;EM
1;AB;2026;596;2026-03-05 10:00:00;02;CE
1;AB;2026;596;2026-03-28 10:00:00;03;CO
1;AB;2026;597;2026-04-04 08:00:00;00;FC
1;AB;2026;597;2026-04-04 10:00:00;01;EM
1;AB;2026;597;2026-04-05 10:00:00;02;CE
1;AB;2026;597;2026-05-02 10:00:00;03;CO
1;AB;2026;598;2026-05-04 08:00:00;00;FC
1;AB;2026;598;2026-05-04 10:00:00;01;EM
1;AB;2026;598;2026-05-05 10:00:00;02;CE
1;AB;2026;598;2026-05-21 10:00:00;03;CO
1;AB;2026;599;2026-06-04 08:00:00;00;FC
1;AB;2026;599;2026-06-04 10:00:00;01;EM
1;AB;2026;599;2026-06-05 10:00:00;02;CE
1;AB;2026;599;2026-06-22 10:00:00;04;DV
1;AB;2026;599;2026-07-03 10:00:00;24;RC
1;AB;2026;600;2026-07-04 08:00:00;00;FC
1;AB;2026;600;2026-07-04 10:00:00;01;EM
1;AB;2026;600;2026-07-05 10:00:00;02;CE
1;AB;2026;600;2026-07-27 10:00:00;03;CO
1;AB;2026;601;2026-08-04 08:00:00;00;FC
1;AB;2026;601;2026-08-04 10:00:00;01;EM
1;AB;2026;601;2026-08-05 10:00:00;02;CE
1;AB;2026;601;2026-08-22 10:00:00;04;DV
1;AB;2026;601;2026-09-05 10:00:00;24;RC
1;AB;2026;602;2026-01-04 08:00:00;00;FC
1;AB;2026;602;2026-01-04 10:00:00;01;EM
1;AB;2026;602;2026-01-05 10:00:00;02;CE
1;AB;2026;602;2026-01-27 10:00:00;03;CO
1;AB;2026;603;2026-02-04 08:00:00;00;FC
1;AB;2026;603;2026-02-04 10:00:00;01;EM
1;AB;2026;604;2026-03-04 08:00:00;00;FC
1;AB;2026;604;2026-03-04 10:00:00;01;EM
1;AB;2026;604;2026-03-05 10:00:00;02;CE
1;AB;2026;604;2026-03-29 10:00:00;03;CO
1;AB;2026;605;2026-04-04 08:00:00;00;FC
1;AB;2026;605;2026-04-04 10:00:00;01;EM
1;AB;2026;605;2026-04-05 10:00:00;02;CE
1;AB;2026;605;2026-05-04 10:00:00;03;CO
1;AB;2026;606;2026-05-04 08:00:00;00;FC
1;AB;2026;606;2026-05-04 10:00:00;01;EM
1;AB;2026;606;2026-05-05 10:00:00;02;CE
1;AB;2026;606;2026-05-26 10:00:00;03;CO
1;AB;2026;607;2026-06-04 08:00:00;00;FC
1;AB;2026;607;2026-06-04 10:00:00;01;EM
1;AB;2026;607;2026-06-05 10:00:00;02;CE
1;AB;2026;607;2026-06-29 10:00:00;03;CO
1;AB;2026;608;2026-07-04 08:00:00;00;FC
1;AB;2026;608;2026-07-04 10:00:00;01;EM
1;AB;2026;608;2026-07-05 10:00:00;02;CE
1;AB;2026;608;2026-07-18 10:00:00;03;CO
1;AB;2026;609;2026-08-04 08:00:00;00;FC
1;AB;2026;609;2026-08-04 10:00:00;01;EM
1;AB;2026;609;2026-08-05 10:00:00;02;CE
1;AB;2026;609;2026-09-12 10:00:00;04;DV
1;AB;2020;108;2020-01-04 08:00:00;00;FC
1;AB;2020;108;2020-01-04 10:00:00;01;EM
1;AB;2020;108;2020-01-05 10:00:00;02;CE
1;AB;2020;108;2020-02-04 10:00:00;03;CO
1;AB;2020;109;2020-02-04 08:00:00;00;FC
1;AB;2020;109;2020-02-04 10:00:00;01;EM
1;AB;2020;109;2020-02-05 10:00:00;02;CE
1;AB;2020;109;2020-02-19 10:00:00;03;CO
1;AB;2020;110;2020-03-04 08:00:00;00;FC
1;AB;2020;110;2020-03-04 10:00:00;01;EM
1;AB;2020;110;2020-03-05 10:00:00;02;CE
1;AB;2020;110;2020-03-24 10:00:00;03;CO
1;AB;2020;111;2020-04-04 08:00:00;00;FC
1;AB;2020;111;2020-04-04 10:00:00;01;EM
1;AB;2020;111;2020-04-05 10:00:00;02;CE
1;AB;2020;111;2020-04-12 10:00:00;03;CO
1;AB;2020;112;2020-05-04 08:00:00;00;FC
1;AB;2020;112;2020-05-04 10:00:00;01;EM
1;AB;2020;112;2020-05-05 10:00:00;02;CE
1;AB;2020;112;2020-05-20 10:00:00;03;CO
1;AB;2020;113;2020-06-04 08:00:00;00;FC
1;AB;2020;113;2020-06-04 10:00:00;01;EM
1;AB;2020;113;2020-06-05 10:00:00;02;CE
1;AB;2020;113;2020-06-23 10:00:00;03;CO
1;AB;2020;114;2020-07-04 08:00:00;00;FC
1;AB;2020;114;2020-07-04 10:00:00;01;EM
1;AB;2020;114;2020-07-05 10:00:00;02;CE
1;AB;2020;114;2020-07-25 10:00:00;03;CO
1;AB;2020;115;2020-08-04 08:00:00;00;FC
1;AB;2020;115;2020-08-04 10:00:00;01;EM
1;AB;2020;115;2020-08-05 10:00:00;02;CE
1;AB;2020;115;2020-08-27 10:00:00;03;CO
1;AB;2020;116;2020-09-04 08:00:00;00;FC
1;AB;2020;116;2020-09-04 10:00:00;01;EM
1;AB;2020;116;2020-09-05 10:00:00;02;CE
1;AB;2020;116;2020-09-18 10:00:00;03;CO
1;AB;2020;117;2020-10-04 08:00:00;00;FC
1;AB;2020;117;2020-10-04 10:00:00;01;EM
1;AB;2020;117;2020-10-05 10:00:00;02;CE
1;AB;2020;117;2020-10-25 10:00:00;03;CO
1;AB;2020;118;2020-11-04 08:00:00;00;FC
1;AB;2020;118;2020-11-04 10:00:00;01;EM
1;AB;2020;118;2020-11-05 10:00:00;02;CE
1;AB;2020;118;2020-11-23 10:00:00;03;CO
1;AB;2020;119;2020-12-04 08:00:00;00;FC
1;AB;2020;119;2020-12-04 10:00:00;01;EM
1;AB;2020;119;2020-12-05 10:00:00;02;CE
1;AB;2020;119;2020-12-20 10:00:00;03;CO
1;AB;2021;261;2021-01-04 08:00:00;00;FC
1;AB;2021;261;2021-01-04 10:00:00;01;EM
1;AB;2021;261;2021-01-05 10:00:00;02;CE
1;AB;2021;261;2021-01-20 10:00:00;03;CO
1;AB;2021;262;2021-02-04 08:00:00;00;FC
1;AB;2021;262;2021-02-04 10:00:00;01;EM
1;AB;2021;262;2021-02-05 10:00:00;02;CE
1;AB;2021;262;2021-03-03 10:00:00;03;CO
1;AB;2021;263;2021-03-04 08:00:00;00;FC
1;AB;2021;263;2021-03-04 10:00:00;01;EM
1;AB;2021;263;2021-03-05 10:00:00;02;CE
1;AB;2021;263;2021-03-31 10:00:00;03;CO
1;AB;2021;264;2021-04-04 08:00:00;00;FC
1;AB;2021;264;2021-04-04 10:00:00;01;EM
1;AB;2021;264;2021-04-05 10:00:00;02;CE
1;AB;2021;264;2021-04-23 10:00:00;03;CO
1;AB;2021;265;2021-05-04 08:00:00;00;FC
1;AB;2021;265;2021-05-04 10:00:00;01;EM
1;AB;2021;265;2021-05-05 10:00:00;02;CE
1;AB;2021;265;2021-05-28 10:00:00;03;CO
1;AB;2021;266;2021-06-04 08:00:00;00;FC
1;AB;2021;266;2021-06-04 10:00:00;01;EM
1;AB;2021;266;2021-06-05 10:00:00;02;CE
1;AB;2021;266;2021-06-24 10:00:00;03;CO
1;AB;2021;267;2021-07-04 08:00:00;00;FC
1;AB;2021;267;2021-07-04 10:00:00;01;EM
1;AB;2021;267;2021-07-05 10:00:00;02;CE
1;AB;2021;267;2021-07-17 10:00:00;03;CO
1;AB;2021;268;2021-08-04 08:00:00;00;FC
1;AB;2021;268;2021-08-04 10:00:00;01;EM
1;AB;2021;268;2021-08-05 10:00:00;02;CE
1;AB;2021;268;2021-08-26 10:00:00;03;CO
1;AB;2021;269;2021-09-04 08:00:00;00;FC
1;AB;2021;269;2021-09-04 10:00:00;01;EM
1;AB;2021;269;2021-09-05 10:00:00;02;CE
1;AB;2021;269;2021-10-04 10:00:00;03;CO
1;AB;2021;270;2021-10-04 08:00:00;00;FC
1;AB;2021;270;2021-10-04 10:00:00;01;EM
1;AB;2021;270;2021-10-05 10:00:00;02;CE
1;AB;2021;270;2021-10-31 10:00:00;03;CO
1;AB;2021;271;2021-11-04 08:00:00;00;FC
1;AB;2021;271;2021-11-04 10:00:00;01;EM
1;AB;2021;271;2021-11-05 10:00:00;02;CE
1;AB;2021;271;2021-11-20 10:00:00;03;CO
1;AB;2021;272;2021-12-04 08:00:00;00;FC
1;AB;2021;272;2021-12-04 10:00:00;01;EM
1;AB;2021;272;2021-12-05 10:00:00;02;CE
1;AB;2021;272;2021-12-23 10:00:00;03;CO
1;AB;2022;415;2022-01-04 08:00:00;00;FC
1;AB;2022;415;2022-01-04 10:00:00;01;EM
1;AB;2022;415;2022-01-05 10:00:00;02;CE
1;AB;2022;415;2022-01-16 10:00:00;03;CO
1;AB;2022;416;2022-02-04 08:00:00;00;FC
1;AB;2022;416;2022-02-04 10:00:00;01;EM
1;AB;2022;416;2022-02-05 10:00:00;02;CE
1;AB;2022;416;2022-02-12 10:00:00;03;CO
1;AB;2022;417;2022-03-04 08:00:00;00;FC
1;AB;2022;417;2022-03-04 10:00:00;01;EM
1;AB;2022;417;2022-03-05 10:00:00;02;CE
1;AB;2022;417;2022-03-11 10:00:00;03;CO
1;AB;2022;418;2022-04-04 08:00:00;00;FC
1;AB;2022;418;2022-04-04 10:00:00;01;EM
1;AB;2022;418;2022-04-05 10:00:00;02;CE
1;AB;2022;418;2022-04-22 10:00:00;03;CO
1;AB;2022;419;2022-05-04 08:00:00;00;FC
1;AB;2022;419;2022-05-04 10:00:00;01;EM
1;AB;2022;419;2022-05-05 10:00:00;02;CE
1;AB;2022;419;2022-05-18 10:00:00;03;CO
1;AB;2022;420;2022-06-04 08:00:00;00;FC
1;AB;2022;420;2022-06-04 10:00:00;01;EM
1;AB;2022;420;2022-06-05 10:00:00;02;CE
1;AB;2022;420;2022-06-12 10:00:00;03;CO
1;AB;2022;421;2022-07-04 08:00:00;00;FC
1;AB;2022;421;2022-07-04 10:00:00;01;EM
1;AB;2022;421;2022-07-05 10:00:00;02;CE
1;AB;2022;421;2022-07-22 10:00:00;03;CO
1;AB;2022;422;2022-08-04 08:00:00;00;FC
1;AB;2022;422;2022-08-04 10:00:00;01;EM
1;AB;2022;422;2022-08-05 10:00:00;02;CE
1;AB;2022;422;2022-08-25 10:00:00;03;CO
1;AB;2022;423;2022-09-04 08:00:00;00;FC
1;AB;2022;423;2022-09-04 10:00:00;01;EM
1;AB;2022;423;2022-09-05 10:00:00;02;CE
1;AB;2022;423;2022-09-25 10:00:00;03;CO
1;AB;2022;424;2022-10-04 08:00:00;00;FC
1;AB;2022;424;2022-10-04 10:00:00;01;EM
1;AB;2022;424;2022-10-05 10:00:00;02;CE
1;AB;2022;424;2022-11-02 10:00:00;03;CO
1;AB;2022;425;2022-11-04 08:00:00;00;FC
1;AB;2022;425;2022-11-04 10:00:00;01;EM
1;AB;2022;425;2022-11-05 10:00:00;02;CE
1;AB;2022;425;2022-11-16 10:00:00;03;CO
1;AB;2022;426;2022-12-04 08:00:00;00;FC
1;AB;2022;426;2022-12-04 10:00:00;01;EM
1;AB;2022;426;2022-12-05 10:00:00;02;CE
1;AB;2022;426;2022-12-25 10:00:00;03;CO
1;AB;2023;567;2023-01-04 08:00:00;00;FC
1;AB;2023;567;2023-01-04 10:00:00;01;EM
1;AB;2023;567;2023-01-05 10:00:00;02;CE
1;AB;2023;567;2023-01-25 10:00:00;03;CO
1;AB;2023;568;2023-02-04 08:00:00;00;FC
1;AB;2023;568;2023-02-04 10:00:00;01;EM
1;AB;2023;568;2023-02-05 10:00:00;02;CE
1;AB;2023;568;2023-03-02 10:00:00;03;CO
1;AB;2023;569;2023-03-04 08:00:00;00;FC
1;AB;2023;569;2023-03-04 10:00:00;01;EM
1;AB;2023;569;2023-03-05 10:00:00;02;CE
1;AB;2023;569;2023-03-29 10:00:00;03;CO
1;AB;2023;570;2023-04-04 08:00:00;00;FC
1;AB;2023;570;2023-04-04 10:00:00;01;EM
1;AB;2023;570;2023-04-05 10:00:00;02;CE
1;AB;2023;570;2023-04-18 10:00:00;03;CO
1;AB;2023;571;2023-05-04 08:00:00;00;FC
1;AB;2023;571;2023-05-04 10:00:00;01;EM
1;AB;2023;571;2023-05-05 10:00:00;02;CE
1;AB;2023;571;2023-05-15 10:00:00;03;CO
1;AB;2023;572;2023-06-04 08:00:00;00;FC
1;AB;2023;572;2023-06-04 10:00:00;01;EM
1;AB;2023;572;2023-06-05 10:00:00;02;CE
1;AB;2023;572;2023-06-23 10:00:00;03;CO
1;AB;2023;573;2023-07-04 08:00:00;00;FC
1;AB;2023;573;2023-07-04 10:00:00;01;EM
1;AB;2023;573;2023-07-05 10:00:00;02;CE
1;AB;2023;573;2023-08-04 10:00:00;03;CO
1;AB;2023;574;2023-08-04 08:00:00;00;FC
1;AB;2023;574;2023-08-04 10:00:00;01;EM
1;AB;2023;574;2023-08-05 10:00:00;02;CE
1;AB;2023;574;2023-08-21 10:00:00;03;CO
1;AB;2023;575;2023-09-04 08:00:00;00;FC
1;AB;2023;575;2023-09-04 10:00:00;01;EM
1;AB;2023;575;2023-09-05 10:00:00;02;CE
1;AB;2023;575;2023-10-04 10:00:00;03;CO
1;AB;2023;576;2023-10-04 08:00:00;00;FC
1;AB;2023;576;2023-10-04 10:00:00;01;EM
1;AB;2023;576;2023-10-05 10:00:00;02;CE
1;AB;2023;576;2023-10-13 10:00:00;03;CO
1;AB;2023;577;2023-11-04 08:00:00;00;FC
1;AB;2023;577;2023-11-04 10:00:00;01;EM
1;AB;2023;577;2023-11-05 10:00:00;02;CE
1;AB;2023;577;2023-11-25 10:00:00;03;CO
1;AB;2023;578;2023-12-04 08:00:00;00;FC
1;AB;2023;578;2023-12-04 10:00:00;01;EM
1;AB;2023;578;2023-12-05 10:00:00;02;CE
1;AB;2023;578;2023-12-16 10:00:00;03;CO
1;AB;2024;724;2024-01-04 08:00:00;00;FC
1;AB;2024;724;2024-01-04 10:00:00;01;EM
1;AB;2024;724;2024-01-05 10:00:00;02;CE
1;AB;2024;724;2024-02-02 10:00:00;03;CO
1;AB;2024;725;2024-02-04 08:00:00;00;FC
1;AB;2024;725;2024-02-04 10:00:00;01;EM
1;AB;2024;725;2024-02-05 10:00:00;02;CE
1;AB;2024;725;2024-03-06 10:00:00;03;CO
1;AB;2024;726;2024-03-04 08:00:00;00;FC
1;AB;2024;726;2024-03-04 10:00:00;01;EM
1;AB;2024;726;2024-03-05 10:00:00;02;CE
1;AB;2024;726;2024-03-14 10:00:00;03;CO
1;AB;2024;727;2024-04-04 08:00:00;00;FC
1;AB;2024;727;2024-04-04 10:00:00;01;EM
1;AB;2024;727;2024-04-05 10:00:00;02;CE
1;AB;2024;727;2024-04-15 10:00:00;03;CO
1;AB;2024;728;2024-05-04 08:00:00;00;FC
1;AB;2024;728;2024-05-04 10:00:00;01;EM
1;AB;2024;728;2024-05-05 10:00:00;02;CE
1;AB;2024;728;2024-05-28 10:00:00;03;CO
1;AB;2024;729;2024-06-04 08:00:00;00;FC
1;AB;2024;729;2024-06-04 10:00:00;01;EM
1;AB;2024;729;2024-06-05 10:00:00;02;CE
1;AB;2024;729;2024-06-24 10:00:00;03;CO
1;AB;2024;730;2024-07-04 08:00:00;00;FC
1;AB;2024;730;2024-07-04 10:00:00;01;EM
1;AB;2024;730;2024-07-05 10:00:00;02;CE
1;AB;2024;730;2024-07-11 10:00:00;03;CO
1;AB;2024;731;2024-08-04 08:00:00;00;FC
1;AB;2024;731;2024-08-04 10:00:00;01;EM
1;AB;2024;731;2024-08-05 10:00:00;02;CE
1;AB;2024;731;2024-08-22 10:00:00;03;CO
1;AB;2024;732;2024-09-04 08:00:00;00;FC
1;AB;2024;732;2024-09-04 10:00:00;01;EM
1;AB;2024;732;2024-09-05 10:00:00;02;CE
1;AB;2024;732;2024-09-30 10:00:00;03;CO
1;AB;2024;733;2024-10-04 08:00:00;00;FC
1;AB;2024;733;2024-10-04 10:00:00;01;EM
1;AB;2024;733;2024-10-05 10:00:00;02;CE
1;AB;2024;733;2024-10-24 10:00:00;03;CO
1;AB;2024;734;2024-11-04 08:00:00;00;FC
1;AB;2024;734;2024-11-04 10:00:00;01;EM
1;AB;2024;734;2024-11-05 10:00:00;02;CE
1;AB;2024;734;2024-11-23 10:00:00;03;CO
1;AB;2024;735;2024-12-04 08:00:00;00;FC
1;AB;2024;735;2024-12-04 10:00:00;01;EM
1;AB;2024;735;2024-12-05 10:00:00;02;CE
1;AB;2024;735;2024-12-17 10:00:00;03;CO
1;AB;2025;877;2025-01-04 08:00:00;00;FC
1;AB;2025;877;2025-01-04 10:00:00;01;EM
1;AB;2025;877;2025-01-05 10:00:00;02;CE
1;AB;2025;877;2025-01-18 10:00:00;03;CO
1;AB;2025;878;2025-02-04 08:00:00;00;FC
1;AB;2025;878;2025-02-04 10:00:00;01;EM
1;AB;2025;878;2025-02-05 10:00:00;02;CE
1;AB;2025;878;2025-02-22 10:00:00;03;CO
1;AB;2025;879;2025-03-04 08:00:00;00;FC
1;AB;2025;879;2025-03-04 10:00:00;01;EM
1;AB;2025;879;2025-03-05 10:00:00;02;CE
1;AB;2025;879;2025-03-16 10:00:00;03;CO
1;AB;2025;880;2025-04-04 08:00:00;00;FC
1;AB;2025;880;2025-04-04 10:00:00;01;EM
1;AB;2025;880;2025-04-05 10:00:00;02;CE
1;AB;2025;880;2025-04-28 10:00:00;03;CO
1;AB;2025;881;2025-05-04 08:00:00;00;FC
1;AB;2025;881;2025-05-04 10:00:00;01;EM
1;AB;2025;881;2025-05-05 10:00:00;02;CE
1;AB;2025;881;2025-05-16 10:00:00;03;CO
1;AB;2025;882;2025-06-04 08:00:00;00;FC
1;AB;2025;882;2025-06-04 10:00:00;01;EM
1;AB;2025;882;2025-06-05 10:00:00;02;CE
1;AB;2025;882;2025-06-10 10:00:00;03;CO
1;AB;2025;883;2025-07-04 08:00:00;00;FC
1;AB;2025;883;2025-07-04 10:00:00;01;EM
1;AB;2025;883;2025-07-05 10:00:00;02;CE
1;AB;2025;883;2025-07-13 10:00:00;03;CO
1;AB;2025;884;2025-08-04 08:00:00;00;FC
1;AB;2025;884;2025-08-04 10:00:00;01;EM
1;AB;2025;884;2025-08-05 10:00:00;02;CE
1;AB;2025;884;2025-09-03 10:00:00;03;CO
1;AB;2025;885;2025-09-04 08:00:00;00;FC
1;AB;2025;885;2025-09-04 10:00:00;01;EM
1;AB;2025;885;2025-09-05 10:00:00;02;CE
1;AB;2025;885;2025-09-21 10:00:00;03;CO
1;AB;2025;886;2025-10-04 08:00:00;00;FC
1;AB;2025;886;2025-10-04 10:00:00;01;EM
1;AB;2025;886;2025-10-05 10:00:00;02;CE
1;AB;2025;886;2025-10-15 10:00:00;03;CO
1;AB;2025;887;2025-11-04 08:00:00;00;FC
1;AB;2025;887;2025-11-04 10:00:00;01;EM
1;AB;2025;887;2025-11-05 10:00:00;02;CE
1;AB;2025;887;2025-11-18 10:00:00;03;CO
1;AB;2025;888;2025-12-04 08:00:00;00;FC
1;AB;2025;888;2025-12-04 10:00:00;01;EM
1;AB;2025;888;2025-12-05 10:00:00;02;CE
1;AB;2025;888;2025-12-28 10:00:00;03;CO
1;AB;2026;610;2026-01-04 08:00:00;00;FC
1;AB;2026;610;2026-01-04 10:00:00;01;EM
1;AB;2026;610;2026-01-05 10:00:00;05;CN
1;AB;2026;611;2026-02-04 08:00:00;00;FC
1;AB;2026;611;2026-02-04 10:00:00;01;EM
1;AB;2026;611;2026-02-05 10:00:00;02;CE
1;AB;2026;611;2026-03-03 10:00:00;03;CO
1;AB;2026;612;2026-03-04 08:00:00;00;FC
1;AB;2026;612;2026-03-04 10:00:00;01;EM
1;AB;2026;613;2026-04-04 08:00:00;00;FC
1;AB;2026;613;2026-04-04 10:00:00;01;EM
1;AB;2026;613;2026-04-05 10:00:00;02;CE
1;AB;2026;613;2026-04-17 10:00:00;03;CO
1;AB;2026;614;2026-05-04 08:00:00;00;FC
1;AB;2026;614;2026-05-04 10:00:00;01;EM
1;AB;2026;614;2026-05-05 10:00:00;02;CE
1;AB;2026;614;2026-05-23 10:00:00;03;CO
1;AB;2026;615;2026-06-04 08:00:00;00;FC
1;AB;2026;615;2026-06-04 10:00:00;01;EM
1;AB;2026;615;2026-06-05 10:00:00;02;CE
1;AB;2026;615;2026-06-12 10:00:00;03;CO
1;AB;2026;616;2026-07-04 08:00:00;00;FC
1;AB;2026;616;2026-07-04 10:00:00;01;EM
1;AB;2026;616;2026-07-05 10:00:00;02;CE
1;AB;2026;616;2026-07-26 10:00:00;03;CO
1;AB;2026;617;2026-08-04 08:00:00;00;FC
1;AB;2026;617;2026-08-04 10:00:00;01;EM
1;AB;2026;617;2026-08-05 10:00:00;02;CE
1;AB;2026;617;2026-09-03 10:00:00;03;CO
1;AB;2021;273;2021-03-04 08:00:00;00;FC
1;AB;2021;273;2021-03-04 10:00:00;01;EM
1;AB;2021;273;2021-03-05 10:00:00;02;CE
1;AB;2021;273;2021-04-03 10:00:00;03;CO
1;AB;2021;274;2021-04-04 08:00:00;00;FC
1;AB;2021;274;2021-04-04 10:00:00;01;EM
1;AB;2021;274;2021-04-05 10:00:00;02;CE
1;AB;2021;274;2021-05-03 10:00:00;03;CO
1;AB;2021;275;2021-05-04 08:00:00;00;FC
1;AB;2021;275;2021-05-04 10:00:00;01;EM
1;AB;2021;275;2021-05-05 10:00:00;02;CE
1;AB;2021;275;2021-05-25 10:00:00;03;CO
1;AB;2021;276;2021-06-04 08:00:00;00;FC
1;AB;2021;276;2021-06-04 10:00:00;01;EM
1;AB;2021;276;2021-06-05 10:00:00;02;CE
1;AB;2021;276;2021-06-16 10:00:00;03;CO
1;AB;2021;277;2021-07-04 08:00:00;00;FC
1;AB;2021;277;2021-07-04 10:00:00;01;EM
1;AB;2021;277;2021-07-05 10:00:00;02;CE
1;AB;2021;277;2021-08-03 10:00:00;03;CO
1;AB;2021;278;2021-08-04 08:00:00;00;FC
1;AB;2021;278;2021-08-04 10:00:00;01;EM
1;AB;2021;278;2021-08-05 10:00:00;02;CE
1;AB;2021;278;2021-08-12 10:00:00;03;CO
1;AB;2021;279;2021-09-04 08:00:00;00;FC
1;AB;2021;279;2021-09-04 10:00:00;01;EM
1;AB;2021;279;2021-09-05 10:00:00;02;CE
1;AB;2021;279;2021-09-23 10:00:00;03;CO
1;AB;2021;280;2021-10-04 08:00:00;00;FC
1;AB;2021;280;2021-10-04 10:00:00;01;EM
1;AB;2021;280;2021-10-05 10:00:00;02;CE
1;AB;2021;280;2021-10-22 10:00:00;03;CO
1;AB;2021;281;2021-11-04 08:00:00;00;FC
1;AB;2021;281;2021-11-04 10:00:00;01;EM
1;AB;2021;281;2021-11-05 10:00:00;02;CE
1;AB;2021;281;2021-12-04 10:00:00;03;CO
1;AB;2021;282;2021-12-04 08:00:00;00;FC
1;AB;2021;282;2021-12-04 10:00:00;01;EM
1;AB;2021;282;2021-12-05 10:00:00;02;CE
1;AB;2021;282;2021-12-22 10:00:00;03;CO
1;AB;2022;427;2022-01-04 08:00:00;00;FC
1;AB;2022;427;2022-01-04 10:00:00;01;EM
1;AB;2022;427;2022-01-05 10:00:00;02;CE
1;AB;2022;427;2022-01-20 10:00:00;03;CO
1;AB;2022;428;2022-02-04 08:00:00;00;FC
1;AB;2022;428;2022-02-04 10:00:00;01;EM
1;AB;2022;428;2022-02-05 10:00:00;02;CE
1;AB;2022;428;2022-02-19 10:00:00;03;CO
1;AB;2022;429;2022-03-04 08:00:00;00;FC
1;AB;2022;429;2022-03-04 10:00:00;01;EM
1;AB;2022;429;2022-03-05 10:00:00;02;CE
1;AB;2022;429;2022-03-28 10:00:00;03;CO
1;AB;2022;430;2022-04-04 08:00:00;00;FC
1;AB;2022;430;2022-04-04 10:00:00;01;EM
1;AB;2022;430;2022-04-05 10:00:00;02;CE
1;AB;2022;430;2022-04-13 10:00:00;03;CO
1;AB;2022;431;2022-05-04 08:00:00;00;FC
1;AB;2022;431;2022-05-04 10:00:00;01;EM
1;AB;2022;431;2022-05-05 10:00:00;02;CE
1;AB;2022;431;2022-05-28 10:00:00;03;CO
1;AB;2022;432;2022-06-04 08:00:00;00;FC
1;AB;2022;432;2022-06-04 10:00:00;01;EM
1;AB;2022;432;2022-06-05 10:00:00;02;CE
1;AB;2022;432;2022-07-03 10:00:00;03;CO
1;AB;2022;433;2022-07-04 08:00:00;00;FC
1;AB;2022;433;2022-07-04 10:00:00;01;EM
1;AB;2022;433;2022-07-05 10:00:00;02;CE
1;AB;2022;433;2022-08-03 10:00:00;03;CO
1;AB;2022;434;2022-08-04 08:00:00;00;FC
1;AB;2022;434;2022-08-04 10:00:00;01;EM
1;AB;2022;434;2022-08-05 10:00:00;02;CE
1;AB;2022;434;2022-09-01 10:00:00;03;CO
1;AB;2022;435;2022-09-04 08:00:00;00;FC
1;AB;2022;435;2022-09-04 10:00:00;01;EM
1;AB;2022;435;2022-09-05 10:00:00;02;CE
1;AB;2022;435;2022-09-14 10:00:00;03;CO
1;AB;2022;436;2022-10-04 08:00:00;00;FC
1;AB;2022;436;2022-10-04 10:00:00;01;EM
1;AB;2022;436;2022-10-05 10:00:00;02;CE
1;AB;2022;436;2022-10-18 10:00:00;03;CO
1;AB;2022;437;2022-11-04 08:00:00;00;FC
1;AB;2022;437;2022-11-04 10:00:00;01;EM
1;AB;2022;437;2022-11-05 10:00:00;02;CE
1;AB;2022;437;2022-11-26 10:00:00;03;CO
1;AB;2022;438;2022-12-04 08:00:00;00;FC
1;AB;2022;438;2022-12-04 10:00:00;01;EM
1;AB;2022;438;2022-12-05 10:00:00;02;CE
1;AB;2022;438;2023-01-02 10:00:00;03;CO
1;AB;2023;579;2023-01-04 08:00:00;00;FC
1;AB;2023;579;2023-01-04 10:00:00;01;EM
1;AB;2023;579;2023-01-05 10:00:00;02;CE
1;AB;2023;579;2023-01-26 10:00:00;03;CO
1;AB;2023;580;2023-02-04 08:00:00;00;FC
1;AB;2023;580;2023-02-04 10:00:00;01;EM
1;AB;2023;580;2023-02-05 10:00:00;02;CE
1;AB;2023;580;2023-03-07 10:00:00;03;CO
1;AB;2023;581;2023-03-04 08:00:00;00;FC
1;AB;2023;581;2023-03-04 10:00:00;01;EM
1;AB;2023;581;2023-03-05 10:00:00;02;CE
1;AB;2023;581;2023-04-02 10:00:00;03;CO
1;AB;2023;582;2023-04-04 08:00:00;00;FC
1;AB;2023;582;2023-04-04 10:00:00;01;EM
1;AB;2023;582;2023-04-05 10:00:00;02;CE
1;AB;2023;582;2023-04-27 10:00:00;03;CO
1;AB;2023;583;2023-05-04 08:00:00;00;FC
1;AB;2023;583;2023-05-04 10:00:00;01;EM
1;AB;2023;583;2023-05-05 10:00:00;02;CE
1;AB;2023;583;2023-05-30 10:00:00;03;CO
1;AB;2023;584;2023-06-04 08:00:00;00;FC
1;AB;2023;584;2023-06-04 10:00:00;01;EM
1;AB;2023;584;2023-06-05 10:00:00;02;CE
1;AB;2023;584;2023-06-25 10:00:00;03;CO
1;AB;2023;585;2023-07-04 08:00:00;00;FC
1;AB;2023;585;2023-07-04 10:00:00;01;EM
1;AB;2023;585;2023-07-05 10:00:00;02;CE
1;AB;2023;585;2023-07-18 10:00:00;03;CO
1;AB;2023;586;2023-08-04 08:00:00;00;FC
1;AB;2023;586;2023-08-04 10:00:00;01;EM
1;AB;2023;586;2023-08-05 10:00:00;02;CE
1;AB;2023;586;2023-08-17 10:00:00;03;CO
1;AB;2023;587;2023-09-04 08:00:00;00;FC
1;AB;2023;587;2023-09-04 10:00:00;01;EM
1;AB;2023;587;2023-09-05 10:00:00;02;CE
1;AB;2023;587;2023-10-01 10:00:00;03;CO
1;AB;2023;588;2023-10-04 08:00:00;00;FC
1;AB;2023;588;2023-10-04 10:00:00;01;EM
1;AB;2023;588;2023-10-05 10:00:00;02;CE
1;AB;2023;588;2023-10-22 10:00:00;03;CO
1;AB;2023;589;2023-11-04 08:00:00;00;FC
1;AB;2023;589;2023-11-04 10:00:00;01;EM
1;AB;2023;589;2023-11-05 10:00:00;02;CE
1;AB;2023;589;2023-11-29 10:00:00;03;CO
1;AB;2023;590;2023-12-04 08:00:00;00;FC
1;AB;2023;590;2023-12-04 10:00:00;01;EM
1;AB;2023;590;2023-12-05 10:00:00;02;CE
1;AB;2023;590;2023-12-31 10:00:00;03;CO
1;AB;2024;736;2024-01-04 08:00:00;00;FC
1;AB;2024;736;2024-01-04 10:00:00;01;EM
1;AB;2024;736;2024-01-05 10:00:00;02;CE
1;AB;2024;736;2024-01-22 10:00:00;03;CO
1;AB;2024;737;2024-02-04 08:00:00;00;FC
1;AB;2024;737;2024-02-04 10:00:00;01;EM
1;AB;2024;737;2024-02-05 10:00:00;02;CE
1;AB;2024;737;2024-02-15 10:00:00;03;CO
1;AB;2024;738;2024-03-04 08:00:00;00;FC
1;AB;2024;738;2024-03-04 10:00:00;01;EM
1;AB;2024;738;2024-03-05 10:00:00;02;CE
1;AB;2024;738;2024-03-16 10:00:00;03;CO
1;AB;2024;739;2024-04-04 08:00:00;00;FC
1;AB;2024;739;2024-04-04 10:00:00;01;EM
1;AB;2024;739;2024-04-05 10:00:00;02;CE
1;AB;2024;739;2024-04-26 10:00:00;03;CO
1;AB;2024;740;2024-05-04 08:00:00;00;FC
1;AB;2024;740;2024-05-04 10:00:00;01;EM
1;AB;2024;740;2024-05-05 10:00:00;02;CE
1;AB;2024;740;2024-05-24 10:00:00;03;CO
1;AB;2024;741;2024-06-04 08:00:00;00;FC
1;AB;2024;741;2024-06-04 10:00:00;01;EM
1;AB;2024;741;2024-06-05 10:00:00;02;CE
1;AB;2024;741;2024-06-14 10:00:00;03;CO
1;AB;2024;742;2024-07-04 08:00:00;00;FC
1;AB;2024;742;2024-07-04 10:00:00;01;EM
1;AB;2024;742;2024-07-05 10:00:00;02;CE
1;AB;2024;742;2024-07-19 10:00:00;03;CO
1;AB;2024;743;2024-08-04 08:00:00;00;FC
1;AB;2024;743;2024-08-04 10:00:00;01;EM
1;AB;2024;743;2024-08-05 10:00:00;02;CE
1;AB;2024;743;2024-08-31 10:00:00;03;CO
1;AB;2024;744;2024-09-04 08:00:00;00;FC
1;AB;2024;744;2024-09-04 10:00:00;01;EM
1;AB;2024;744;2024-09-05 10:00:00;02;CE
1;AB;2024;744;2024-09-24 10:00:00;03;CO
1;AB;2024;745;2024-10-04 08:00:00;00;FC
1;AB;2024;745;2024-10-04 10:00:00;01;EM
1;AB;2024;745;2024-10-05 10:00:00;02;CE
1;AB;2024;745;2024-10-21 10:00:00;03;CO
1;AB;2024;746;2024-11-04 08:00:00;00;FC
1;AB;2024;746;2024-11-04 10:00:00;01;EM
1;AB;2024;746;2024-11-05 10:00:00;02;CE
1;AB;2024;746;2024-11-28 10:00:00;03;CO
1;AB;2024;747;2024-12-04 08:00:00;00;FC
1;AB;2024;747;2024-12-04 10:00:00;01;EM
1;AB;2024;747;2024-12-05 10:00:00;02;CE
1;AB;2024;747;2024-12-16 10:00:00;03;CO
1;AB;2025;889;2025-01-04 08:00:00;00;FC
1;AB;2025;889;2025-01-04 10:00:00;01;EM
1;AB;2025;889;2025-01-05 10:00:00;02;CE
1;AB;2025;889;2025-01-10 10:00:00;03;CO
1;AB;2025;890;2025-02-04 08:00:00;00;FC
1;AB;2025;890;2025-02-04 10:00:00;01;EM
1;AB;2025;890;2025-02-05 10:00:00;02;CE
1;AB;2025;890;2025-03-05 10:00:00;03;CO
1;AB;2025;891;2025-03-04 08:00:00;00;FC
1;AB;2025;891;2025-03-04 10:00:00;01;EM
1;AB;2025;891;2025-03-05 10:00:00;02;CE
1;AB;2025;891;2025-03-22 10:00:00;03;CO
1;AB;2025;892;2025-04-04 08:00:00;00;FC
1;AB;2025;892;2025-04-04 10:00:00;01;EM
1;AB;2025;892;2025-04-05 10:00:00;02;CE
1;AB;2025;892;2025-05-02 10:00:00;03;CO
1;AB;2025;893;2025-05-04 08:00:00;00;FC
1;AB;2025;893;2025-05-04 10:00:00;01;EM
1;AB;2025;893;2025-05-05 10:00:00;02;CE
1;AB;2025;893;2025-05-29 10:00:00;03;CO
1;AB;2025;894;2025-06-04 08:00:00;00;FC
1;AB;2025;894;2025-06-04 10:00:00;01;EM
1;AB;2025;894;2025-06-05 10:00:00;02;CE
1;AB;2025;894;2025-06-14 10:00:00;03;CO
1;AB;2025;895;2025-07-04 08:00:00;00;FC
1;AB;2025;895;2025-07-04 10:00:00;01;EM
1;AB;2025;895;2025-07-05 10:00:00;02;CE
1;AB;2025;895;2025-07-13 10:00:00;03;CO
1;AB;2025;896;2025-08-04 08:00:00;00;FC
1;AB;2025;896;2025-08-04 10:00:00;01;EM
1;AB;2025;897;2025-09-04 08:00:00;00;FC
1;AB;2025;897;2025-09-04 10:00:00;01;EM
1;AB;2025;897;2025-09-05 10:00:00;02;CE
1;AB;2025;897;2025-10-03 10:00:00;03;CO
1;AB;2025;898;2025-10-04 08:00:00;00;FC
1;AB;2025;898;2025-10-04 10:00:00;01;EM
1;AB;2025;898;2025-10-05 10:00:00;02;CE
1;AB;2025;898;2025-10-23 10:00:00;03;CO
1;AB;2025;899;2025-11-04 08:00:00;00;FC
1;AB;2025;899;2025-11-04 10:00:00;01;EM
1;AB;2025;899;2025-11-05 10:00:00;02;CE
1;AB;2025;899;2025-11-25 10:00:00;03;CO
1;AB;2025;900;2025-12-04 08:00:00;00;FC
1;AB;2025;900;2025-12-04 10:00:00;01;EM
1;AB;2025;900;2025-12-05 10:00:00;02;CE
1;AB;2025;900;2025-12-19 10:00:00;03;CO
1;AB;2026;618;2026-01-04 08:00:00;00;FC
1;AB;2026;618;2026-01-04 10:00:00;01;EM
1;AB;2026;618;2026-01-05 10:00:00;02;CE
1;AB;2026;618;2026-01-22 10:00:00;03;CO
1;AB;2026;619;2026-02-04 08:00:00;00;FC
1;AB;2026;619;2026-02-04 10:00:00;01;EM
1;AB;2026;619;2026-02-05 10:00:00;02;CE
1;AB;2026;619;2026-02-11 10:00:00;03;CO
1;AB;2026;620;2026-03-04 08:00:00;00;FC
1;AB;2026;620;2026-03-04 10:00:00;01;EM
1;AB;2026;620;2026-03-05 10:00:00;02;CE
1;AB;2026;620;2026-04-01 10:00:00;03;CO
1;AB;2026;621;2026-04-04 08:00:00;00;FC
1;AB;2026;621;2026-04-04 10:00:00;01;EM
1;AB;2026;621;2026-04-05 10:00:00;02;CE
1;AB;2026;621;2026-04-20 10:00:00;03;CO
1;AB;2026;622;2026-05-04 08:00:00;00;FC
1;AB;2026;622;2026-05-04 10:00:00;01;EM
1;AB;2026;623;2026-06-04 08:00:00;00;FC
1;AB;2026;623;2026-06-04 10:00:00;01;EM
1;AB;2026;623;2026-06-05 10:00:00;02;CE
1;AB;2026;623;2026-06-15 10:00:00;03;CO
1;AB;2026;624;2026-07-04 08:00:00;00;FC
1;AB;2026;624;2026-07-04 10:00:00;01;EM
1;AB;2026;624;2026-07-05 10:00:00;02;CE
1;AB;2026;624;2026-08-01 10:00:00;03;CO
1;AB;2026;625;2026-08-04 08:00:00;00;FC
1;AB;2026;625;2026-08-04 10:00:00;01;EM
1;AB;2026;625;2026-08-05 10:00:00;02;CE
1;AB;2026;625;2026-08-16 10:00:00;03;CO
1;AB;2022;439;2022-03-14 08:00:00;00;FC
1;AB;2022;439;2022-03-14 10:00:00;01;EM
1;AB;2022;439;2022-03-15 10:00:00;02;CE
1;AB;2022;439;2022-04-10 10:00:00;03;CO
1;AB;2022;440;2022-04-14 08:00:00;00;FC
1;AB;2022;440;2022-04-14 10:00:00;01;EM
1;AB;2022;440;2022-04-15 10:00:00;02;CE
1;AB;2022;440;2022-04-28 10:00:00;03;CO
1;AB;2022;441;2022-05-14 08:00:00;00;FC
1;AB;2022;441;2022-05-14 10:00:00;01;EM
1;AB;2022;441;2022-05-15 10:00:00;02;CE
1;AB;2022;441;2022-05-30 10:00:00;03;CO
1;AB;2022;442;2022-06-14 08:00:00;00;FC
1;AB;2022;442;2022-06-14 10:00:00;01;EM
1;AB;2022;442;2022-06-15 10:00:00;02;CE
1;AB;2022;442;2022-07-01 10:00:00;03;CO
1;AB;2022;443;2022-07-14 08:00:00;00;FC
1;AB;2022;443;2022-07-14 10:00:00;01;EM
1;AB;2022;443;2022-07-15 10:00:00;02;CE
1;AB;2022;443;2022-07-28 10:00:00;03;CO
1;AB;2022;444;2022-08-14 08:00:00;00;FC
1;AB;2022;444;2022-08-14 10:00:00;01;EM
1;AB;2022;444;2022-08-15 10:00:00;02;CE
1;AB;2022;444;2022-08-28 10:00:00;03;CO
1;AB;2022;445;2022-09-14 08:00:00;00;FC
1;AB;2022;445;2022-09-14 10:00:00;01;EM
1;AB;2022;445;2022-09-15 10:00:00;02;CE
1;AB;2022;445;2022-09-26 10:00:00;03;CO
1;AB;2022;446;2022-10-14 08:00:00;00;FC
1;AB;2022;446;2022-10-14 10:00:00;01;EM
1;AB;2022;446;2022-10-15 10:00:00;02;CE
1;AB;2022;446;2022-10-29 10:00:00;03;CO
1;AB;2022;447;2022-11-14 08:00:00;00;FC
1;AB;2022;447;2022-11-14 10:00:00;01;EM
1;AB;2022;447;2022-11-15 10:00:00;02;CE
1;AB;2022;447;2022-11-21 10:00:00;03;CO
1;AB;2022;448;2022-12-14 08:00:00;00;FC
1;AB;2022;448;2022-12-14 10:00:00;01;EM
1;AB;2022;448;2022-12-15 10:00:00;02;CE
1;AB;2022;448;2022-12-20 10:00:00;03;CO
1;AB;2023;591;2023-01-14 08:00:00;00;FC
1;AB;2023;591;2023-01-14 10:00:00;01;EM
1;AB;2023;591;2023-01-15 10:00:00;02;CE
1;AB;2023;591;2023-01-31 10:00:00;03;CO
1;AB;2023;592;2023-02-14 08:00:00;00;FC
1;AB;2023;592;2023-02-14 10:00:00;01;EM
1;AB;2023;592;2023-02-15 10:00:00;02;CE
1;AB;2023;592;2023-03-06 10:00:00;03;CO
1;AB;2023;593;2023-03-14 08:00:00;00;FC
1;AB;2023;593;2023-03-14 10:00:00;01;EM
1;AB;2023;593;2023-03-15 10:00:00;02;CE
1;AB;2023;593;2023-03-21 10:00:00;03;CO
1;AB;2023;594;2023-04-14 08:00:00;00;FC
1;AB;2023;594;2023-04-14 10:00:00;01;EM
1;AB;2023;594;2023-04-15 10:00:00;02;CE
1;AB;2023;594;2023-05-02 10:00:00;03;CO
1;AB;2023;595;2023-05-14 08:00:00;00;FC
1;AB;2023;595;2023-05-14 10:00:00;01;EM
1;AB;2023;595;2023-05-15 10:00:00;02;CE
1;AB;2023;595;2023-06-07 10:00:00;03;CO
1;AB;2023;596;2023-06-14 08:00:00;00;FC
1;AB;2023;596;2023-06-14 10:00:00;01;EM
1;AB;2023;596;2023-06-15 10:00:00;02;CE
1;AB;2023;596;2023-07-04 10:00:00;03;CO
1;AB;2023;597;2023-07-14 08:00:00;00;FC
1;AB;2023;597;2023-07-14 10:00:00;01;EM
1;AB;2023;597;2023-07-15 10:00:00;02;CE
1;AB;2023;597;2023-08-14 10:00:00;03;CO
1;AB;2023;598;2023-08-14 08:00:00;00;FC
1;AB;2023;598;2023-08-14 10:00:00;01;EM
1;AB;2023;598;2023-08-15 10:00:00;02;CE
1;AB;2023;598;2023-08-30 10:00:00;03;CO
1;AB;2023;599;2023-09-14 08:00:00;00;FC
1;AB;2023;599;2023-09-14 10:00:00;01;EM
1;AB;2023;599;2023-09-15 10:00:00;02;CE
1;AB;2023;599;2023-10-12 10:00:00;03;CO
1;AB;2023;600;2023-10-14 08:00:00;00;FC
1;AB;2023;600;2023-10-14 10:00:00;01;EM
1;AB;2023;600;2023-10-15 10:00:00;02;CE
1;AB;2023;600;2023-11-14 10:00:00;03;CO
1;AB;2023;601;2023-11-14 08:00:00;00;FC
1;AB;2023;601;2023-11-14 10:00:00;01;EM
1;AB;2023;601;2023-11-15 10:00:00;02;CE
1;AB;2023;601;2023-11-21 10:00:00;03;CO
1;AB;2023;602;2023-12-14 08:00:00;00;FC
1;AB;2023;602;2023-12-14 10:00:00;01;EM
1;AB;2023;602;2023-12-15 10:00:00;02;CE
1;AB;2023;602;2024-01-11 10:00:00;03;CO
1;AB;2024;748;2024-01-14 08:00:00;00;FC
1;AB;2024;748;2024-01-14 10:00:00;01;EM
1;AB;2024;748;2024-01-15 10:00:00;02;CE
1;AB;2024;748;2024-01-22 10:00:00;03;CO
1;AB;2024;749;2024-02-14 08:00:00;00;FC
1;AB;2024;749;2024-02-14 10:00:00;01;EM
1;AB;2024;749;2024-02-15 10:00:00;02;CE
1;AB;2024;749;2024-02-27 10:00:00;03;CO
1;AB;2024;750;2024-03-14 08:00:00;00;FC
1;AB;2024;750;2024-03-14 10:00:00;01;EM
1;AB;2024;750;2024-03-15 10:00:00;02;CE
1;AB;2024;750;2024-04-06 10:00:00;03;CO
1;AB;2024;751;2024-04-14 08:00:00;00;FC
1;AB;2024;751;2024-04-14 10:00:00;01;EM
1;AB;2024;751;2024-04-15 10:00:00;02;CE
1;AB;2024;751;2024-04-24 10:00:00;03;CO
1;AB;2024;752;2024-05-14 08:00:00;00;FC
1;AB;2024;752;2024-05-14 10:00:00;01;EM
1;AB;2024;752;2024-05-15 10:00:00;02;CE
1;AB;2024;752;2024-05-29 10:00:00;03;CO
1;AB;2024;753;2024-06-14 08:00:00;00;FC
1;AB;2024;753;2024-06-14 10:00:00;01;EM
1;AB;2024;753;2024-06-15 10:00:00;02;CE
1;AB;2024;753;2024-07-10 10:00:00;03;CO
1;AB;2024;754;2024-07-14 08:00:00;00;FC
1;AB;2024;754;2024-07-14 10:00:00;01;EM
1;AB;2024;754;2024-07-15 10:00:00;02;CE
1;AB;2024;754;2024-08-04 10:00:00;03;CO
1;AB;2024;755;2024-08-14 08:00:00;00;FC
1;AB;2024;755;2024-08-14 10:00:00;01;EM
1;AB;2024;755;2024-08-15 10:00:00;02;CE
1;AB;2024;755;2024-09-11 10:00:00;03;CO
1;AB;2024;756;2024-09-14 08:00:00;00;FC
1;AB;2024;756;2024-09-14 10:00:00;01;EM
1;AB;2024;756;2024-09-15 10:00:00;02;CE
1;AB;2024;756;2024-09-26 10:00:00;03;CO
1;AB;2024;757;2024-10-14 08:00:00;00;FC
1;AB;2024;757;2024-10-14 10:00:00;01;EM
1;AB;2024;757;2024-10-15 10:00:00;02;CE
1;AB;2024;757;2024-10-23 10:00:00;03;CO
1;AB;2024;758;2024-11-14 08:00:00;00;FC
1;AB;2024;758;2024-11-14 10:00:00;01;EM
1;AB;2024;758;2024-11-15 10:00:00;02;CE
1;AB;2024;758;2024-12-10 10:00:00;03;CO
1;AB;2024;759;2024-12-14 08:00:00;00;FC
1;AB;2024;759;2024-12-14 10:00:00;01;EM
1;AB;2024;759;2024-12-15 10:00:00;02;CE
1;AB;2024;759;2025-01-10 10:00:00;03;CO
1;AB;2025;901;2025-01-14 08:00:00;00;FC
1;AB;2025;901;2025-01-14 10:00:00;01;EM
1;AB;2025;901;2025-01-15 10:00:00;02;CE
1;AB;2025;901;2025-01-31 10:00:00;03;CO
1;AB;2025;902;2025-02-14 08:00:00;00;FC
1;AB;2025;902;2025-02-14 10:00:00;01;EM
1;AB;2025;902;2025-02-15 10:00:00;02;CE
1;AB;2025;902;2025-02-24 10:00:00;03;CO
1;AB;2025;903;2025-03-14 08:00:00;00;FC
1;AB;2025;903;2025-03-14 10:00:00;01;EM
1;AB;2025;903;2025-03-15 10:00:00;02;CE
1;AB;2025;903;2025-03-26 10:00:00;03;CO
1;AB;2025;904;2025-03-17 08:00:00;00;FC
1;AB;2025;904;2025-03-17 10:00:00;01;EM
1;AB;2025;904;2025-03-18 10:00:00;02;CE
1;AB;2025;904;2025-03-26 10:00:00;03;CO
1;AB;2023;603;2023-04-14 08:00:00;00;FC
1;AB;2023;603;2023-04-14 10:00:00;01;EM
1;AB;2023;603;2023-04-15 10:00:00;02;CE
1;AB;2023;603;2023-04-26 10:00:00;03;CO
1;AB;2023;604;2023-05-14 08:00:00;00;FC
1;AB;2023;604;2023-05-14 10:00:00;01;EM
1;AB;2023;604;2023-05-15 10:00:00;02;CE
1;AB;2023;604;2023-05-25 10:00:00;03;CO
1;AB;2023;605;2023-06-14 08:00:00;00;FC
1;AB;2023;605;2023-06-14 10:00:00;01;EM
1;AB;2023;605;2023-06-15 10:00:00;02;CE
1;AB;2023;605;2023-06-30 10:00:00;03;CO
1;AB;2023;606;2023-07-14 08:00:00;00;FC
1;AB;2023;606;2023-07-14 10:00:00;01;EM
1;AB;2023;606;2023-07-15 10:00:00;02;CE
1;AB;2023;606;2023-08-02 10:00:00;03;CO
1;AB;2023;607;2023-08-14 08:00:00;00;FC
1;AB;2023;607;2023-08-14 10:00:00;01;EM
1;AB;2023;607;2023-08-15 10:00:00;02;CE
1;AB;2023;607;2023-08-28 10:00:00;03;CO
1;AB;2023;608;2023-09-14 08:00:00;00;FC
1;AB;2023;608;2023-09-14 10:00:00;01;EM
1;AB;2023;608;2023-09-15 10:00:00;02;CE
1;AB;2023;608;2023-10-06 10:00:00;03;CO
1;AB;2023;609;2023-10-14 08:00:00;00;FC
1;AB;2023;609;2023-10-14 10:00:00;01;EM
1;AB;2023;609;2023-10-15 10:00:00;02;CE
1;AB;2023;609;2023-10-23 10:00:00;03;CO
1;AB;2023;610;2023-11-14 08:00:00;00;FC
1;AB;2023;610;2023-11-14 10:00:00;01;EM
1;AB;2023;610;2023-11-15 10:00:00;02;CE
1;AB;2023;610;2023-12-01 10:00:00;03;CO
1;AB;2023;611;2023-12-14 08:00:00;00;FC
1;AB;2023;611;2023-12-14 10:00:00;01;EM
1;AB;2023;611;2023-12-15 10:00:00;02;CE
1;AB;2023;611;2024-01-11 10:00:00;03;CO
1;AB;2024;760;2024-01-14 08:00:00;00;FC
1;AB;2024;760;2024-01-14 10:00:00;01;EM
1;AB;2024;760;2024-01-15 10:00:00;02;CE
1;AB;2024;760;2024-02-04 10:00:00;03;CO
1;AB;2024;761;2024-02-14 08:00:00;00;FC
1;AB;2024;761;2024-02-14 10:00:00;01;EM
1;AB;2024;761;2024-02-15 10:00:00;02;CE
1;AB;2024;761;2024-02-22 10:00:00;03;CO
1;AB;2024;762;2024-03-14 08:00:00;00;FC
1;AB;2024;762;2024-03-14 10:00:00;01;EM
1;AB;2024;762;2024-03-15 10:00:00;02;CE
1;AB;2024;762;2024-04-08 10:00:00;03;CO
1;AB;2024;763;2024-04-14 08:00:00;00;FC
1;AB;2024;763;2024-04-14 10:00:00;01;EM
1;AB;2024;763;2024-04-15 10:00:00;02;CE
1;AB;2024;763;2024-05-06 10:00:00;03;CO
1;AB;2024;764;2024-05-14 08:00:00;00;FC
1;AB;2024;764;2024-05-14 10:00:00;01;EM
1;AB;2024;764;2024-05-15 10:00:00;02;CE
1;AB;2024;764;2024-06-06 10:00:00;03;CO
1;AB;2024;765;2024-06-14 08:00:00;00;FC
1;AB;2024;765;2024-06-14 10:00:00;01;EM
1;AB;2024;765;2024-06-15 10:00:00;02;CE
1;AB;2024;765;2024-07-04 10:00:00;03;CO
1;AB;2024;766;2024-07-14 08:00:00;00;FC
1;AB;2024;766;2024-07-14 10:00:00;01;EM
1;AB;2024;766;2024-07-15 10:00:00;02;CE
1;AB;2024;766;2024-07-30 10:00:00;03;CO
1;AB;2024;767;2024-08-14 08:00:00;00;FC
1;AB;2024;767;2024-08-14 10:00:00;01;EM
1;AB;2024;767;2024-08-15 10:00:00;02;CE
1;AB;2024;767;2024-09-13 10:00:00;03;CO
1;AB;2024;768;2024-09-14 08:00:00;00;FC
1;AB;2024;768;2024-09-14 10:00:00;01;EM
1;AB;2024;768;2024-09-15 10:00:00;02;CE
1;AB;2024;768;2024-10-08 10:00:00;03;CO
1;AB;2024;769;2024-10-14 08:00:00;00;FC
1;AB;2024;769;2024-10-14 10:00:00;01;EM
1;AB;2024;769;2024-10-15 10:00:00;02;CE
1;AB;2024;769;2024-11-06 10:00:00;03;CO
1;AB;2024;770;2024-11-14 08:00:00;00;FC
1;AB;2024;770;2024-11-14 10:00:00;01;EM
1;AB;2024;770;2024-11-15 10:00:00;02;CE
1;AB;2024;770;2024-12-12 10:00:00;03;CO
1;AB;2024;771;2024-12-14 08:00:00;00;FC
1;AB;2024;771;2024-12-14 10:00:00;01;EM
1;AB;2024;771;2024-12-15 10:00:00;02;CE
1;AB;2024;771;2025-01-12 10:00:00;03;CO
1;AB;2025;905;2025-01-14 08:00:00;00;FC
1;AB;2025;905;2025-01-14 10:00:00;01;EM
1;AB;2025;905;2025-01-15 10:00:00;02;CE
1;AB;2025;905;2025-02-06 10:00:00;03;CO
1;AB;2025;906;2025-02-14 08:00:00;00;FC
1;AB;2025;906;2025-02-14 10:00:00;01;EM
1;AB;2025;906;2025-02-15 10:00:00;02;CE
1;AB;2025;906;2025-02-23 10:00:00;03;CO
1;AB;2025;907;2025-03-14 08:00:00;00;FC
1;AB;2025;907;2025-03-14 10:00:00;01;EM
1;AB;2025;907;2025-03-15 10:00:00;02;CE
1;AB;2025;907;2025-04-05 10:00:00;03;CO
1;AB;2025;908;2025-04-14 08:00:00;00;FC
1;AB;2025;908;2025-04-14 10:00:00;01;EM
1;AB;2025;908;2025-04-15 10:00:00;02;CE
1;AB;2025;908;2025-05-07 10:00:00;03;CO
1;AB;2025;909;2025-04-20 08:00:00;00;FC
1;AB;2025;909;2025-04-20 10:00:00;01;EM
1;AB;2025;909;2025-04-21 10:00:00;02;CE
1;AB;2025;909;2025-04-28 10:00:00;03;CO
1;AB;2024;772;2024-05-14 08:00:00;00;FC
1;AB;2024;772;2024-05-14 10:00:00;01;EM
1;AB;2024;772;2024-05-15 10:00:00;02;CE
1;AB;2024;772;2024-06-07 10:00:00;03;CO
1;AB;2024;773;2024-06-14 08:00:00;00;FC
1;AB;2024;773;2024-06-14 10:00:00;01;EM
1;AB;2024;773;2024-06-15 10:00:00;02;CE
1;AB;2024;773;2024-07-09 10:00:00;03;CO
1;AB;2024;774;2024-07-14 08:00:00;00;FC
1;AB;2024;774;2024-07-14 10:00:00;01;EM
1;AB;2024;774;2024-07-15 10:00:00;05;CN
1;AB;2024;775;2024-08-14 08:00:00;00;FC
1;AB;2024;775;2024-08-14 10:00:00;01;EM
1;AB;2024;775;2024-08-15 10:00:00;02;CE
1;AB;2024;775;2024-09-07 10:00:00;03;CO
1;AB;2024;776;2024-09-14 08:00:00;00;FC
1;AB;2024;776;2024-09-14 10:00:00;01;EM
1;AB;2024;776;2024-09-15 10:00:00;02;CE
1;AB;2024;776;2024-10-05 10:00:00;03;CO
1;AB;2024;777;2024-10-14 08:00:00;00;FC
1;AB;2024;777;2024-10-14 10:00:00;01;EM
1;AB;2024;777;2024-10-15 10:00:00;02;CE
1;AB;2024;777;2024-11-03 10:00:00;03;CO
1;AB;2024;778;2024-11-14 08:00:00;00;FC
1;AB;2024;778;2024-11-14 10:00:00;01;EM
1;AB;2024;778;2024-11-15 10:00:00;02;CE
1;AB;2024;778;2024-11-25 10:00:00;03;CO
1;AB;2024;779;2024-12-14 08:00:00;00;FC
1;AB;2024;779;2024-12-14 10:00:00;01;EM
1;AB;2024;779;2024-12-15 10:00:00;02;CE
1;AB;2024;779;2024-12-24 10:00:00;03;CO
1;AB;2025;910;2025-01-14 08:00:00;00;FC
1;AB;2025;910;2025-01-14 10:00:00;01;EM
1;AB;2025;910;2025-01-15 10:00:00;02;CE
1;AB;2025;910;2025-02-09 10:00:00;03;CO
1;AB;2025;911;2025-02-14 08:00:00;00;FC
1;AB;2025;911;2025-02-14 10:00:00;01;EM
1;AB;2025;911;2025-02-15 10:00:00;02;CE
1;AB;2025;911;2025-03-07 10:00:00;03;CO
1;AB;2025;912;2025-03-14 08:00:00;00;FC
1;AB;2025;912;2025-03-14 10:00:00;01;EM
1;AB;2025;912;2025-03-15 10:00:00;02;CE
1;AB;2025;912;2025-04-04 10:00:00;03;CO
1;AB;2025;913;2025-04-14 08:00:00;00;FC
1;AB;2025;913;2025-04-14 10:00:00;01;EM
1;AB;2025;913;2025-04-15 10:00:00;02;CE
1;AB;2025;913;2025-05-05 10:00:00;03;CO
1;AB;2025;914;2025-05-11 08:00:00;00;FC
1;AB;2025;914;2025-05-11 10:00:00;01;EM
1;AB;2025;914;2025-05-12 10:00:00;02;CE
1;AB;2025;914;2025-06-03 10:00:00;03;CO
1;AB;2025;915;2025-06-14 08:00:00;00;FC
1;AB;2025;915;2025-06-14 10:00:00;01;EM
1;AB;2025;915;2025-06-15 10:00:00;02;CE
1;AB;2025;915;2025-06-25 10:00:00;03;CO
1;AB;2025;916;2025-06-29 08:00:00;00;FC
1;AB;2025;916;2025-06-29 10:00:00;01;EM
1;AB;2025;916;2025-06-30 10:00:00;02;CE
1;AB;2025;916;2025-07-12 10:00:00;03;CO
1;AB;2020;120;2020-07-14 08:00:00;00;FC
1;AB;2020;120;2020-07-14 10:00:00;01;EM
1;AB;2020;120;2020-07-15 10:00:00;02;CE
1;AB;2020;120;2020-08-06 10:00:00;03;CO
1;AB;2020;121;2020-08-14 08:00:00;00;FC
1;AB;2020;121;2020-08-14 10:00:00;01;EM
1;AB;2020;121;2020-08-15 10:00:00;02;CE
1;AB;2020;121;2020-08-27 10:00:00;03;CO
1;AB;2020;122;2020-09-14 08:00:00;00;FC
1;AB;2020;122;2020-09-14 10:00:00;01;EM
1;AB;2020;122;2020-09-15 10:00:00;02;CE
1;AB;2020;122;2020-09-30 10:00:00;03;CO
1;AB;2020;123;2020-10-14 08:00:00;00;FC
1;AB;2020;123;2020-10-14 10:00:00;01;EM
1;AB;2020;123;2020-10-15 10:00:00;02;CE
1;AB;2020;123;2020-11-03 10:00:00;03;CO
1;AB;2020;124;2020-11-14 08:00:00;00;FC
1;AB;2020;124;2020-11-14 10:00:00;01;EM
1;AB;2020;124;2020-11-15 10:00:00;02;CE
1;AB;2020;124;2020-11-21 10:00:00;03;CO
1;AB;2020;125;2020-12-14 08:00:00;00;FC
1;AB;2020;125;2020-12-14 10:00:00;01;EM
1;AB;2020;125;2020-12-15 10:00:00;02;CE
1;AB;2020;125;2021-01-10 10:00:00;03;CO
1;AB;2021;283;2021-01-14 08:00:00;00;FC
1;AB;2021;283;2021-01-14 10:00:00;01;EM
1;AB;2021;283;2021-01-15 10:00:00;02;CE
1;AB;2021;283;2021-01-25 10:00:00;03;CO
1;AB;2021;284;2021-02-14 08:00:00;00;FC
1;AB;2021;284;2021-02-14 10:00:00;01;EM
1;AB;2021;284;2021-02-15 10:00:00;02;CE
1;AB;2021;284;2021-03-13 10:00:00;03;CO
1;AB;2021;285;2021-03-14 08:00:00;00;FC
1;AB;2021;285;2021-03-14 10:00:00;01;EM
1;AB;2021;285;2021-03-15 10:00:00;02;CE
1;AB;2021;285;2021-04-13 10:00:00;03;CO
1;AB;2021;286;2021-04-14 08:00:00;00;FC
1;AB;2021;286;2021-04-14 10:00:00;01;EM
1;AB;2021;286;2021-04-15 10:00:00;02;CE
1;AB;2021;286;2021-04-29 10:00:00;03;CO
1;AB;2021;287;2021-05-14 08:00:00;00;FC
1;AB;2021;287;2021-05-14 10:00:00;01;EM
1;AB;2021;287;2021-05-15 10:00:00;02;CE
1;AB;2021;287;2021-06-12 10:00:00;03;CO
1;AB;2021;288;2021-06-14 08:00:00;00;FC
1;AB;2021;288;2021-06-14 10:00:00;01;EM
1;AB;2021;288;2021-06-15 10:00:00;02;CE
1;AB;2021;288;2021-07-08 10:00:00;03;CO
1;AB;2021;289;2021-07-14 08:00:00;00;FC
1;AB;2021;289;2021-07-14 10:00:00;01;EM
1;AB;2021;289;2021-07-15 10:00:00;02;CE
1;AB;2021;289;2021-07-23 10:00:00;03;CO
1;AB;2021;290;2021-08-14 08:00:00;00;FC
1;AB;2021;290;2021-08-14 10:00:00;01;EM
1;AB;2021;290;2021-08-15 10:00:00;02;CE
1;AB;2021;290;2021-08-31 10:00:00;03;CO
1;AB;2021;291;2021-09-14 08:00:00;00;FC
1;AB;2021;291;2021-09-14 10:00:00;01;EM
1;AB;2021;291;2021-09-15 10:00:00;02;CE
1;AB;2021;291;2021-09-23 10:00:00;03;CO
1;AB;2021;292;2021-10-14 08:00:00;00;FC
1;AB;2021;292;2021-10-14 10:00:00;01;EM
1;AB;2021;292;2021-10-15 10:00:00;02;CE
1;AB;2021;292;2021-11-14 10:00:00;03;CO
1;AB;2021;293;2021-11-14 08:00:00;00;FC
1;AB;2021;293;2021-11-14 10:00:00;01;EM
1;AB;2021;293;2021-11-15 10:00:00;02;CE
1;AB;2021;293;2021-12-09 10:00:00;03;CO
1;AB;2021;294;2021-12-14 08:00:00;00;FC
1;AB;2021;294;2021-12-14 10:00:00;01;EM
1;AB;2021;294;2021-12-15 10:00:00;02;CE
1;AB;2021;294;2022-01-08 10:00:00;03;CO
1;AB;2022;449;2022-01-14 08:00:00;00;FC
1;AB;2022;449;2022-01-14 10:00:00;01;EM
1;AB;2022;449;2022-01-15 10:00:00;02;CE
1;AB;2022;449;2022-01-23 10:00:00;03;CO
1;AB;2022;450;2022-02-14 08:00:00;00;FC
1;AB;2022;450;2022-02-14 10:00:00;01;EM
1;AB;2022;450;2022-02-15 10:00:00;02;CE
1;AB;2022;450;2022-02-20 10:00:00;03;CO
1;AB;2022;451;2022-03-14 08:00:00;00;FC
1;AB;2022;451;2022-03-14 10:00:00;01;EM
1;AB;2022;451;2022-03-15 10:00:00;02;CE
1;AB;2022;451;2022-04-07 10:00:00;03;CO
1;AB;2022;452;2022-04-14 08:00:00;00;FC
1;AB;2022;452;2022-04-14 10:00:00;01;EM
1;AB;2022;452;2022-04-15 10:00:00;02;CE
1;AB;2022;452;2022-05-10 10:00:00;03;CO
1;AB;2022;453;2022-05-14 08:00:00;00;FC
1;AB;2022;453;2022-05-14 10:00:00;01;EM
1;AB;2022;453;2022-05-15 10:00:00;02;CE
1;AB;2022;453;2022-05-26 10:00:00;03;CO
1;AB;2022;454;2022-06-14 08:00:00;00;FC
1;AB;2022;454;2022-06-14 10:00:00;01;EM
1;AB;2022;454;2022-06-15 10:00:00;02;CE
1;AB;2022;454;2022-06-25 10:00:00;03;CO
1;AB;2022;455;2022-07-14 08:00:00;00;FC
1;AB;2022;455;2022-07-14 10:00:00;01;EM
1;AB;2022;455;2022-07-15 10:00:00;02;CE
1;AB;2022;455;2022-07-24 10:00:00;03;CO
1;AB;2022;456;2022-08-14 08:00:00;00;FC
1;AB;2022;456;2022-08-14 10:00:00;01;EM
1;AB;2022;456;2022-08-15 10:00:00;02;CE
1;AB;2022;456;2022-08-25 10:00:00;03;CO
1;AB;2022;457;2022-09-14 08:00:00;00;FC
1;AB;2022;457;2022-09-14 10:00:00;01;EM
1;AB;2022;457;2022-09-15 10:00:00;02;CE
1;AB;2022;457;2022-10-13 10:00:00;03;CO
1;AB;2022;458;2022-10-14 08:00:00;00;FC
1;AB;2022;458;2022-10-14 10:00:00;01;EM
1;AB;2022;458;2022-10-15 10:00:00;02;CE
1;AB;2022;458;2022-11-08 10:00:00;03;CO
1;AB;2022;459;2022-11-14 08:00:00;00;FC
1;AB;2022;459;2022-11-14 10:00:00;01;EM
1;AB;2022;459;2022-11-15 10:00:00;02;CE
1;AB;2022;459;2022-12-02 10:00:00;03;CO
1;AB;2022;460;2022-12-14 08:00:00;00;FC
1;AB;2022;460;2022-12-14 10:00:00;01;EM
1;AB;2022;460;2022-12-15 10:00:00;02;CE
1;AB;2022;460;2022-12-30 10:00:00;03;CO
1;AB;2023;612;2023-01-14 08:00:00;00;FC
1;AB;2023;612;2023-01-14 10:00:00;01;EM
1;AB;2023;612;2023-01-15 10:00:00;02;CE
1;AB;2023;612;2023-02-03 10:00:00;03;CO
1;AB;2023;613;2023-02-14 08:00:00;00;FC
1;AB;2023;613;2023-02-14 10:00:00;01;EM
1;AB;2023;613;2023-02-15 10:00:00;02;CE
1;AB;2023;613;2023-02-24 10:00:00;03;CO
1;AB;2023;614;2023-03-14 08:00:00;00;FC
1;AB;2023;614;2023-03-14 10:00:00;01;EM
1;AB;2023;614;2023-03-15 10:00:00;02;CE
1;AB;2023;614;2023-03-26 10:00:00;03;CO
1;AB;2023;615;2023-04-14 08:00:00;00;FC
1;AB;2023;615;2023-04-14 10:00:00;01;EM
1;AB;2023;615;2023-04-15 10:00:00;02;CE
1;AB;2023;615;2023-05-09 10:00:00;03;CO
1;AB;2023;616;2023-05-14 08:00:00;00;FC
1;AB;2023;616;2023-05-14 10:00:00;01;EM
1;AB;2023;616;2023-05-15 10:00:00;02;CE
1;AB;2023;616;2023-05-24 10:00:00;03;CO
1;AB;2023;617;2023-06-14 08:00:00;00;FC
1;AB;2023;617;2023-06-14 10:00:00;01;EM
1;AB;2023;617;2023-06-15 10:00:00;02;CE
1;AB;2023;617;2023-06-27 10:00:00;03;CO
1;AB;2023;618;2023-07-14 08:00:00;00;FC
1;AB;2023;618;2023-07-14 10:00:00;01;EM
1;AB;2023;618;2023-07-15 10:00:00;02;CE
1;AB;2023;618;2023-08-05 10:00:00;03;CO
1;AB;2023;619;2023-08-14 08:00:00;00;FC
1;AB;2023;619;2023-08-14 10:00:00;01;EM
1;AB;2023;619;2023-08-15 10:00:00;02;CE
1;AB;2023;619;2023-09-07 10:00:00;03;CO
1;AB;2023;620;2023-09-14 08:00:00;00;FC
1;AB;2023;620;2023-09-14 10:00:00;01;EM
1;AB;2023;620;2023-09-15 10:00:00;02;CE
1;AB;2023;620;2023-09-30 10:00:00;03;CO
1;AB;2023;621;2023-10-14 08:00:00;00;FC
1;AB;2023;621;2023-10-14 10:00:00;01;EM
1;AB;2023;621;2023-10-15 10:00:00;02;CE
1;AB;2023;621;2023-10-20 10:00:00;03;CO
1;AB;2023;622;2023-11-14 08:00:00;00;FC
1;AB;2023;622;2023-11-14 10:00:00;01;EM
1;AB;2023;622;2023-11-15 10:00:00;02;CE
1;AB;2023;622;2023-11-26 10:00:00;03;CO
1;AB;2023;623;2023-12-14 08:00:00;00;FC
1;AB;2023;623;2023-12-14 10:00:00;01;EM
1;AB;2023;623;2023-12-15 10:00:00;02;CE
1;AB;2023;623;2024-01-10 10:00:00;03;CO
1;AB;2024;780;2024-01-14 08:00:00;00;FC
1;AB;2024;780;2024-01-14 10:00:00;01;EM
1;AB;2024;780;2024-01-15 10:00:00;02;CE
1;AB;2024;780;2024-02-02 10:00:00;03;CO
1;AB;2024;781;2024-02-14 08:00:00;00;FC
1;AB;2024;781;2024-02-14 10:00:00;01;EM
1;AB;2024;781;2024-02-15 10:00:00;02;CE
1;AB;2024;781;2024-03-13 10:00:00;03;CO
1;AB;2024;782;2024-03-14 08:00:00;00;FC
1;AB;2024;782;2024-03-14 10:00:00;01;EM
1;AB;2024;782;2024-03-15 10:00:00;02;CE
1;AB;2024;782;2024-04-14 10:00:00;03;CO
1;AB;2024;783;2024-04-14 08:00:00;00;FC
1;AB;2024;783;2024-04-14 10:00:00;01;EM
1;AB;2024;783;2024-04-15 10:00:00;02;CE
1;AB;2024;783;2024-05-10 10:00:00;03;CO
1;AB;2024;784;2024-05-14 08:00:00;00;FC
1;AB;2024;784;2024-05-14 10:00:00;01;EM
1;AB;2024;784;2024-05-15 10:00:00;02;CE
1;AB;2024;784;2024-05-26 10:00:00;03;CO
1;AB;2024;785;2024-06-14 08:00:00;00;FC
1;AB;2024;785;2024-06-14 10:00:00;01;EM
1;AB;2024;785;2024-06-15 10:00:00;02;CE
1;AB;2024;785;2024-06-26 10:00:00;03;CO
1;AB;2024;786;2024-07-14 08:00:00;00;FC
1;AB;2024;786;2024-07-14 10:00:00;01;EM
1;AB;2024;786;2024-07-15 10:00:00;02;CE
1;AB;2024;786;2024-07-20 10:00:00;03;CO
1;AB;2024;787;2024-08-14 08:00:00;00;FC
1;AB;2024;787;2024-08-14 10:00:00;01;EM
1;AB;2024;787;2024-08-15 10:00:00;02;CE
1;AB;2024;787;2024-08-20 10:00:00;03;CO
1;AB;2024;788;2024-09-14 08:00:00;00;FC
1;AB;2024;788;2024-09-14 10:00:00;01;EM
1;AB;2024;788;2024-09-15 10:00:00;02;CE
1;AB;2024;788;2024-10-02 10:00:00;03;CO
1;AB;2024;789;2024-10-14 08:00:00;00;FC
1;AB;2024;789;2024-10-14 10:00:00;01;EM
1;AB;2024;789;2024-10-15 10:00:00;02;CE
1;AB;2024;789;2024-11-10 10:00:00;03;CO
1;AB;2024;790;2024-11-14 08:00:00;00;FC
1;AB;2024;790;2024-11-14 10:00:00;01;EM
1;AB;2024;790;2024-11-15 10:00:00;02;CE
1;AB;2024;790;2024-11-27 10:00:00;03;CO
1;AB;2024;791;2024-12-14 08:00:00;00;FC
1;AB;2024;791;2024-12-14 10:00:00;01;EM
1;AB;2024;791;2024-12-15 10:00:00;02;CE
1;AB;2024;791;2024-12-20 10:00:00;03;CO
1;AB;2025;917;2025-01-14 08:00:00;00;FC
1;AB;2025;917;2025-01-14 10:00:00;01;EM
1;AB;2025;917;2025-01-15 10:00:00;02;CE
1;AB;2025;917;2025-01-26 10:00:00;03;CO
1;AB;2025;918;2025-02-14 08:00:00;00;FC
1;AB;2025;918;2025-02-14 10:00:00;01;EM
1;AB;2025;918;2025-02-15 10:00:00;02;CE
1;AB;2025;918;2025-02-27 10:00:00;03;CO
1;AB;2025;919;2025-03-14 08:00:00;00;FC
1;AB;2025;919;2025-03-14 10:00:00;01;EM
1;AB;2025;919;2025-03-15 10:00:00;02;CE
1;AB;2025;919;2025-03-30 10:00:00;03;CO
1;AB;2025;920;2025-04-14 08:00:00;00;FC
1;AB;2025;920;2025-04-14 10:00:00;01;EM
1;AB;2025;920;2025-04-15 10:00:00;02;CE
1;AB;2025;920;2025-04-25 10:00:00;03;CO
1;AB;2025;921;2025-05-14 08:00:00;00;FC
1;AB;2025;921;2025-05-14 10:00:00;01;EM
1;AB;2025;921;2025-05-15 10:00:00;02;CE
1;AB;2025;921;2025-05-25 10:00:00;03;CO
1;AB;2025;922;2025-06-14 08:00:00;00;FC
1;AB;2025;922;2025-06-14 10:00:00;01;EM
1;AB;2025;922;2025-06-15 10:00:00;02;CE
1;AB;2025;922;2025-06-30 10:00:00;03;CO
1;AB;2025;923;2025-07-06 08:00:00;00;FC
1;AB;2025;923;2025-07-06 10:00:00;01;EM
1;AB;2025;923;2025-07-07 10:00:00;02;CE
1;AB;2025;923;2025-07-18 10:00:00;03;CO
1;AB;2021;295;2021-08-14 08:00:00;00;FC
1;AB;2021;295;2021-08-14 10:00:00;01;EM
1;AB;2021;295;2021-08-15 10:00:00;02;CE
1;AB;2021;295;2021-08-25 10:00:00;03;CO
1;AB;2021;296;2021-09-14 08:00:00;00;FC
1;AB;2021;296;2021-09-14 10:00:00;01;EM
1;AB;2021;296;2021-09-15 10:00:00;02;CE
1;AB;2021;296;2021-10-14 10:00:00;03;CO
1;AB;2021;297;2021-10-14 08:00:00;00;FC
1;AB;2021;297;2021-10-14 10:00:00;01;EM
1;AB;2021;297;2021-10-15 10:00:00;02;CE
1;AB;2021;297;2021-10-27 10:00:00;03;CO
1;AB;2021;298;2021-11-14 08:00:00;00;FC
1;AB;2021;298;2021-11-14 10:00:00;01;EM
1;AB;2021;298;2021-11-15 10:00:00;02;CE
1;AB;2021;298;2021-11-26 10:00:00;03;CO
1;AB;2021;299;2021-12-14 08:00:00;00;FC
1;AB;2021;299;2021-12-14 10:00:00;01;EM
1;AB;2021;299;2021-12-15 10:00:00;02;CE
1;AB;2021;299;2021-12-22 10:00:00;03;CO
1;AB;2022;461;2022-01-14 08:00:00;00;FC
1;AB;2022;461;2022-01-14 10:00:00;01;EM
1;AB;2022;461;2022-01-15 10:00:00;02;CE
1;AB;2022;461;2022-01-20 10:00:00;03;CO
1;AB;2022;462;2022-02-14 08:00:00;00;FC
1;AB;2022;462;2022-02-14 10:00:00;01;EM
1;AB;2022;462;2022-02-15 10:00:00;05;CN
1;AB;2022;463;2022-03-14 08:00:00;00;FC
1;AB;2022;463;2022-03-14 10:00:00;01;EM
1;AB;2022;463;2022-03-15 10:00:00;02;CE
1;AB;2022;463;2022-04-05 10:00:00;03;CO
1;AB;2022;464;2022-04-14 08:00:00;00;FC
1;AB;2022;464;2022-04-14 10:00:00;01;EM
1;AB;2022;464;2022-04-15 10:00:00;02;CE
1;AB;2022;464;2022-05-12 10:00:00;03;CO
1;AB;2022;465;2022-05-14 08:00:00;00;FC
1;AB;2022;465;2022-05-14 10:00:00;01;EM
1;AB;2022;465;2022-05-15 10:00:00;02;CE
1;AB;2022;465;2022-05-25 10:00:00;03;CO
1;AB;2022;466;2022-06-14 08:00:00;00;FC
1;AB;2022;466;2022-06-14 10:00:00;01;EM
1;AB;2022;466;2022-06-15 10:00:00;02;CE
1;AB;2022;466;2022-06-24 10:00:00;03;CO
1;AB;2022;467;2022-07-14 08:00:00;00;FC
1;AB;2022;467;2022-07-14 10:00:00;01;EM
1;AB;2022;467;2022-07-15 10:00:00;02;CE
1;AB;2022;467;2022-07-27 10:00:00;03;CO
1;AB;2022;468;2022-08-14 08:00:00;00;FC
1;AB;2022;468;2022-08-14 10:00:00;01;EM
1;AB;2022;468;2022-08-15 10:00:00;02;CE
1;AB;2022;468;2022-09-13 10:00:00;03;CO
1;AB;2022;469;2022-09-14 08:00:00;00;FC
1;AB;2022;469;2022-09-14 10:00:00;01;EM
1;AB;2022;469;2022-09-15 10:00:00;02;CE
1;AB;2022;469;2022-09-22 10:00:00;03;CO
1;AB;2022;470;2022-10-14 08:00:00;00;FC
1;AB;2022;470;2022-10-14 10:00:00;01;EM
1;AB;2022;470;2022-10-15 10:00:00;02;CE
1;AB;2022;470;2022-10-20 10:00:00;03;CO
1;AB;2022;471;2022-11-14 08:00:00;00;FC
1;AB;2022;471;2022-11-14 10:00:00;01;EM
1;AB;2022;471;2022-11-15 10:00:00;02;CE
1;AB;2022;471;2022-12-03 10:00:00;03;CO
1;AB;2022;472;2022-12-14 08:00:00;00;FC
1;AB;2022;472;2022-12-14 10:00:00;01;EM
1;AB;2022;472;2022-12-15 10:00:00;02;CE
1;AB;2022;472;2023-01-02 10:00:00;03;CO
1;AB;2023;624;2023-01-14 08:00:00;00;FC
1;AB;2023;624;2023-01-14 10:00:00;01;EM
1;AB;2023;624;2023-01-15 10:00:00;02;CE
1;AB;2023;624;2023-01-28 10:00:00;03;CO
1;AB;2023;625;2023-02-14 08:00:00;00;FC
1;AB;2023;625;2023-02-14 10:00:00;01;EM
1;AB;2023;625;2023-02-15 10:00:00;02;CE
1;AB;2023;625;2023-03-11 10:00:00;03;CO
1;AB;2023;626;2023-03-14 08:00:00;00;FC
1;AB;2023;626;2023-03-14 10:00:00;01;EM
1;AB;2023;626;2023-03-15 10:00:00;02;CE
1;AB;2023;626;2023-04-04 10:00:00;03;CO
1;AB;2023;627;2023-04-14 08:00:00;00;FC
1;AB;2023;627;2023-04-14 10:00:00;01;EM
1;AB;2023;627;2023-04-15 10:00:00;02;CE
1;AB;2023;627;2023-05-04 10:00:00;03;CO
1;AB;2023;628;2023-05-14 08:00:00;00;FC
1;AB;2023;628;2023-05-14 10:00:00;01;EM
1;AB;2023;628;2023-05-15 10:00:00;02;CE
1;AB;2023;628;2023-05-21 10:00:00;03;CO
1;AB;2023;629;2023-06-14 08:00:00;00;FC
1;AB;2023;629;2023-06-14 10:00:00;01;EM
1;AB;2023;629;2023-06-15 10:00:00;02;CE
1;AB;2023;629;2023-07-02 10:00:00;03;CO
1;AB;2023;630;2023-07-14 08:00:00;00;FC
1;AB;2023;630;2023-07-14 10:00:00;01;EM
1;AB;2023;630;2023-07-15 10:00:00;02;CE
1;AB;2023;630;2023-07-21 10:00:00;03;CO
1;AB;2023;631;2023-08-14 08:00:00;00;FC
1;AB;2023;631;2023-08-14 10:00:00;01;EM
1;AB;2023;631;2023-08-15 10:00:00;02;CE
1;AB;2023;631;2023-09-05 10:00:00;03;CO
1;AB;2023;632;2023-09-14 08:00:00;00;FC
1;AB;2023;632;2023-09-14 10:00:00;01;EM
1;AB;2023;632;2023-09-15 10:00:00;02;CE
1;AB;2023;632;2023-10-04 10:00:00;03;CO
1;AB;2023;633;2023-10-14 08:00:00;00;FC
1;AB;2023;633;2023-10-14 10:00:00;01;EM
1;AB;2023;633;2023-10-15 10:00:00;02;CE
1;AB;2023;633;2023-10-23 10:00:00;03;CO
1;AB;2023;634;2023-11-14 08:00:00;00;FC
1;AB;2023;634;2023-11-14 10:00:00;01;EM
1;AB;2023;634;2023-11-15 10:00:00;02;CE
1;AB;2023;634;2023-12-04 10:00:00;03;CO
1;AB;2023;635;2023-12-14 08:00:00;00;FC
1;AB;2023;635;2023-12-14 10:00:00;01;EM
1;AB;2023;635;2023-12-15 10:00:00;02;CE
1;AB;2023;635;2024-01-01 10:00:00;03;CO
1;AB;2024;792;2024-01-14 08:00:00;00;FC
1;AB;2024;792;2024-01-14 10:00:00;01;EM
1;AB;2024;792;2024-01-15 10:00:00;02;CE
1;AB;2024;792;2024-02-10 10:00:00;03;CO
1;AB;2024;793;2024-02-14 08:00:00;00;FC
1;AB;2024;793;2024-02-14 10:00:00;01;EM
1;AB;2024;793;2024-02-15 10:00:00;02;CE
1;AB;2024;793;2024-02-26 10:00:00;03;CO
1;AB;2024;794;2024-03-14 08:00:00;00;FC
1;AB;2024;794;2024-03-14 10:00:00;01;EM
1;AB;2024;794;2024-03-15 10:00:00;02;CE
1;AB;2024;794;2024-03-29 10:00:00;03;CO
1;AB;2024;795;2024-04-14 08:00:00;00;FC
1;AB;2024;795;2024-04-14 10:00:00;01;EM
1;AB;2024;795;2024-04-15 10:00:00;02;CE
1;AB;2024;795;2024-05-07 10:00:00;03;CO
1;AB;2024;796;2024-05-14 08:00:00;00;FC
1;AB;2024;796;2024-05-14 10:00:00;01;EM
1;AB;2024;796;2024-05-15 10:00:00;02;CE
1;AB;2024;796;2024-06-14 10:00:00;03;CO
1;AB;2024;797;2024-06-14 08:00:00;00;FC
1;AB;2024;797;2024-06-14 10:00:00;01;EM
1;AB;2024;797;2024-06-15 10:00:00;02;CE
1;AB;2024;797;2024-06-21 10:00:00;03;CO
1;AB;2024;798;2024-07-14 08:00:00;00;FC
1;AB;2024;798;2024-07-14 10:00:00;01;EM
1;AB;2024;798;2024-07-15 10:00:00;02;CE
1;AB;2024;798;2024-07-28 10:00:00;03;CO
1;AB;2024;799;2024-08-14 08:00:00;00;FC
1;AB;2024;799;2024-08-14 10:00:00;01;EM
1;AB;2024;799;2024-08-15 10:00:00;02;CE
1;AB;2024;799;2024-09-09 10:00:00;03;CO
1;AB;2024;800;2024-09-14 08:00:00;00;FC
1;AB;2024;800;2024-09-14 10:00:00;01;EM
1;AB;2024;800;2024-09-15 10:00:00;02;CE
1;AB;2024;800;2024-10-01 10:00:00;03;CO
1;AB;2024;801;2024-10-14 08:00:00;00;FC
1;AB;2024;801;2024-10-14 10:00:00;01;EM
1;AB;2024;801;2024-10-15 10:00:00;02;CE
1;AB;2024;801;2024-10-27 10:00:00;03;CO
1;AB;2024;802;2024-11-14 08:00:00;00;FC
1;AB;2024;802;2024-11-14 10:00:00;01;EM
1;AB;2024;802;2024-11-15 10:00:00;02;CE
1;AB;2024;802;2024-12-05 10:00:00;03;CO
1;AB;2024;803;2024-12-14 08:00:00;00;FC
1;AB;2024;803;2024-12-14 10:00:00;01;EM
1;AB;2024;803;2024-12-15 10:00:00;02;CE
1;AB;2024;803;2024-12-30 10:00:00;03;CO
1;AB;2025;924;2025-01-14 08:00:00;00;FC
1;AB;2025;924;2025-01-14 10:00:00;01;EM
1;AB;2025;924;2025-01-15 10:00:00;02;CE
1;AB;2025;924;2025-01-20 10:00:00;03;CO
1;AB;2025;925;2025-02-14 08:00:00;00;FC
1;AB;2025;925;2025-02-14 10:00:00;01;EM
1;AB;2025;925;2025-02-15 10:00:00;02;CE
1;AB;2025;925;2025-03-01 10:00:00;03;CO
1;AB;2025;926;2025-03-14 08:00:00;00;FC
1;AB;2025;926;2025-03-14 10:00:00;01;EM
1;AB;2025;926;2025-03-15 10:00:00;02;CE
1;AB;2025;926;2025-04-03 10:00:00;03;CO
1;AB;2025;927;2025-04-14 08:00:00;00;FC
1;AB;2025;927;2025-04-14 10:00:00;01;EM
1;AB;2025;927;2025-04-15 10:00:00;02;CE
1;AB;2025;927;2025-05-14 10:00:00;03;CO
1;AB;2025;928;2025-05-14 08:00:00;00;FC
1;AB;2025;928;2025-05-14 10:00:00;01;EM
1;AB;2025;928;2025-05-15 10:00:00;02;CE
1;AB;2025;928;2025-06-05 10:00:00;03;CO
1;AB;2025;929;2025-06-14 08:00:00;00;FC
1;AB;2025;929;2025-06-14 10:00:00;01;EM
1;AB;2025;929;2025-06-15 10:00:00;02;CE
1;AB;2025;929;2025-06-28 10:00:00;03;CO
1;AB;2025;930;2025-07-14 08:00:00;00;FC
1;AB;2025;930;2025-07-14 10:00:00;01;EM
1;AB;2025;930;2025-07-15 10:00:00;02;CE
1;AB;2025;930;2025-07-28 10:00:00;03;CO
1;AB;2025;931;2025-08-14 08:00:00;00;FC
1;AB;2025;931;2025-08-14 10:00:00;01;EM
1;AB;2025;931;2025-08-15 10:00:00;02;CE
1;AB;2025;931;2025-09-12 10:00:00;03;CO
1;AB;2025;932;2025-08-22 08:00:00;00;FC
1;AB;2025;932;2025-08-22 10:00:00;01;EM
1;AB;2025;932;2025-08-23 10:00:00;02;CE
1;AB;2025;932;2025-09-18 10:00:00;03;CO
1;AB;2022;473;2022-09-14 08:00:00;00;FC
1;AB;2022;473;2022-09-14 10:00:00;01;EM
1;AB;2022;473;2022-09-15 10:00:00;02;CE
1;AB;2022;473;2022-10-14 10:00:00;03;CO
1;AB;2022;474;2022-10-14 08:00:00;00;FC
1;AB;2022;474;2022-10-14 10:00:00;01;EM
1;AB;2022;474;2022-10-15 10:00:00;02;CE
1;AB;2022;474;2022-11-09 10:00:00;03;CO
1;AB;2022;475;2022-11-14 08:00:00;00;FC
1;AB;2022;475;2022-11-14 10:00:00;01;EM
1;AB;2022;475;2022-11-15 10:00:00;02;CE
1;AB;2022;475;2022-11-30 10:00:00;03;CO
1;AB;2022;476;2022-12-14 08:00:00;00;FC
1;AB;2022;476;2022-12-14 10:00:00;01;EM
1;AB;2022;476;2022-12-15 10:00:00;02;CE
1;AB;2022;476;2022-12-27 10:00:00;03;CO
1;AB;2023;636;2023-01-14 08:00:00;00;FC
1;AB;2023;636;2023-01-14 10:00:00;01;EM
1;AB;2023;636;2023-01-15 10:00:00;02;CE
1;AB;2023;636;2023-01-20 10:00:00;03;CO
1;AB;2023;637;2023-02-14 08:00:00;00;FC
1;AB;2023;637;2023-02-14 10:00:00;01;EM
1;AB;2023;637;2023-02-15 10:00:00;02;CE
1;AB;2023;637;2023-02-22 10:00:00;03;CO
1;AB;2023;638;2023-03-14 08:00:00;00;FC
1;AB;2023;638;2023-03-14 10:00:00;01;EM
1;AB;2023;638;2023-03-15 10:00:00;02;CE
1;AB;2023;638;2023-03-26 10:00:00;03;CO
1;AB;2023;639;2023-04-14 08:00:00;00;FC
1;AB;2023;639;2023-04-14 10:00:00;01;EM
1;AB;2023;639;2023-04-15 10:00:00;02;CE
1;AB;2023;639;2023-04-28 10:00:00;03;CO
1;AB;2023;640;2023-05-14 08:00:00;00;FC
1;AB;2023;640;2023-05-14 10:00:00;01;EM
1;AB;2023;640;2023-05-15 10:00:00;02;CE
1;AB;2023;640;2023-05-21 10:00:00;03;CO
1;AB;2023;641;2023-06-14 08:00:00;00;FC
1;AB;2023;641;2023-06-14 10:00:00;01;EM
1;AB;2023;641;2023-06-15 10:00:00;02;CE
1;AB;2023;641;2023-07-14 10:00:00;03;CO
1;AB;2023;642;2023-07-14 08:00:00;00;FC
1;AB;2023;642;2023-07-14 10:00:00;01;EM
1;AB;2023;642;2023-07-15 10:00:00;02;CE
1;AB;2023;642;2023-08-14 10:00:00;03;CO
1;AB;2023;643;2023-08-14 08:00:00;00;FC
1;AB;2023;643;2023-08-14 10:00:00;01;EM
1;AB;2023;643;2023-08-15 10:00:00;02;CE
1;AB;2023;643;2023-09-10 10:00:00;03;CO
1;AB;2023;644;2023-09-14 08:00:00;00;FC
1;AB;2023;644;2023-09-14 10:00:00;01;EM
1;AB;2023;644;2023-09-15 10:00:00;02;CE
1;AB;2023;644;2023-09-23 10:00:00;03;CO
1;AB;2023;645;2023-10-14 08:00:00;00;FC
1;AB;2023;645;2023-10-14 10:00:00;01;EM
1;AB;2023;645;2023-10-15 10:00:00;02;CE
1;AB;2023;645;2023-10-31 10:00:00;03;CO
1;AB;2023;646;2023-11-14 08:00:00;00;FC
1;AB;2023;646;2023-11-14 10:00:00;01;EM
1;AB;2023;646;2023-11-15 10:00:00;02;CE
1;AB;2023;646;2023-11-20 10:00:00;03;CO
1;AB;2023;647;2023-12-14 08:00:00;00;FC
1;AB;2023;647;2023-12-14 10:00:00;01;EM
1;AB;2023;647;2023-12-15 10:00:00;02;CE
1;AB;2023;647;2024-01-14 10:00:00;03;CO
1;AB;2024;804;2024-01-14 08:00:00;00;FC
1;AB;2024;804;2024-01-14 10:00:00;01;EM
1;AB;2024;804;2024-01-15 10:00:00;02;CE
1;AB;2024;804;2024-01-31 10:00:00;03;CO
1;AB;2024;805;2024-02-14 08:00:00;00;FC
1;AB;2024;805;2024-02-14 10:00:00;01;EM
1;AB;2024;805;2024-02-15 10:00:00;02;CE
1;AB;2024;805;2024-02-21 10:00:00;03;CO
1;AB;2024;806;2024-03-14 08:00:00;00;FC
1;AB;2024;806;2024-03-14 10:00:00;01;EM
1;AB;2024;806;2024-03-15 10:00:00;02;CE
1;AB;2024;806;2024-03-27 10:00:00;03;CO
1;AB;2024;807;2024-04-14 08:00:00;00;FC
1;AB;2024;807;2024-04-14 10:00:00;01;EM
1;AB;2024;807;2024-04-15 10:00:00;02;CE
1;AB;2024;807;2024-05-08 10:00:00;03;CO
1;AB;2024;808;2024-05-14 08:00:00;00;FC
1;AB;2024;808;2024-05-14 10:00:00;01;EM
1;AB;2024;808;2024-05-15 10:00:00;02;CE
1;AB;2024;808;2024-06-11 10:00:00;03;CO
1;AB;2024;809;2024-06-14 08:00:00;00;FC
1;AB;2024;809;2024-06-14 10:00:00;01;EM
1;AB;2024;809;2024-06-15 10:00:00;02;CE
1;AB;2024;809;2024-07-06 10:00:00;03;CO
1;AB;2024;810;2024-07-14 08:00:00;00;FC
1;AB;2024;810;2024-07-14 10:00:00;01;EM
1;AB;2024;810;2024-07-15 10:00:00;02;CE
1;AB;2024;810;2024-08-14 10:00:00;03;CO
1;AB;2024;811;2024-08-14 08:00:00;00;FC
1;AB;2024;811;2024-08-14 10:00:00;01;EM
1;AB;2024;811;2024-08-15 10:00:00;02;CE
1;AB;2024;811;2024-09-11 10:00:00;03;CO
1;AB;2024;812;2024-09-14 08:00:00;00;FC
1;AB;2024;812;2024-09-14 10:00:00;01;EM
1;AB;2024;812;2024-09-15 10:00:00;02;CE
1;AB;2024;812;2024-10-11 10:00:00;03;CO
1;AB;2024;813;2024-10-14 08:00:00;00;FC
1;AB;2024;813;2024-10-14 10:00:00;01;EM
1;AB;2024;813;2024-10-15 10:00:00;02;CE
1;AB;2024;813;2024-11-03 10:00:00;03;CO
1;AB;2024;814;2024-11-14 08:00:00;00;FC
1;AB;2024;814;2024-11-14 10:00:00;01;EM
1;AB;2024;814;2024-11-15 10:00:00;02;CE
1;AB;2024;814;2024-11-30 10:00:00;03;CO
1;AB;2024;815;2024-12-14 08:00:00;00;FC
1;AB;2024;815;2024-12-14 10:00:00;01;EM
1;AB;2024;815;2024-12-15 10:00:00;02;CE
1;AB;2024;815;2025-01-10 10:00:00;03;CO
1;AB;2025;933;2025-01-14 08:00:00;00;FC
1;AB;2025;933;2025-01-14 10:00:00;01;EM
1;AB;2025;933;2025-01-15 10:00:00;02;CE
1;AB;2025;933;2025-02-13 10:00:00;03;CO
1;AB;2025;934;2025-02-14 08:00:00;00;FC
1;AB;2025;934;2025-02-14 10:00:00;01;EM
1;AB;2025;934;2025-02-15 10:00:00;02;CE
1;AB;2025;934;2025-03-14 10:00:00;03;CO
1;AB;2025;935;2025-03-14 08:00:00;00;FC
1;AB;2025;935;2025-03-14 10:00:00;01;EM
1;AB;2025;935;2025-03-15 10:00:00;02;CE
1;AB;2025;935;2025-04-12 10:00:00;03;CO
1;AB;2025;936;2025-04-14 08:00:00;00;FC
1;AB;2025;936;2025-04-14 10:00:00;01;EM
1;AB;2025;936;2025-04-15 10:00:00;02;CE
1;AB;2025;936;2025-05-12 10:00:00;03;CO
1;AB;2025;937;2025-05-14 08:00:00;00;FC
1;AB;2025;937;2025-05-14 10:00:00;01;EM
1;AB;2025;937;2025-05-15 10:00:00;02;CE
1;AB;2025;937;2025-06-11 10:00:00;03;CO
1;AB;2025;938;2025-06-14 08:00:00;00;FC
1;AB;2025;938;2025-06-14 10:00:00;01;EM
1;AB;2025;938;2025-06-15 10:00:00;02;CE
1;AB;2025;938;2025-06-24 10:00:00;03;CO
1;AB;2025;939;2025-07-14 08:00:00;00;FC
1;AB;2025;939;2025-07-14 10:00:00;01;EM
1;AB;2025;939;2025-07-15 10:00:00;02;CE
1;AB;2025;939;2025-08-04 10:00:00;03;CO
1;AB;2025;940;2025-08-14 08:00:00;00;FC
1;AB;2025;940;2025-08-14 10:00:00;01;EM
1;AB;2025;940;2025-08-15 10:00:00;02;CE
1;AB;2025;940;2025-08-31 10:00:00;03;CO
1;AB;2025;941;2025-09-14 08:00:00;00;FC
1;AB;2025;941;2025-09-14 10:00:00;01;EM
1;AB;2025;941;2025-09-15 10:00:00;02;CE
1;AB;2025;941;2025-10-14 10:00:00;03;CO
1;AB;2023;648;2023-10-14 08:00:00;00;FC
1;AB;2023;648;2023-10-14 10:00:00;01;EM
1;AB;2023;648;2023-10-15 10:00:00;02;CE
1;AB;2023;648;2023-11-13 10:00:00;03;CO
1;AB;2023;649;2023-11-14 08:00:00;00;FC
1;AB;2023;649;2023-11-14 10:00:00;01;EM
1;AB;2023;649;2023-11-15 10:00:00;02;CE
1;AB;2023;649;2023-12-14 10:00:00;03;CO
1;AB;2023;650;2023-12-14 08:00:00;00;FC
1;AB;2023;650;2023-12-14 10:00:00;01;EM
1;AB;2023;650;2023-12-15 10:00:00;02;CE
1;AB;2023;650;2023-12-29 10:00:00;03;CO
1;AB;2024;816;2024-01-14 08:00:00;00;FC
1;AB;2024;816;2024-01-14 10:00:00;01;EM
1;AB;2024;816;2024-01-15 10:00:00;02;CE
1;AB;2024;816;2024-02-11 10:00:00;03;CO
1;AB;2024;817;2024-02-14 08:00:00;00;FC
1;AB;2024;817;2024-02-14 10:00:00;01;EM
1;AB;2024;817;2024-02-15 10:00:00;02;CE
1;AB;2024;817;2024-03-14 10:00:00;03;CO
1;AB;2024;818;2024-03-14 08:00:00;00;FC
1;AB;2024;818;2024-03-14 10:00:00;01;EM
1;AB;2024;818;2024-03-15 10:00:00;02;CE
1;AB;2024;818;2024-03-26 10:00:00;03;CO
1;AB;2024;819;2024-04-14 08:00:00;00;FC
1;AB;2024;819;2024-04-14 10:00:00;01;EM
1;AB;2024;819;2024-04-15 10:00:00;02;CE
1;AB;2024;819;2024-05-15 10:00:00;03;CO
1;AB;2024;820;2024-05-14 08:00:00;00;FC
1;AB;2024;820;2024-05-14 10:00:00;01;EM
1;AB;2024;820;2024-05-15 10:00:00;02;CE
1;AB;2024;820;2024-05-24 10:00:00;03;CO
1;AB;2024;821;2024-06-14 08:00:00;00;FC
1;AB;2024;821;2024-06-14 10:00:00;01;EM
1;AB;2024;821;2024-06-15 10:00:00;02;CE
1;AB;2024;821;2024-07-08 10:00:00;03;CO
1;AB;2024;822;2024-07-14 08:00:00;00;FC
1;AB;2024;822;2024-07-14 10:00:00;01;EM
1;AB;2024;822;2024-07-15 10:00:00;02;CE
1;AB;2024;822;2024-08-12 10:00:00;03;CO
1;AB;2024;823;2024-08-14 08:00:00;00;FC
1;AB;2024;823;2024-08-14 10:00:00;01;EM
1;AB;2024;823;2024-08-15 10:00:00;02;CE
1;AB;2024;823;2024-09-06 10:00:00;03;CO
1;AB;2024;824;2024-09-14 08:00:00;00;FC
1;AB;2024;824;2024-09-14 10:00:00;01;EM
1;AB;2024;824;2024-09-15 10:00:00;02;CE
1;AB;2024;824;2024-10-15 10:00:00;03;CO
1;AB;2024;825;2024-10-14 08:00:00;00;FC
1;AB;2024;825;2024-10-14 10:00:00;01;EM
1;AB;2024;825;2024-10-15 10:00:00;02;CE
1;AB;2024;825;2024-11-11 10:00:00;03;CO
1;AB;2024;826;2024-11-14 08:00:00;00;FC
1;AB;2024;826;2024-11-14 10:00:00;01;EM
1;AB;2024;826;2024-11-15 10:00:00;02;CE
1;AB;2024;826;2024-11-26 10:00:00;03;CO
1;AB;2024;827;2024-12-14 08:00:00;00;FC
1;AB;2024;827;2024-12-14 10:00:00;01;EM
1;AB;2024;827;2024-12-15 10:00:00;02;CE
1;AB;2024;827;2025-01-12 10:00:00;03;CO
1;AB;2025;942;2025-01-14 08:00:00;00;FC
1;AB;2025;942;2025-01-14 10:00:00;01;EM
1;AB;2025;942;2025-01-15 10:00:00;05;CN
1;AB;2025;943;2025-02-14 08:00:00;00;FC
1;AB;2025;943;2025-02-14 10:00:00;01;EM
1;AB;2025;943;2025-02-15 10:00:00;02;CE
1;AB;2025;943;2025-02-22 10:00:00;03;CO
1;AB;2025;944;2025-03-14 08:00:00;00;FC
1;AB;2025;944;2025-03-14 10:00:00;01;EM
1;AB;2025;944;2025-03-15 10:00:00;02;CE
1;AB;2025;944;2025-04-08 10:00:00;03;CO
1;AB;2025;945;2025-04-14 08:00:00;00;FC
1;AB;2025;945;2025-04-14 10:00:00;01;EM
1;AB;2025;945;2025-04-15 10:00:00;02;CE
1;AB;2025;945;2025-04-29 10:00:00;03;CO
1;AB;2025;946;2025-05-14 08:00:00;00;FC
1;AB;2025;946;2025-05-14 10:00:00;01;EM
1;AB;2025;946;2025-05-15 10:00:00;02;CE
1;AB;2025;946;2025-06-14 10:00:00;03;CO
1;AB;2025;947;2025-06-14 08:00:00;00;FC
1;AB;2025;947;2025-06-14 10:00:00;01;EM
1;AB;2025;947;2025-06-15 10:00:00;02;CE
1;AB;2025;947;2025-06-29 10:00:00;03;CO
1;AB;2025;948;2025-07-14 08:00:00;00;FC
1;AB;2025;948;2025-07-14 10:00:00;01;EM
1;AB;2025;948;2025-07-15 10:00:00;02;CE
1;AB;2025;948;2025-08-12 10:00:00;03;CO
1;AB;2025;949;2025-08-14 08:00:00;00;FC
1;AB;2025;949;2025-08-14 10:00:00;01;EM
1;AB;2025;949;2025-08-15 10:00:00;02;CE
1;AB;2025;949;2025-09-04 10:00:00;03;CO
1;AB;2025;950;2025-09-14 08:00:00;00;FC
1;AB;2025;950;2025-09-14 10:00:00;01;EM
1;AB;2025;950;2025-09-15 10:00:00;02;CE
1;AB;2025;950;2025-09-25 10:00:00;03;CO
1;AB;2025;951;2025-10-14 08:00:00;00;FC
1;AB;2025;951;2025-10-14 10:00:00;01;EM
1;AB;2025;951;2025-10-15 10:00:00;02;CE
1;AB;2025;951;2025-10-25 10:00:00;03;CO
1;AB;2025;952;2025-10-25 08:00:00;00;FC
1;AB;2025;952;2025-10-25 10:00:00;01;EM
1;AB;2025;952;2025-10-26 10:00:00;02;CE
1;AB;2025;952;2025-11-24 10:00:00;03;CO
1;AB;2024;828;2024-11-14 08:00:00;00;FC
1;AB;2024;828;2024-11-14 10:00:00;01;EM
1;AB;2024;828;2024-11-15 10:00:00;02;CE
1;AB;2024;828;2024-11-26 10:00:00;03;CO
1;AB;2024;829;2024-12-14 08:00:00;00;FC
1;AB;2024;829;2024-12-14 10:00:00;01;EM
1;AB;2024;829;2024-12-15 10:00:00;02;CE
1;AB;2024;829;2025-01-08 10:00:00;03;CO
1;AB;2025;953;2025-01-14 08:00:00;00;FC
1;AB;2025;953;2025-01-14 10:00:00;01;EM
1;AB;2025;953;2025-01-15 10:00:00;02;CE
1;AB;2025;953;2025-01-29 10:00:00;03;CO
1;AB;2025;954;2025-02-14 08:00:00;00;FC
1;AB;2025;954;2025-02-14 10:00:00;01;EM
1;AB;2025;954;2025-02-15 10:00:00;02;CE
1;AB;2025;954;2025-02-24 10:00:00;03;CO
1;AB;2025;955;2025-03-14 08:00:00;00;FC
1;AB;2025;955;2025-03-14 10:00:00;01;EM
1;AB;2025;955;2025-03-15 10:00:00;02;CE
1;AB;2025;955;2025-03-30 10:00:00;03;CO
1;AB;2025;956;2025-04-14 08:00:00;00;FC
1;AB;2025;956;2025-04-14 10:00:00;01;EM
1;AB;2025;956;2025-04-15 10:00:00;02;CE
1;AB;2025;956;2025-05-10 10:00:00;03;CO
1;AB;2025;957;2025-05-14 08:00:00;00;FC
1;AB;2025;957;2025-05-14 10:00:00;01;EM
1;AB;2025;957;2025-05-15 10:00:00;02;CE
1;AB;2025;957;2025-06-04 10:00:00;03;CO
1;AB;2025;958;2025-06-14 08:00:00;00;FC
1;AB;2025;958;2025-06-14 10:00:00;01;EM
1;AB;2025;958;2025-06-15 10:00:00;02;CE
1;AB;2025;958;2025-07-08 10:00:00;03;CO
1;AB;2025;959;2025-07-14 08:00:00;00;FC
1;AB;2025;959;2025-07-14 10:00:00;01;EM
1;AB;2025;959;2025-07-15 10:00:00;02;CE
1;AB;2025;959;2025-08-09 10:00:00;03;CO
1;AB;2025;960;2025-08-14 08:00:00;00;FC
1;AB;2025;960;2025-08-14 10:00:00;01;EM
1;AB;2025;960;2025-08-15 10:00:00;02;CE
1;AB;2025;960;2025-09-11 10:00:00;03;CO
1;AB;2025;961;2025-09-14 08:00:00;00;FC
1;AB;2025;961;2025-09-14 10:00:00;01;EM
1;AB;2025;961;2025-09-15 10:00:00;02;CE
1;AB;2025;961;2025-09-24 10:00:00;03;CO
1;AB;2025;962;2025-10-14 08:00:00;00;FC
1;AB;2025;962;2025-10-14 10:00:00;01;EM
1;AB;2025;962;2025-10-15 10:00:00;02;CE
1;AB;2025;962;2025-11-03 10:00:00;03;CO
1;AB;2025;963;2025-11-09 08:00:00;00;FC
1;AB;2025;963;2025-11-09 10:00:00;01;EM
1;AB;2025;963;2025-11-10 10:00:00;02;CE
1;AB;2025;963;2025-11-15 10:00:00;03;CO
1;AB;2026;626;2026-01-13 08:00:00;00;FC
1;AB;2026;626;2026-01-13 10:00:00;01;EM
1;AB;2026;626;2026-01-14 10:00:00;02;CE
1;AB;2026;626;2026-02-03 10:00:00;03;CO
1;AB;2026;627;2026-02-13 08:00:00;00;FC
1;AB;2026;627;2026-02-13 10:00:00;01;EM
1;AB;2026;627;2026-02-14 10:00:00;02;CE
1;AB;2026;627;2026-03-09 10:00:00;03;CO
1;AB;2026;628;2026-03-13 08:00:00;00;FC
1;AB;2026;628;2026-03-13 10:00:00;01;EM
1;AB;2026;628;2026-03-14 10:00:00;02;CE
1;AB;2026;628;2026-04-03 10:00:00;03;CO
1;AB;2026;629;2026-04-13 08:00:00;00;FC
1;AB;2026;629;2026-04-13 10:00:00;01;EM
1;AB;2026;629;2026-04-14 10:00:00;02;CE
1;AB;2026;629;2026-04-25 10:00:00;03;CO
1;AB;2026;630;2026-05-13 08:00:00;00;FC
1;AB;2026;630;2026-05-13 10:00:00;01;EM
1;AB;2026;631;2026-06-13 08:00:00;00;FC
1;AB;2026;631;2026-06-13 10:00:00;01;EM
1;AB;2026;631;2026-06-14 10:00:00;02;CE
1;AB;2026;631;2026-06-25 10:00:00;03;CO
1;AB;2026;632;2026-07-13 08:00:00;00;FC
1;AB;2026;632;2026-07-13 10:00:00;01;EM
1;AB;2026;632;2026-07-14 10:00:00;02;CE
1;AB;2026;632;2026-08-12 10:00:00;03;CO
1;AB;2026;633;2026-08-13 08:00:00;00;FC
1;AB;2026;633;2026-08-13 10:00:00;01;EM
1;AB;2026;633;2026-08-14 10:00:00;02;CE
1;AB;2026;633;2026-08-25 10:00:00;03;CO
1;AB;2020;126;2020-02-13 08:00:00;00;FC
1;AB;2020;126;2020-02-13 10:00:00;01;EM
1;AB;2020;126;2020-02-14 10:00:00;02;CE
1;AB;2020;126;2020-03-01 10:00:00;03;CO
1;AB;2020;127;2020-03-13 08:00:00;00;FC
1;AB;2020;127;2020-03-13 10:00:00;01;EM
1;AB;2020;127;2020-03-14 10:00:00;02;CE
1;AB;2020;127;2020-04-04 10:00:00;03;CO
1;AB;2020;128;2020-04-13 08:00:00;00;FC
1;AB;2020;128;2020-04-13 10:00:00;01;EM
1;AB;2020;128;2020-04-14 10:00:00;02;CE
1;AB;2020;128;2020-05-01 10:00:00;03;CO
1;AB;2020;129;2020-05-13 08:00:00;00;FC
1;AB;2020;129;2020-05-13 10:00:00;01;EM
1;AB;2020;129;2020-05-14 10:00:00;02;CE
1;AB;2020;129;2020-06-10 10:00:00;03;CO
1;AB;2020;130;2020-06-13 08:00:00;00;FC
1;AB;2020;130;2020-06-13 10:00:00;01;EM
1;AB;2020;130;2020-06-14 10:00:00;02;CE
1;AB;2020;130;2020-06-28 10:00:00;03;CO
1;AB;2020;131;2020-07-13 08:00:00;00;FC
1;AB;2020;131;2020-07-13 10:00:00;01;EM
1;AB;2020;131;2020-07-14 10:00:00;02;CE
1;AB;2020;131;2020-07-28 10:00:00;03;CO
1;AB;2020;132;2020-08-13 08:00:00;00;FC
1;AB;2020;132;2020-08-13 10:00:00;01;EM
1;AB;2020;132;2020-08-14 10:00:00;02;CE
1;AB;2020;132;2020-08-29 10:00:00;03;CO
1;AB;2020;133;2020-09-13 08:00:00;00;FC
1;AB;2020;133;2020-09-13 10:00:00;01;EM
1;AB;2020;133;2020-09-14 10:00:00;02;CE
1;AB;2020;133;2020-09-28 10:00:00;03;CO
1;AB;2020;134;2020-10-13 08:00:00;00;FC
1;AB;2020;134;2020-10-13 10:00:00;01;EM
1;AB;2020;134;2020-10-14 10:00:00;02;CE
1;AB;2020;134;2020-11-07 10:00:00;03;CO
1;AB;2020;135;2020-11-13 08:00:00;00;FC
1;AB;2020;135;2020-11-13 10:00:00;01;EM
1;AB;2020;135;2020-11-14 10:00:00;02;CE
1;AB;2020;135;2020-12-09 10:00:00;03;CO
1;AB;2020;136;2020-12-13 08:00:00;00;FC
1;AB;2020;136;2020-12-13 10:00:00;01;EM
1;AB;2020;136;2020-12-14 10:00:00;02;CE
1;AB;2020;136;2020-12-29 10:00:00;03;CO
1;AB;2021;300;2021-01-13 08:00:00;00;FC
1;AB;2021;300;2021-01-13 10:00:00;01;EM
1;AB;2021;300;2021-01-14 10:00:00;02;CE
1;AB;2021;300;2021-01-27 10:00:00;03;CO
1;AB;2021;301;2021-02-13 08:00:00;00;FC
1;AB;2021;301;2021-02-13 10:00:00;01;EM
1;AB;2021;301;2021-02-14 10:00:00;02;CE
1;AB;2021;301;2021-03-14 10:00:00;03;CO
1;AB;2021;302;2021-03-13 08:00:00;00;FC
1;AB;2021;302;2021-03-13 10:00:00;01;EM
1;AB;2021;302;2021-03-14 10:00:00;02;CE
1;AB;2021;302;2021-03-31 10:00:00;03;CO
1;AB;2021;303;2021-04-13 08:00:00;00;FC
1;AB;2021;303;2021-04-13 10:00:00;01;EM
1;AB;2021;303;2021-04-14 10:00:00;02;CE
1;AB;2021;303;2021-05-08 10:00:00;03;CO
1;AB;2021;304;2021-05-13 08:00:00;00;FC
1;AB;2021;304;2021-05-13 10:00:00;01;EM
1;AB;2021;304;2021-05-14 10:00:00;02;CE
1;AB;2021;304;2021-06-10 10:00:00;03;CO
1;AB;2021;305;2021-06-13 08:00:00;00;FC
1;AB;2021;305;2021-06-13 10:00:00;01;EM
1;AB;2021;305;2021-06-14 10:00:00;02;CE
1;AB;2021;305;2021-07-14 10:00:00;03;CO
1;AB;2021;306;2021-07-13 08:00:00;00;FC
1;AB;2021;306;2021-07-13 10:00:00;01;EM
1;AB;2021;306;2021-07-14 10:00:00;02;CE
1;AB;2021;306;2021-07-21 10:00:00;03;CO
1;AB;2021;307;2021-08-13 08:00:00;00;FC
1;AB;2021;307;2021-08-13 10:00:00;01;EM
1;AB;2021;307;2021-08-14 10:00:00;02;CE
1;AB;2021;307;2021-09-03 10:00:00;03;CO
1;AB;2021;308;2021-09-13 08:00:00;00;FC
1;AB;2021;308;2021-09-13 10:00:00;01;EM
1;AB;2021;308;2021-09-14 10:00:00;02;CE
1;AB;2021;308;2021-09-20 10:00:00;03;CO
1;AB;2021;309;2021-10-13 08:00:00;00;FC
1;AB;2021;309;2021-10-13 10:00:00;01;EM
1;AB;2021;309;2021-10-14 10:00:00;02;CE
1;AB;2021;309;2021-11-11 10:00:00;03;CO
1;AB;2021;310;2021-11-13 08:00:00;00;FC
1;AB;2021;310;2021-11-13 10:00:00;01;EM
1;AB;2021;310;2021-11-14 10:00:00;02;CE
1;AB;2021;310;2021-11-29 10:00:00;03;CO
1;AB;2021;311;2021-12-13 08:00:00;00;FC
1;AB;2021;311;2021-12-13 10:00:00;01;EM
1;AB;2021;311;2021-12-14 10:00:00;02;CE
1;AB;2021;311;2021-12-21 10:00:00;03;CO
1;AB;2022;477;2022-01-13 08:00:00;00;FC
1;AB;2022;477;2022-01-13 10:00:00;01;EM
1;AB;2022;477;2022-01-14 10:00:00;02;CE
1;AB;2022;477;2022-01-25 10:00:00;03;CO
1;AB;2022;478;2022-02-13 08:00:00;00;FC
1;AB;2022;478;2022-02-13 10:00:00;01;EM
1;AB;2022;478;2022-02-14 10:00:00;02;CE
1;AB;2022;478;2022-02-24 10:00:00;03;CO
1;AB;2022;479;2022-03-13 08:00:00;00;FC
1;AB;2022;479;2022-03-13 10:00:00;01;EM
1;AB;2022;479;2022-03-14 10:00:00;02;CE
1;AB;2022;479;2022-03-28 10:00:00;03;CO
1;AB;2022;480;2022-04-13 08:00:00;00;FC
1;AB;2022;480;2022-04-13 10:00:00;01;EM
1;AB;2022;480;2022-04-14 10:00:00;02;CE
1;AB;2022;480;2022-04-25 10:00:00;03;CO
1;AB;2022;481;2022-05-13 08:00:00;00;FC
1;AB;2022;481;2022-05-13 10:00:00;01;EM
1;AB;2022;481;2022-05-14 10:00:00;02;CE
1;AB;2022;481;2022-05-25 10:00:00;03;CO
1;AB;2022;482;2022-06-13 08:00:00;00;FC
1;AB;2022;482;2022-06-13 10:00:00;01;EM
1;AB;2022;482;2022-06-14 10:00:00;02;CE
1;AB;2022;482;2022-07-06 10:00:00;03;CO
1;AB;2022;483;2022-07-13 08:00:00;00;FC
1;AB;2022;483;2022-07-13 10:00:00;01;EM
1;AB;2022;483;2022-07-14 10:00:00;02;CE
1;AB;2022;483;2022-07-29 10:00:00;03;CO
1;AB;2022;484;2022-08-13 08:00:00;00;FC
1;AB;2022;484;2022-08-13 10:00:00;01;EM
1;AB;2022;484;2022-08-14 10:00:00;02;CE
1;AB;2022;484;2022-09-07 10:00:00;03;CO
1;AB;2022;485;2022-09-13 08:00:00;00;FC
1;AB;2022;485;2022-09-13 10:00:00;01;EM
1;AB;2022;485;2022-09-14 10:00:00;02;CE
1;AB;2022;485;2022-10-10 10:00:00;03;CO
1;AB;2022;486;2022-10-13 08:00:00;00;FC
1;AB;2022;486;2022-10-13 10:00:00;01;EM
1;AB;2022;486;2022-10-14 10:00:00;02;CE
1;AB;2022;486;2022-11-08 10:00:00;03;CO
1;AB;2022;487;2022-11-13 08:00:00;00;FC
1;AB;2022;487;2022-11-13 10:00:00;01;EM
1;AB;2022;487;2022-11-14 10:00:00;02;CE
1;AB;2022;487;2022-12-07 10:00:00;03;CO
1;AB;2022;488;2022-12-13 08:00:00;00;FC
1;AB;2022;488;2022-12-13 10:00:00;01;EM
1;AB;2022;488;2022-12-14 10:00:00;02;CE
1;AB;2022;488;2023-01-05 10:00:00;03;CO
1;AB;2023;651;2023-01-13 08:00:00;00;FC
1;AB;2023;651;2023-01-13 10:00:00;01;EM
1;AB;2023;651;2023-01-14 10:00:00;02;CE
1;AB;2023;651;2023-02-01 10:00:00;03;CO
1;AB;2023;652;2023-02-13 08:00:00;00;FC
1;AB;2023;652;2023-02-13 10:00:00;01;EM
1;AB;2023;652;2023-02-14 10:00:00;02;CE
1;AB;2023;652;2023-03-08 10:00:00;03;CO
1;AB;2023;653;2023-03-13 08:00:00;00;FC
1;AB;2023;653;2023-03-13 10:00:00;01;EM
1;AB;2023;653;2023-03-14 10:00:00;02;CE
1;AB;2023;653;2023-03-25 10:00:00;03;CO
1;AB;2023;654;2023-04-13 08:00:00;00;FC
1;AB;2023;654;2023-04-13 10:00:00;01;EM
1;AB;2023;654;2023-04-14 10:00:00;02;CE
1;AB;2023;654;2023-05-01 10:00:00;03;CO
1;AB;2023;655;2023-05-13 08:00:00;00;FC
1;AB;2023;655;2023-05-13 10:00:00;01;EM
1;AB;2023;655;2023-05-14 10:00:00;02;CE
1;AB;2023;655;2023-06-03 10:00:00;03;CO
1;AB;2023;656;2023-06-13 08:00:00;00;FC
1;AB;2023;656;2023-06-13 10:00:00;01;EM
1;AB;2023;656;2023-06-14 10:00:00;02;CE
1;AB;2023;656;2023-06-28 10:00:00;03;CO
1;AB;2023;657;2023-07-13 08:00:00;00;FC
1;AB;2023;657;2023-07-13 10:00:00;01;EM
1;AB;2023;657;2023-07-14 10:00:00;02;CE
1;AB;2023;657;2023-08-09 10:00:00;03;CO
1;AB;2023;658;2023-08-13 08:00:00;00;FC
1;AB;2023;658;2023-08-13 10:00:00;01;EM
1;AB;2023;658;2023-08-14 10:00:00;02;CE
1;AB;2023;658;2023-09-10 10:00:00;03;CO
1;AB;2023;659;2023-09-13 08:00:00;00;FC
1;AB;2023;659;2023-09-13 10:00:00;01;EM
1;AB;2023;659;2023-09-14 10:00:00;02;CE
1;AB;2023;659;2023-09-28 10:00:00;03;CO
1;AB;2023;660;2023-10-13 08:00:00;00;FC
1;AB;2023;660;2023-10-13 10:00:00;01;EM
1;AB;2023;660;2023-10-14 10:00:00;02;CE
1;AB;2023;660;2023-11-02 10:00:00;03;CO
1;AB;2023;661;2023-11-13 08:00:00;00;FC
1;AB;2023;661;2023-11-13 10:00:00;01;EM
1;AB;2023;661;2023-11-14 10:00:00;02;CE
1;AB;2023;661;2023-11-23 10:00:00;03;CO
1;AB;2023;662;2023-12-13 08:00:00;00;FC
1;AB;2023;662;2023-12-13 10:00:00;01;EM
1;AB;2023;662;2023-12-14 10:00:00;02;CE
1;AB;2023;662;2023-12-30 10:00:00;03;CO
1;AB;2024;830;2024-01-13 08:00:00;00;FC
1;AB;2024;830;2024-01-13 10:00:00;01;EM
1;AB;2024;830;2024-01-14 10:00:00;02;CE
1;AB;2024;830;2024-02-02 10:00:00;03;CO
1;AB;2024;831;2024-02-13 08:00:00;00;FC
1;AB;2024;831;2024-02-13 10:00:00;01;EM
1;AB;2024;831;2024-02-14 10:00:00;02;CE
1;AB;2024;831;2024-02-19 10:00:00;03;CO
1;AB;2024;832;2024-03-13 08:00:00;00;FC
1;AB;2024;832;2024-03-13 10:00:00;01;EM
1;AB;2024;832;2024-03-14 10:00:00;02;CE
1;AB;2024;832;2024-04-08 10:00:00;03;CO
1;AB;2024;833;2024-04-13 08:00:00;00;FC
1;AB;2024;833;2024-04-13 10:00:00;01;EM
1;AB;2024;833;2024-04-14 10:00:00;02;CE
1;AB;2024;833;2024-04-20 10:00:00;03;CO
1;AB;2024;834;2024-05-13 08:00:00;00;FC
1;AB;2024;834;2024-05-13 10:00:00;01;EM
1;AB;2024;834;2024-05-14 10:00:00;02;CE
1;AB;2024;834;2024-06-03 10:00:00;03;CO
1;AB;2024;835;2024-06-13 08:00:00;00;FC
1;AB;2024;835;2024-06-13 10:00:00;01;EM
1;AB;2024;835;2024-06-14 10:00:00;02;CE
1;AB;2024;835;2024-07-07 10:00:00;03;CO
1;AB;2024;836;2024-07-13 08:00:00;00;FC
1;AB;2024;836;2024-07-13 10:00:00;01;EM
1;AB;2024;836;2024-07-14 10:00:00;02;CE
1;AB;2024;836;2024-07-29 10:00:00;03;CO
1;AB;2024;837;2024-08-13 08:00:00;00;FC
1;AB;2024;837;2024-08-13 10:00:00;01;EM
1;AB;2024;837;2024-08-14 10:00:00;02;CE
1;AB;2024;837;2024-09-03 10:00:00;03;CO
1;AB;2024;838;2024-09-13 08:00:00;00;FC
1;AB;2024;838;2024-09-13 10:00:00;01;EM
1;AB;2024;838;2024-09-14 10:00:00;02;CE
1;AB;2024;838;2024-10-02 10:00:00;03;CO
1;AB;2024;839;2024-10-13 08:00:00;00;FC
1;AB;2024;839;2024-10-13 10:00:00;01;EM
1;AB;2024;839;2024-10-14 10:00:00;02;CE
1;AB;2024;839;2024-11-09 10:00:00;03;CO
1;AB;2024;840;2024-11-13 08:00:00;00;FC
1;AB;2024;840;2024-11-13 10:00:00;01;EM
1;AB;2024;840;2024-11-14 10:00:00;02;CE
1;AB;2024;840;2024-12-06 10:00:00;03;CO
1;AB;2024;841;2024-12-13 08:00:00;00;FC
1;AB;2024;841;2024-12-13 10:00:00;01;EM
1;AB;2024;841;2024-12-14 10:00:00;02;CE
1;AB;2024;841;2024-12-24 10:00:00;03;CO
1;AB;2025;964;2025-01-13 08:00:00;00;FC
1;AB;2025;964;2025-01-13 10:00:00;01;EM
1;AB;2025;964;2025-01-14 10:00:00;02;CE
1;AB;2025;964;2025-01-20 10:00:00;03;CO
1;AB;2025;965;2025-02-13 08:00:00;00;FC
1;AB;2025;965;2025-02-13 10:00:00;01;EM
1;AB;2025;965;2025-02-14 10:00:00;02;CE
1;AB;2025;965;2025-02-24 10:00:00;03;CO
1;AB;2025;966;2025-03-13 08:00:00;00;FC
1;AB;2025;966;2025-03-13 10:00:00;01;EM
1;AB;2025;966;2025-03-14 10:00:00;02;CE
1;AB;2025;966;2025-03-29 10:00:00;03;CO
1;AB;2025;967;2025-04-13 08:00:00;00;FC
1;AB;2025;967;2025-04-13 10:00:00;01;EM
1;AB;2025;967;2025-04-14 10:00:00;02;CE
1;AB;2025;967;2025-05-08 10:00:00;03;CO
1;AB;2025;968;2025-05-13 08:00:00;00;FC
1;AB;2025;968;2025-05-13 10:00:00;01;EM
1;AB;2025;968;2025-05-14 10:00:00;02;CE
1;AB;2025;968;2025-05-30 10:00:00;03;CO
1;AB;2025;969;2025-06-13 08:00:00;00;FC
1;AB;2025;969;2025-06-13 10:00:00;01;EM
1;AB;2025;969;2025-06-14 10:00:00;02;CE
1;AB;2025;969;2025-06-20 10:00:00;03;CO
1;AB;2025;970;2025-07-13 08:00:00;00;FC
1;AB;2025;970;2025-07-13 10:00:00;01;EM
1;AB;2025;970;2025-07-14 10:00:00;02;CE
1;AB;2025;970;2025-08-01 10:00:00;03;CO
1;AB;2025;971;2025-08-13 08:00:00;00;FC
1;AB;2025;971;2025-08-13 10:00:00;01;EM
1;AB;2025;971;2025-08-14 10:00:00;02;CE
1;AB;2025;971;2025-08-30 10:00:00;03;CO
1;AB;2025;972;2025-09-13 08:00:00;00;FC
1;AB;2025;972;2025-09-13 10:00:00;01;EM
1;AB;2025;972;2025-09-14 10:00:00;02;CE
1;AB;2025;972;2025-09-30 10:00:00;03;CO
1;AB;2025;973;2025-10-13 08:00:00;00;FC
1;AB;2025;973;2025-10-13 10:00:00;01;EM
1;AB;2025;974;2025-11-13 08:00:00;00;FC
1;AB;2025;974;2025-11-13 10:00:00;01;EM
1;AB;2025;974;2025-11-14 10:00:00;02;CE
1;AB;2025;974;2025-12-13 10:00:00;03;CO
1;AB;2025;975;2025-12-13 08:00:00;00;FC
1;AB;2025;975;2025-12-13 10:00:00;01;EM
1;AB;2025;975;2025-12-14 10:00:00;02;CE
1;AB;2025;975;2025-12-28 10:00:00;20;AJ
1;AB;2026;634;2026-01-13 08:00:00;00;FC
1;AB;2026;634;2026-01-13 10:00:00;01;EM
1;AB;2026;634;2026-01-14 10:00:00;02;CE
1;AB;2026;634;2026-01-20 10:00:00;03;CO
1;AB;2026;635;2026-02-13 08:00:00;00;FC
1;AB;2026;635;2026-02-13 10:00:00;01;EM
1;AB;2026;635;2026-02-14 10:00:00;02;CE
1;AB;2026;635;2026-03-07 10:00:00;03;CO
1;AB;2026;636;2026-03-13 08:00:00;00;FC
1;AB;2026;636;2026-03-13 10:00:00;01;EM
1;AB;2026;636;2026-03-14 10:00:00;02;CE
1;AB;2026;636;2026-03-23 10:00:00;03;CO
1;AB;2026;637;2026-04-13 08:00:00;00;FC
1;AB;2026;637;2026-04-13 10:00:00;01;EM
1;AB;2026;637;2026-04-14 10:00:00;02;CE
1;AB;2026;637;2026-04-24 10:00:00;20;AJ
1;AB;2026;638;2026-05-13 08:00:00;00;FC
1;AB;2026;638;2026-05-13 10:00:00;01;EM
1;AB;2026;638;2026-05-14 10:00:00;02;CE
1;AB;2026;638;2026-06-10 10:00:00;03;CO
1;AB;2026;639;2026-06-13 08:00:00;00;FC
1;AB;2026;639;2026-06-13 10:00:00;01;EM
1;AB;2026;639;2026-06-14 10:00:00;02;CE
1;AB;2026;639;2026-07-12 10:00:00;03;CO
1;AB;2026;640;2026-07-13 08:00:00;00;FC
1;AB;2026;640;2026-07-13 10:00:00;01;EM
1;AB;2026;640;2026-07-14 10:00:00;02;CE
1;AB;2026;640;2026-07-27 10:00:00;03;CO
1;AB;2026;641;2026-08-13 08:00:00;00;FC
1;AB;2026;641;2026-08-13 10:00:00;01;EM
1;AB;2026;641;2026-08-14 10:00:00;05;CN
1;AB;2021;312;2021-03-13 08:00:00;00;FC
1;AB;2021;312;2021-03-13 10:00:00;01;EM
1;AB;2021;312;2021-03-14 10:00:00;02;CE
1;AB;2021;312;2021-04-02 10:00:00;03;CO
1;AB;2021;313;2021-04-13 08:00:00;00;FC
1;AB;2021;313;2021-04-13 10:00:00;01;EM
1;AB;2021;313;2021-04-14 10:00:00;02;CE
1;AB;2021;313;2021-04-26 10:00:00;03;CO
1;AB;2021;314;2021-05-13 08:00:00;00;FC
1;AB;2021;314;2021-05-13 10:00:00;01;EM
1;AB;2021;314;2021-05-14 10:00:00;02;CE
1;AB;2021;314;2021-05-24 10:00:00;03;CO
1;AB;2021;315;2021-06-13 08:00:00;00;FC
1;AB;2021;315;2021-06-13 10:00:00;01;EM
1;AB;2021;315;2021-06-14 10:00:00;02;CE
1;AB;2021;315;2021-06-28 10:00:00;03;CO
1;AB;2021;316;2021-07-13 08:00:00;00;FC
1;AB;2021;316;2021-07-13 10:00:00;01;EM
1;AB;2021;316;2021-07-14 10:00:00;02;CE
1;AB;2021;316;2021-08-13 10:00:00;03;CO
1;AB;2021;317;2021-08-13 08:00:00;00;FC
1;AB;2021;317;2021-08-13 10:00:00;01;EM
1;AB;2021;317;2021-08-14 10:00:00;02;CE
1;AB;2021;317;2021-09-09 10:00:00;03;CO
1;AB;2021;318;2021-09-13 08:00:00;00;FC
1;AB;2021;318;2021-09-13 10:00:00;01;EM
1;AB;2021;318;2021-09-14 10:00:00;02;CE
1;AB;2021;318;2021-09-25 10:00:00;03;CO
1;AB;2021;319;2021-10-13 08:00:00;00;FC
1;AB;2021;319;2021-10-13 10:00:00;01;EM
1;AB;2021;319;2021-10-14 10:00:00;02;CE
1;AB;2021;319;2021-10-30 10:00:00;03;CO
1;AB;2021;320;2021-11-13 08:00:00;00;FC
1;AB;2021;320;2021-11-13 10:00:00;01;EM
1;AB;2021;320;2021-11-14 10:00:00;02;CE
1;AB;2021;320;2021-11-20 10:00:00;03;CO
1;AB;2021;321;2021-12-13 08:00:00;00;FC
1;AB;2021;321;2021-12-13 10:00:00;01;EM
1;AB;2021;321;2021-12-14 10:00:00;02;CE
1;AB;2021;321;2022-01-06 10:00:00;03;CO
1;AB;2022;489;2022-01-13 08:00:00;00;FC
1;AB;2022;489;2022-01-13 10:00:00;01;EM
1;AB;2022;489;2022-01-14 10:00:00;02;CE
1;AB;2022;489;2022-02-08 10:00:00;03;CO
1;AB;2022;490;2022-02-13 08:00:00;00;FC
1;AB;2022;490;2022-02-13 10:00:00;01;EM
1;AB;2022;490;2022-02-14 10:00:00;02;CE
1;AB;2022;490;2022-02-25 10:00:00;03;CO
1;AB;2022;491;2022-03-13 08:00:00;00;FC
1;AB;2022;491;2022-03-13 10:00:00;01;EM
1;AB;2022;491;2022-03-14 10:00:00;02;CE
1;AB;2022;491;2022-03-21 10:00:00;03;CO
1;AB;2022;492;2022-04-13 08:00:00;00;FC
1;AB;2022;492;2022-04-13 10:00:00;01;EM
1;AB;2022;492;2022-04-14 10:00:00;02;CE
1;AB;2022;492;2022-04-28 10:00:00;03;CO
1;AB;2022;493;2022-05-13 08:00:00;00;FC
1;AB;2022;493;2022-05-13 10:00:00;01;EM
1;AB;2022;493;2022-05-14 10:00:00;02;CE
1;AB;2022;493;2022-05-19 10:00:00;03;CO
1;AB;2022;494;2022-06-13 08:00:00;00;FC
1;AB;2022;494;2022-06-13 10:00:00;01;EM
1;AB;2022;494;2022-06-14 10:00:00;02;CE
1;AB;2022;494;2022-07-11 10:00:00;03;CO
1;AB;2022;495;2022-07-13 08:00:00;00;FC
1;AB;2022;495;2022-07-13 10:00:00;01;EM
1;AB;2022;495;2022-07-14 10:00:00;02;CE
1;AB;2022;495;2022-07-22 10:00:00;03;CO
1;AB;2022;496;2022-08-13 08:00:00;00;FC
1;AB;2022;496;2022-08-13 10:00:00;01;EM
1;AB;2022;496;2022-08-14 10:00:00;02;CE
1;AB;2022;496;2022-08-29 10:00:00;03;CO
1;AB;2022;497;2022-09-13 08:00:00;00;FC
1;AB;2022;497;2022-09-13 10:00:00;01;EM
1;AB;2022;497;2022-09-14 10:00:00;02;CE
1;AB;2022;497;2022-09-30 10:00:00;03;CO
1;AB;2022;498;2022-10-13 08:00:00;00;FC
1;AB;2022;498;2022-10-13 10:00:00;01;EM
1;AB;2022;498;2022-10-14 10:00:00;02;CE
1;AB;2022;498;2022-10-19 10:00:00;03;CO
1;AB;2022;499;2022-11-13 08:00:00;00;FC
1;AB;2022;499;2022-11-13 10:00:00;01;EM
1;AB;2022;499;2022-11-14 10:00:00;02;CE
1;AB;2022;499;2022-11-24 10:00:00;03;CO
1;AB;2022;500;2022-12-13 08:00:00;00;FC
1;AB;2022;500;2022-12-13 10:00:00;01;EM
1;AB;2022;500;2022-12-14 10:00:00;02;CE
1;AB;2022;500;2022-12-23 10:00:00;03;CO
1;AB;2023;663;2023-01-13 08:00:00;00;FC
1;AB;2023;663;2023-01-13 10:00:00;01;EM
1;AB;2023;663;2023-01-14 10:00:00;02;CE
1;AB;2023;663;2023-02-12 10:00:00;03;CO
1;AB;2023;664;2023-02-13 08:00:00;00;FC
1;AB;2023;664;2023-02-13 10:00:00;01;EM
1;AB;2023;664;2023-02-14 10:00:00;02;CE
1;AB;2023;664;2023-02-20 10:00:00;03;CO
1;AB;2023;665;2023-03-13 08:00:00;00;FC
1;AB;2023;665;2023-03-13 10:00:00;01;EM
1;AB;2023;665;2023-03-14 10:00:00;02;CE
1;AB;2023;665;2023-03-24 10:00:00;03;CO
1;AB;2023;666;2023-04-13 08:00:00;00;FC
1;AB;2023;666;2023-04-13 10:00:00;01;EM
1;AB;2023;666;2023-04-14 10:00:00;02;CE
1;AB;2023;666;2023-05-10 10:00:00;03;CO
1;AB;2023;667;2023-05-13 08:00:00;00;FC
1;AB;2023;667;2023-05-13 10:00:00;01;EM
1;AB;2023;667;2023-05-14 10:00:00;02;CE
1;AB;2023;667;2023-05-24 10:00:00;03;CO
1;AB;2023;668;2023-06-13 08:00:00;00;FC
1;AB;2023;668;2023-06-13 10:00:00;01;EM
1;AB;2023;668;2023-06-14 10:00:00;02;CE
1;AB;2023;668;2023-07-07 10:00:00;03;CO
1;AB;2023;669;2023-07-13 08:00:00;00;FC
1;AB;2023;669;2023-07-13 10:00:00;01;EM
1;AB;2023;669;2023-07-14 10:00:00;02;CE
1;AB;2023;669;2023-07-20 10:00:00;03;CO
1;AB;2023;670;2023-08-13 08:00:00;00;FC
1;AB;2023;670;2023-08-13 10:00:00;01;EM
1;AB;2023;670;2023-08-14 10:00:00;02;CE
1;AB;2023;670;2023-09-12 10:00:00;03;CO
1;AB;2023;671;2023-09-13 08:00:00;00;FC
1;AB;2023;671;2023-09-13 10:00:00;01;EM
1;AB;2023;671;2023-09-14 10:00:00;02;CE
1;AB;2023;671;2023-10-06 10:00:00;03;CO
1;AB;2023;672;2023-10-13 08:00:00;00;FC
1;AB;2023;672;2023-10-13 10:00:00;01;EM
1;AB;2023;672;2023-10-14 10:00:00;02;CE
1;AB;2023;672;2023-10-24 10:00:00;03;CO
1;AB;2023;673;2023-11-13 08:00:00;00;FC
1;AB;2023;673;2023-11-13 10:00:00;01;EM
1;AB;2023;673;2023-11-14 10:00:00;02;CE
1;AB;2023;673;2023-12-13 10:00:00;03;CO
1;AB;2023;674;2023-12-13 08:00:00;00;FC
1;AB;2023;674;2023-12-13 10:00:00;01;EM
1;AB;2023;674;2023-12-14 10:00:00;02;CE
1;AB;2023;674;2023-12-20 10:00:00;03;CO
1;AB;2024;842;2024-01-13 08:00:00;00;FC
1;AB;2024;842;2024-01-13 10:00:00;01;EM
1;AB;2024;842;2024-01-14 10:00:00;02;CE
1;AB;2024;842;2024-01-28 10:00:00;03;CO
1;AB;2024;843;2024-02-13 08:00:00;00;FC
1;AB;2024;843;2024-02-13 10:00:00;01;EM
1;AB;2024;843;2024-02-14 10:00:00;02;CE
1;AB;2024;843;2024-03-14 10:00:00;03;CO
1;AB;2024;844;2024-03-13 08:00:00;00;FC
1;AB;2024;844;2024-03-13 10:00:00;01;EM
1;AB;2024;844;2024-03-14 10:00:00;02;CE
1;AB;2024;844;2024-03-25 10:00:00;03;CO
1;AB;2024;845;2024-04-13 08:00:00;00;FC
1;AB;2024;845;2024-04-13 10:00:00;01;EM
1;AB;2024;845;2024-04-14 10:00:00;02;CE
1;AB;2024;845;2024-04-19 10:00:00;03;CO
1;AB;2024;846;2024-05-13 08:00:00;00;FC
1;AB;2024;846;2024-05-13 10:00:00;01;EM
1;AB;2024;846;2024-05-14 10:00:00;02;CE
1;AB;2024;846;2024-05-22 10:00:00;03;CO
1;AB;2024;847;2024-06-13 08:00:00;00;FC
1;AB;2024;847;2024-06-13 10:00:00;01;EM
1;AB;2024;847;2024-06-14 10:00:00;02;CE
1;AB;2024;847;2024-06-22 10:00:00;03;CO
1;AB;2024;848;2024-07-13 08:00:00;00;FC
1;AB;2024;848;2024-07-13 10:00:00;01;EM
1;AB;2024;848;2024-07-14 10:00:00;02;CE
1;AB;2024;848;2024-08-07 10:00:00;03;CO
1;AB;2024;849;2024-08-13 08:00:00;00;FC
1;AB;2024;849;2024-08-13 10:00:00;01;EM
1;AB;2024;849;2024-08-14 10:00:00;02;CE
1;AB;2024;849;2024-08-19 10:00:00;03;CO
1;AB;2024;850;2024-09-13 08:00:00;00;FC
1;AB;2024;850;2024-09-13 10:00:00;01;EM
1;AB;2024;850;2024-09-14 10:00:00;02;CE
1;AB;2024;850;2024-10-12 10:00:00;03;CO
1;AB;2024;851;2024-10-13 08:00:00;00;FC
1;AB;2024;851;2024-10-13 10:00:00;01;EM
1;AB;2024;851;2024-10-14 10:00:00;02;CE
1;AB;2024;851;2024-11-04 10:00:00;03;CO
1;AB;2024;852;2024-11-13 08:00:00;00;FC
1;AB;2024;852;2024-11-13 10:00:00;01;EM
1;AB;2024;852;2024-11-14 10:00:00;02;CE
1;AB;2024;852;2024-11-28 10:00:00;03;CO
1;AB;2024;853;2024-12-13 08:00:00;00;FC
1;AB;2024;853;2024-12-13 10:00:00;01;EM
1;AB;2024;853;2024-12-14 10:00:00;02;CE
1;AB;2024;853;2024-12-20 10:00:00;03;CO
1;AB;2025;976;2025-01-13 08:00:00;00;FC
1;AB;2025;976;2025-01-13 10:00:00;01;EM
1;AB;2025;976;2025-01-14 10:00:00;02;CE
1;AB;2025;976;2025-02-03 10:00:00;03;CO
1;AB;2025;977;2025-02-13 08:00:00;00;FC
1;AB;2025;977;2025-02-13 10:00:00;01;EM
1;AB;2025;977;2025-02-14 10:00:00;02;CE
1;AB;2025;977;2025-03-11 10:00:00;03;CO
1;AB;2025;978;2025-03-13 08:00:00;00;FC
1;AB;2025;978;2025-03-13 10:00:00;01;EM
1;AB;2025;978;2025-03-14 10:00:00;02;CE
1;AB;2025;978;2025-04-03 10:00:00;03;CO
1;AB;2025;979;2025-04-13 08:00:00;00;FC
1;AB;2025;979;2025-04-13 10:00:00;01;EM
1;AB;2025;979;2025-04-14 10:00:00;02;CE
1;AB;2025;979;2025-05-12 10:00:00;03;CO
1;AB;2025;980;2025-05-13 08:00:00;00;FC
1;AB;2025;980;2025-05-13 10:00:00;01;EM
1;AB;2025;980;2025-05-14 10:00:00;02;CE
1;AB;2025;980;2025-06-08 10:00:00;03;CO
1;AB;2025;981;2025-06-13 08:00:00;00;FC
1;AB;2025;981;2025-06-13 10:00:00;01;EM
1;AB;2025;981;2025-06-14 10:00:00;02;CE
1;AB;2025;981;2025-07-13 10:00:00;03;CO
1;AB;2025;982;2025-07-13 08:00:00;00;FC
1;AB;2025;982;2025-07-13 10:00:00;01;EM
1;AB;2025;982;2025-07-14 10:00:00;02;CE
1;AB;2025;982;2025-08-08 10:00:00;03;CO
1;AB;2025;983;2025-08-13 08:00:00;00;FC
1;AB;2025;983;2025-08-13 10:00:00;01;EM
1;AB;2025;983;2025-08-14 10:00:00;02;CE
1;AB;2025;983;2025-08-25 10:00:00;03;CO
1;AB;2025;984;2025-09-13 08:00:00;00;FC
1;AB;2025;984;2025-09-13 10:00:00;01;EM
1;AB;2025;984;2025-09-14 10:00:00;02;CE
1;AB;2025;984;2025-10-02 10:00:00;03;CO
1;AB;2025;985;2025-10-13 08:00:00;00;FC
1;AB;2025;985;2025-10-13 10:00:00;01;EM
1;AB;2025;985;2025-10-14 10:00:00;02;CE
1;AB;2025;985;2025-11-05 10:00:00;03;CO
1;AB;2025;986;2025-11-13 08:00:00;00;FC
1;AB;2025;986;2025-11-13 10:00:00;01;EM
1;AB;2025;986;2025-11-14 10:00:00;02;CE
1;AB;2025;986;2025-12-01 10:00:00;03;CO
1;AB;2025;987;2025-12-13 08:00:00;00;FC
1;AB;2025;987;2025-12-13 10:00:00;01;EM
1;AB;2025;987;2025-12-14 10:00:00;02;CE
1;AB;2025;987;2026-01-05 10:00:00;03;CO
1;AB;2026;642;2026-01-13 08:00:00;00;FC
1;AB;2026;642;2026-01-13 10:00:00;01;EM
1;AB;2026;643;2026-02-13 08:00:00;00;FC
1;AB;2026;643;2026-02-13 10:00:00;01;EM
1;AB;2026;643;2026-02-14 10:00:00;02;CE
1;AB;2026;643;2026-02-27 10:00:00;03;CO
1;AB;2026;644;2026-03-13 08:00:00;00;FC
1;AB;2026;644;2026-03-13 10:00:00;01;EM
1;AB;2026;644;2026-03-14 10:00:00;02;CE
1;AB;2026;644;2026-03-21 10:00:00;03;CO
1;AB;2026;645;2026-04-13 08:00:00;00;FC
1;AB;2026;645;2026-04-13 10:00:00;01;EM
1;AB;2026;645;2026-04-14 10:00:00;02;CE
1;AB;2026;645;2026-04-26 10:00:00;03;CO
1;AB;2026;646;2026-05-13 08:00:00;00;FC
1;AB;2026;646;2026-05-13 10:00:00;01;EM
1;AB;2026;646;2026-05-14 10:00:00;02;CE
1;AB;2026;646;2026-06-09 10:00:00;03;CO
1;AB;2026;647;2026-06-13 08:00:00;00;FC
1;AB;2026;647;2026-06-13 10:00:00;01;EM
1;AB;2026;647;2026-06-14 10:00:00;02;CE
1;AB;2026;647;2026-07-06 10:00:00;03;CO
1;AB;2026;648;2026-07-13 08:00:00;00;FC
1;AB;2026;648;2026-07-13 10:00:00;01;EM
1;AB;2026;648;2026-07-14 10:00:00;02;CE
1;AB;2026;648;2026-08-16 10:00:00;04;DV
1;AB;2026;649;2026-08-13 08:00:00;00;FC
1;AB;2026;649;2026-08-13 10:00:00;01;EM
1;AB;2026;649;2026-08-14 10:00:00;02;CE
1;AB;2026;649;2026-08-23 10:00:00;03;CO
1;AB;2022;501;2022-04-13 08:00:00;00;FC
1;AB;2022;501;2022-04-13 10:00:00;01;EM
1;AB;2022;501;2022-04-14 10:00:00;02;CE
1;AB;2022;501;2022-05-06 10:00:00;03;CO
1;AB;2022;502;2022-05-13 08:00:00;00;FC
1;AB;2022;502;2022-05-13 10:00:00;01;EM
1;AB;2022;502;2022-05-14 10:00:00;02;CE
1;AB;2022;502;2022-06-08 10:00:00;03;CO
1;AB;2022;503;2022-06-13 08:00:00;00;FC
1;AB;2022;503;2022-06-13 10:00:00;01;EM
1;AB;2022;503;2022-06-14 10:00:00;02;CE
1;AB;2022;503;2022-07-12 10:00:00;03;CO
1;AB;2022;504;2022-07-13 08:00:00;00;FC
1;AB;2022;504;2022-07-13 10:00:00;01;EM
1;AB;2022;504;2022-07-14 10:00:00;02;CE
1;AB;2022;504;2022-07-25 10:00:00;03;CO
1;AB;2022;505;2022-08-13 08:00:00;00;FC
1;AB;2022;505;2022-08-13 10:00:00;01;EM
1;AB;2022;505;2022-08-14 10:00:00;02;CE
1;AB;2022;505;2022-09-12 10:00:00;03;CO
1;AB;2022;506;2022-09-13 08:00:00;00;FC
1;AB;2022;506;2022-09-13 10:00:00;01;EM
1;AB;2022;506;2022-09-14 10:00:00;02;CE
1;AB;2022;506;2022-10-11 10:00:00;03;CO
1;AB;2022;507;2022-10-13 08:00:00;00;FC
1;AB;2022;507;2022-10-13 10:00:00;01;EM
1;AB;2022;507;2022-10-14 10:00:00;02;CE
1;AB;2022;507;2022-10-22 10:00:00;03;CO
1;AB;2022;508;2022-11-13 08:00:00;00;FC
1;AB;2022;508;2022-11-13 10:00:00;01;EM
1;AB;2022;508;2022-11-14 10:00:00;02;CE
1;AB;2022;508;2022-11-21 10:00:00;03;CO
1;AB;2022;509;2022-12-13 08:00:00;00;FC
1;AB;2022;509;2022-12-13 10:00:00;01;EM
1;AB;2022;509;2022-12-14 10:00:00;02;CE
1;AB;2022;509;2022-12-23 10:00:00;03;CO
1;AB;2023;675;2023-01-13 08:00:00;00;FC
1;AB;2023;675;2023-01-13 10:00:00;01;EM
1;AB;2023;675;2023-01-14 10:00:00;02;CE
1;AB;2023;675;2023-02-13 10:00:00;03;CO
1;AB;2023;676;2023-02-13 08:00:00;00;FC
1;AB;2023;676;2023-02-13 10:00:00;01;EM
1;AB;2023;676;2023-02-14 10:00:00;02;CE
1;AB;2023;676;2023-03-04 10:00:00;03;CO
1;AB;2023;677;2023-03-13 08:00:00;00;FC
1;AB;2023;677;2023-03-13 10:00:00;01;EM
1;AB;2023;677;2023-03-14 10:00:00;02;CE
1;AB;2023;677;2023-03-29 10:00:00;03;CO
1;AB;2023;678;2023-04-13 08:00:00;00;FC
1;AB;2023;678;2023-04-13 10:00:00;01;EM
1;AB;2023;678;2023-04-14 10:00:00;02;CE
1;AB;2023;678;2023-04-20 10:00:00;03;CO
1;AB;2023;679;2023-05-13 08:00:00;00;FC
1;AB;2023;679;2023-05-13 10:00:00;01;EM
1;AB;2023;679;2023-05-14 10:00:00;02;CE
1;AB;2023;679;2023-05-27 10:00:00;03;CO
1;AB;2023;680;2023-06-13 08:00:00;00;FC
1;AB;2023;680;2023-06-13 10:00:00;01;EM
1;AB;2023;680;2023-06-14 10:00:00;02;CE
1;AB;2023;680;2023-07-02 10:00:00;03;CO
1;AB;2023;681;2023-07-13 08:00:00;00;FC
1;AB;2023;681;2023-07-13 10:00:00;01;EM
1;AB;2023;681;2023-07-14 10:00:00;02;CE
1;AB;2023;681;2023-07-29 10:00:00;03;CO
1;AB;2023;682;2023-08-13 08:00:00;00;FC
1;AB;2023;682;2023-08-13 10:00:00;01;EM
1;AB;2023;682;2023-08-14 10:00:00;02;CE
1;AB;2023;682;2023-08-31 10:00:00;03;CO
1;AB;2023;683;2023-09-13 08:00:00;00;FC
1;AB;2023;683;2023-09-13 10:00:00;01;EM
1;AB;2023;683;2023-09-14 10:00:00;02;CE
1;AB;2023;683;2023-09-23 10:00:00;03;CO
1;AB;2023;684;2023-10-13 08:00:00;00;FC
1;AB;2023;684;2023-10-13 10:00:00;01;EM
1;AB;2023;684;2023-10-14 10:00:00;02;CE
1;AB;2023;684;2023-10-19 10:00:00;03;CO
1;AB;2023;685;2023-11-13 08:00:00;00;FC
1;AB;2023;685;2023-11-13 10:00:00;01;EM
1;AB;2023;685;2023-11-14 10:00:00;02;CE
1;AB;2023;685;2023-12-08 10:00:00;03;CO
1;AB;2023;686;2023-12-13 08:00:00;00;FC
1;AB;2023;686;2023-12-13 10:00:00;01;EM
1;AB;2023;686;2023-12-14 10:00:00;02;CE
1;AB;2023;686;2024-01-11 10:00:00;03;CO
1;AB;2024;854;2024-01-13 08:00:00;00;FC
1;AB;2024;854;2024-01-13 10:00:00;01;EM
1;AB;2024;854;2024-01-14 10:00:00;02;CE
1;AB;2024;854;2024-01-29 10:00:00;03;CO
1;AB;2024;855;2024-02-13 08:00:00;00;FC
1;AB;2024;855;2024-02-13 10:00:00;01;EM
1;AB;2024;855;2024-02-14 10:00:00;02;CE
1;AB;2024;855;2024-02-29 10:00:00;03;CO
1;AB;2024;856;2024-03-13 08:00:00;00;FC
1;AB;2024;856;2024-03-13 10:00:00;01;EM
1;AB;2024;856;2024-03-14 10:00:00;02;CE
1;AB;2024;856;2024-03-29 10:00:00;03;CO
1;AB;2024;857;2024-04-13 08:00:00;00;FC
1;AB;2024;857;2024-04-13 10:00:00;01;EM
1;AB;2024;857;2024-04-14 10:00:00;02;CE
1;AB;2024;857;2024-05-08 10:00:00;03;CO
1;AB;2024;858;2024-05-13 08:00:00;00;FC
1;AB;2024;858;2024-05-13 10:00:00;01;EM
1;AB;2024;858;2024-05-14 10:00:00;02;CE
1;AB;2024;858;2024-05-21 10:00:00;03;CO
1;AB;2024;859;2024-06-13 08:00:00;00;FC
1;AB;2024;859;2024-06-13 10:00:00;01;EM
1;AB;2024;859;2024-06-14 10:00:00;02;CE
1;AB;2024;859;2024-07-06 10:00:00;03;CO
1;AB;2024;860;2024-07-13 08:00:00;00;FC
1;AB;2024;860;2024-07-13 10:00:00;01;EM
1;AB;2024;860;2024-07-14 10:00:00;02;CE
1;AB;2024;860;2024-07-21 10:00:00;03;CO
1;AB;2024;861;2024-08-13 08:00:00;00;FC
1;AB;2024;861;2024-08-13 10:00:00;01;EM
1;AB;2024;861;2024-08-14 10:00:00;02;CE
1;AB;2024;861;2024-09-10 10:00:00;03;CO
1;AB;2024;862;2024-09-13 08:00:00;00;FC
1;AB;2024;862;2024-09-13 10:00:00;01;EM
1;AB;2024;862;2024-09-14 10:00:00;02;CE
1;AB;2024;862;2024-10-14 10:00:00;03;CO
1;AB;2024;863;2024-10-13 08:00:00;00;FC
1;AB;2024;863;2024-10-13 10:00:00;01;EM
1;AB;2024;863;2024-10-14 10:00:00;02;CE
1;AB;2024;863;2024-11-04 10:00:00;03;CO
1;AB;2024;864;2024-11-13 08:00:00;00;FC
1;AB;2024;864;2024-11-13 10:00:00;01;EM
1;AB;2024;864;2024-11-14 10:00:00;02;CE
1;AB;2024;864;2024-11-29 10:00:00;03;CO
1;AB;2024;865;2024-12-13 08:00:00;00;FC
1;AB;2024;865;2024-12-13 10:00:00;01;EM
1;AB;2024;865;2024-12-14 10:00:00;02;CE
1;AB;2024;865;2024-12-19 10:00:00;03;CO
1;AB;2025;988;2025-01-13 08:00:00;00;FC
1;AB;2025;988;2025-01-13 10:00:00;01;EM
1;AB;2025;988;2025-01-14 10:00:00;02;CE
1;AB;2025;988;2025-02-03 10:00:00;03;CO
1;AB;2025;989;2025-02-13 08:00:00;00;FC
1;AB;2025;989;2025-02-13 10:00:00;01;EM
1;AB;2025;989;2025-02-14 10:00:00;02;CE
1;AB;2025;989;2025-02-26 10:00:00;03;CO
1;AB;2025;990;2025-03-13 08:00:00;00;FC
1;AB;2025;990;2025-03-13 10:00:00;01;EM
1;AB;2025;990;2025-03-14 10:00:00;02;CE
1;AB;2025;990;2025-03-26 10:00:00;03;CO
1;AB;2025;991;2025-04-13 08:00:00;00;FC
1;AB;2025;991;2025-04-13 10:00:00;01;EM
1;AB;2025;991;2025-04-14 10:00:00;02;CE
1;AB;2025;991;2025-05-06 10:00:00;03;CO
1;AB;2025;992;2025-04-20 08:00:00;00;FC
1;AB;2025;992;2025-04-20 10:00:00;01;EM
1;AB;2025;992;2025-04-21 10:00:00;02;CE
1;AB;2025;992;2025-05-02 10:00:00;03;CO
1;AB;2023;687;2023-05-13 08:00:00;00;FC
1;AB;2023;687;2023-05-13 10:00:00;01;EM
1;AB;2023;687;2023-05-14 10:00:00;02;CE
1;AB;2023;687;2023-06-06 10:00:00;03;CO
1;AB;2023;688;2023-06-13 08:00:00;00;FC
1;AB;2023;688;2023-06-13 10:00:00;01;EM
1;AB;2023;688;2023-06-14 10:00:00;02;CE
1;AB;2023;688;2023-07-01 10:00:00;03;CO
1;AB;2023;689;2023-07-13 08:00:00;00;FC
1;AB;2023;689;2023-07-13 10:00:00;01;EM
1;AB;2023;689;2023-07-14 10:00:00;02;CE
1;AB;2023;689;2023-08-05 10:00:00;03;CO
1;AB;2023;690;2023-08-13 08:00:00;00;FC
1;AB;2023;690;2023-08-13 10:00:00;01;EM
1;AB;2023;690;2023-08-14 10:00:00;02;CE
1;AB;2023;690;2023-08-20 10:00:00;03;CO
1;AB;2023;691;2023-09-13 08:00:00;00;FC
1;AB;2023;691;2023-09-13 10:00:00;01;EM
1;AB;2023;691;2023-09-14 10:00:00;02;CE
1;AB;2023;691;2023-10-13 10:00:00;03;CO
1;AB;2023;692;2023-10-13 08:00:00;00;FC
1;AB;2023;692;2023-10-13 10:00:00;01;EM
1;AB;2023;692;2023-10-14 10:00:00;02;CE
1;AB;2023;692;2023-11-11 10:00:00;03;CO
1;AB;2023;693;2023-11-13 08:00:00;00;FC
1;AB;2023;693;2023-11-13 10:00:00;01;EM
1;AB;2023;693;2023-11-14 10:00:00;02;CE
1;AB;2023;693;2023-12-06 10:00:00;03;CO
1;AB;2023;694;2023-12-13 08:00:00;00;FC
1;AB;2023;694;2023-12-13 10:00:00;01;EM
1;AB;2023;694;2023-12-14 10:00:00;02;CE
1;AB;2023;694;2024-01-01 10:00:00;03;CO
1;AB;2024;866;2024-01-13 08:00:00;00;FC
1;AB;2024;866;2024-01-13 10:00:00;01;EM
1;AB;2024;866;2024-01-14 10:00:00;02;CE
1;AB;2024;866;2024-01-28 10:00:00;03;CO
1;AB;2024;867;2024-02-13 08:00:00;00;FC
1;AB;2024;867;2024-02-13 10:00:00;01;EM
1;AB;2024;867;2024-02-14 10:00:00;02;CE
1;AB;2024;867;2024-02-20 10:00:00;03;CO
1;AB;2024;868;2024-03-13 08:00:00;00;FC
1;AB;2024;868;2024-03-13 10:00:00;01;EM
1;AB;2024;868;2024-03-14 10:00:00;02;CE
1;AB;2024;868;2024-04-05 10:00:00;03;CO
1;AB;2024;869;2024-04-13 08:00:00;00;FC
1;AB;2024;869;2024-04-13 10:00:00;01;EM
1;AB;2024;869;2024-04-14 10:00:00;02;CE
1;AB;2024;869;2024-05-13 10:00:00;03;CO
1;AB;2024;870;2024-05-13 08:00:00;00;FC
1;AB;2024;870;2024-05-13 10:00:00;01;EM
1;AB;2024;870;2024-05-14 10:00:00;02;CE
1;AB;2024;870;2024-05-30 10:00:00;03;CO
1;AB;2024;871;2024-06-13 08:00:00;00;FC
1;AB;2024;871;2024-06-13 10:00:00;01;EM
1;AB;2024;871;2024-06-14 10:00:00;02;CE
1;AB;2024;871;2024-07-01 10:00:00;03;CO
1;AB;2024;872;2024-07-13 08:00:00;00;FC
1;AB;2024;872;2024-07-13 10:00:00;01;EM
1;AB;2024;872;2024-07-14 10:00:00;02;CE
1;AB;2024;872;2024-08-07 10:00:00;03;CO
1;AB;2024;873;2024-08-13 08:00:00;00;FC
1;AB;2024;873;2024-08-13 10:00:00;01;EM
1;AB;2024;873;2024-08-14 10:00:00;02;CE
1;AB;2024;873;2024-08-28 10:00:00;03;CO
1;AB;2024;874;2024-09-13 08:00:00;00;FC
1;AB;2024;874;2024-09-13 10:00:00;01;EM
1;AB;2024;874;2024-09-14 10:00:00;02;CE
1;AB;2024;874;2024-10-01 10:00:00;03;CO
1;AB;2024;875;2024-10-13 08:00:00;00;FC
1;AB;2024;875;2024-10-13 10:00:00;01;EM
1;AB;2024;875;2024-10-14 10:00:00;02;CE
1;AB;2024;875;2024-11-13 10:00:00;03;CO
1;AB;2024;876;2024-11-11 08:00:00;00;FC
1;AB;2024;876;2024-11-11 10:00:00;01;EM
1;AB;2024;876;2024-11-12 10:00:00;02;CE
1;AB;2024;876;2024-12-07 10:00:00;03;CO
1;AB;2024;877;2024-06-13 08:00:00;00;FC
1;AB;2024;877;2024-06-13 10:00:00;01;EM
1;AB;2024;877;2024-06-14 10:00:00;02;CE
1;AB;2024;877;2024-07-05 10:00:00;03;CO
1;AB;2024;878;2024-07-13 08:00:00;00;FC
1;AB;2024;878;2024-07-13 10:00:00;01;EM
1;AB;2024;878;2024-07-14 10:00:00;02;CE
1;AB;2024;878;2024-08-02 10:00:00;03;CO
1;AB;2024;879;2024-08-13 08:00:00;00;FC
1;AB;2024;879;2024-08-13 10:00:00;01;EM
1;AB;2024;879;2024-08-14 10:00:00;02;CE
1;AB;2024;879;2024-08-31 10:00:00;03;CO
1;AB;2024;880;2024-09-13 08:00:00;00;FC
1;AB;2024;880;2024-09-13 10:00:00;01;EM
1;AB;2024;880;2024-09-14 10:00:00;02;CE
1;AB;2024;880;2024-09-23 10:00:00;03;CO
1;AB;2024;881;2024-10-13 08:00:00;00;FC
1;AB;2024;881;2024-10-13 10:00:00;01;EM
1;AB;2024;881;2024-10-14 10:00:00;02;CE
1;AB;2024;881;2024-11-01 10:00:00;03;CO
1;AB;2024;882;2024-11-13 08:00:00;00;FC
1;AB;2024;882;2024-11-13 10:00:00;01;EM
1;AB;2024;882;2024-11-14 10:00:00;02;CE
1;AB;2024;882;2024-12-01 10:00:00;03;CO
1;AB;2024;883;2024-12-13 08:00:00;00;FC
1;AB;2024;883;2024-12-13 10:00:00;01;EM
1;AB;2024;883;2024-12-14 10:00:00;02;CE
1;AB;2024;883;2024-12-22 10:00:00;03;CO
1;AB;2025;993;2025-01-13 08:00:00;00;FC
1;AB;2025;993;2025-01-13 10:00:00;01;EM
1;AB;2025;993;2025-01-14 10:00:00;02;CE
1;AB;2025;993;2025-02-06 10:00:00;03;CO
1;AB;2025;994;2025-02-13 08:00:00;00;FC
1;AB;2025;994;2025-02-13 10:00:00;01;EM
1;AB;2025;994;2025-02-14 10:00:00;02;CE
1;AB;2025;994;2025-02-25 10:00:00;03;CO
1;AB;2025;995;2025-03-13 08:00:00;00;FC
1;AB;2025;995;2025-03-13 10:00:00;01;EM
1;AB;2025;995;2025-03-14 10:00:00;02;CE
1;AB;2025;995;2025-04-03 10:00:00;03;CO
1;AB;2025;996;2025-04-13 08:00:00;00;FC
1;AB;2025;996;2025-04-13 10:00:00;01;EM
1;AB;2025;996;2025-04-14 10:00:00;02;CE
1;AB;2025;996;2025-04-19 10:00:00;03;CO
1;AB;2025;997;2025-05-13 08:00:00;00;FC
1;AB;2025;997;2025-05-13 10:00:00;01;EM
1;AB;2025;997;2025-05-14 10:00:00;02;CE
1;AB;2025;997;2025-05-22 10:00:00;03;CO
1;AB;2025;998;2025-06-13 08:00:00;00;FC
1;AB;2025;998;2025-06-13 10:00:00;01;EM
1;AB;2025;998;2025-06-14 10:00:00;02;CE
1;AB;2025;998;2025-06-30 10:00:00;03;CO
1;AB;2025;999;2025-07-13 08:00:00;00;FC
1;AB;2025;999;2025-07-13 10:00:00;01;EM
1;AB;2025;999;2025-07-14 10:00:00;02;CE
1;AB;2025;999;2025-07-23 10:00:00;03;CO
1;AB;2025;1000;2025-08-13 08:00:00;00;FC
1;AB;2025;1000;2025-08-13 10:00:00;01;EM
1;AB;2025;1000;2025-08-14 10:00:00;02;CE
1;AB;2025;1000;2025-09-04 10:00:00;03;CO
1;AB;2025;1001;2025-09-13 08:00:00;00;FC
1;AB;2025;1001;2025-09-13 10:00:00;01;EM
1;AB;2025;1001;2025-09-14 10:00:00;02;CE
1;AB;2025;1001;2025-10-10 10:00:00;03;CO
1;AB;2025;1002;2025-10-13 08:00:00;00;FC
1;AB;2025;1002;2025-10-13 10:00:00;01;EM
1;AB;2025;1002;2025-10-14 10:00:00;02;CE
1;AB;2025;1002;2025-11-05 10:00:00;03;CO
1;AB;2025;1003;2025-11-13 08:00:00;00;FC
1;AB;2025;1003;2025-11-13 10:00:00;01;EM
1;AB;2025;1003;2025-11-14 10:00:00;02;CE
1;AB;2025;1003;2025-12-02 10:00:00;03;CO
1;AB;2025;1004;2025-12-13 08:00:00;00;FC
1;AB;2025;1004;2025-12-13 10:00:00;01;EM
1;AB;2025;1004;2025-12-14 10:00:00;02;CE
1;AB;2025;1004;2025-12-23 10:00:00;03;CO
1;AB;2026;650;2026-01-13 08:00:00;00;FC
1;AB;2026;650;2026-01-13 10:00:00;01;EM
1;AB;2026;650;2026-01-14 10:00:00;02;CE
1;AB;2026;650;2026-02-01 10:00:00;04;DV
1;AB;2026;651;2026-02-13 08:00:00;00;FC
1;AB;2026;651;2026-02-13 10:00:00;01;EM
1;AB;2026;651;2026-02-14 10:00:00;02;CE
1;AB;2026;651;2026-03-11 10:00:00;03;CO
1;AB;2026;652;2026-03-13 08:00:00;00;FC
1;AB;2026;652;2026-03-13 10:00:00;01;EM
1;AB;2026;653;2026-04-13 08:00:00;00;FC
1;AB;2026;653;2026-04-13 10:00:00;01;EM
1;AB;2026;653;2026-04-14 10:00:00;02;CE
1;AB;2026;653;2026-04-27 10:00:00;03;CO
1;AB;2026;654;2026-05-13 08:00:00;00;FC
1;AB;2026;654;2026-05-13 10:00:00;01;EM
1;AB;2026;654;2026-05-14 10:00:00;02;CE
1;AB;2026;654;2026-06-03 10:00:00;03;CO
1;AB;2026;655;2026-06-13 08:00:00;00;FC
1;AB;2026;655;2026-06-13 10:00:00;01;EM
1;AB;2026;655;2026-06-14 10:00:00;02;CE
1;AB;2026;655;2026-07-13 10:00:00;03;CO
1;AB;2026;656;2026-07-13 08:00:00;00;FC
1;AB;2026;656;2026-07-13 10:00:00;01;EM
1;AB;2026;656;2026-07-14 10:00:00;02;CE
1;AB;2026;656;2026-07-31 10:00:00;03;CO
1;AB;2026;657;2026-08-13 08:00:00;00;FC
1;AB;2026;657;2026-08-13 10:00:00;01;EM
1;AB;2026;657;2026-08-14 10:00:00;02;CE
1;AB;2026;657;2026-08-31 10:00:00;04;DV
